Accident_ID,Date,Time,Location,Weather,Road_Type,Vehicle_Type,Driver_Age,Severity,Casualties,Speed_Limit
0,0,1338,3,3,2,3,37,1,2,60
1111,1,1418,0,2,0,1,33,2,2,60
2222,2,755,3,3,2,0,63,1,4,40
3333,3,264,3,0,1,1,56,2,0,40
4444,4,52,1,2,0,3,66,0,3,100
5555,5,1404,1,0,2,1,22,2,1,60
6666,6,797,0,0,1,3,30,2,2,60
7777,7,79,1,0,2,2,66,2,0,40
8888,8,1022,2,0,0,1,55,1,0,100
1,9,473,0,0,2,2,46,1,1,100
112,10,1351,4,2,0,3,21,1,4,100
223,11,1061,4,0,1,3,21,1,3,60
334,12,72,2,1,1,1,29,0,2,100
445,13,172,3,3,2,0,52,0,4,60
556,14,1004,4,0,0,0,60,0,0,40
667,15,352,3,2,2,3,22,1,3,60
778,16,1036,4,3,2,0,63,0,4,60
889,17,746,3,2,1,3,36,2,3,100
1000,18,178,2,0,1,0,51,0,1,40
1112,19,1073,4,2,0,3,66,1,0,80
1223,20,60,1,3,0,0,19,1,0,80
1334,21,1271,2,3,1,0,39,0,4,80
1445,22,44,0,1,0,0,45,2,1,80
1556,23,64,2,1,0,2,56,1,1,40
1667,24,648,3,1,1,3,38,0,2,100
1778,25,895,3,3,2,3,53,0,1,40
1889,26,374,4,3,0,0,51,2,1,60
2000,27,384,2,1,0,3,31,1,0,40
2111,28,433,2,2,0,1,24,2,0,80
2223,29,1355,2,3,2,2,46,2,3,60
2334,30,701,2,3,0,3,58,2,2,80
2445,31,722,1,2,1,1,50,1,4,80
2556,32,1114,2,1,0,3,44,0,0,80
2667,33,1139,4,2,0,1,28,1,4,60
2778,34,1047,0,3,1,3,44,2,3,80
2889,35,159,4,0,0,1,38,1,4,80
3000,36,1308,0,0,2,0,46,1,0,80
3111,37,1124,2,1,1,3,40,0,4,80
3222,38,911,4,3,0,1,62,2,3,80
3334,39,455,0,0,2,3,45,2,2,40
3445,40,553,0,0,0,1,23,1,1,40
3556,41,261,1,2,1,3,20,2,4,100
3667,42,280,4,3,0,3,49,0,0,100
3778,43,270,2,0,0,1,32,2,4,60
3889,44,1088,3,0,2,2,62,1,0,100
4000,45,819,2,1,0,0,25,1,2,80
4111,46,158,2,3,1,0,23,0,1,60
4222,47,1022,2,0,2,2,69,0,1,80
4333,48,940,2,1,2,0,64,1,3,80
4445,49,1131,3,1,2,1,55,2,4,60
4556,50,293,0,3,2,3,52,0,2,100
4667,51,714,1,0,2,3,32,1,0,80
4778,52,1295,4,0,1,1,25,0,3,60
4889,53,1068,3,1,1,1,54,2,4,40
5000,54,975,3,0,2,2,47,0,1,40
5111,55,820,0,2,0,2,54,0,1,80
5222,56,492,0,2,0,0,23,0,2,60
5333,57,776,1,0,1,2,62,2,1,100
5444,58,30,3,1,1,0,31,1,2,80
5556,59,1215,4,1,0,1,22,2,2,40
5667,60,485,0,1,2,2,39,0,3,60
5778,61,371,4,1,0,3,49,0,0,80
5889,62,1342,2,1,1,2,37,2,3,40
6000,63,663,0,0,1,0,19,2,4,100
6111,64,795,4,3,0,2,46,1,1,80
6222,65,1294,4,1,0,1,68,1,3,80
6333,66,1322,1,0,0,0,68,2,1,60
6444,67,1189,4,1,0,3,22,1,1,60
6555,68,1167,4,2,0,0,42,1,3,60
6667,69,487,4,1,0,0,41,2,4,100
6778,70,970,1,1,0,3,42,0,3,40
6889,71,395,2,0,0,2,64,0,4,60
7000,72,1098,0,3,0,0,33,1,1,40
7111,73,696,2,3,2,0,66,2,2,100
7222,74,488,0,1,1,2,51,1,2,60
7333,75,117,1,1,2,2,48,0,4,60
7444,76,198,1,3,0,0,52,1,3,80
7555,77,1415,1,1,0,1,54,2,0,80
7666,78,521,4,3,1,2,38,0,3,80
7778,79,1018,3,1,0,3,33,1,1,80
7889,80,802,2,1,0,0,69,0,2,100
8000,81,180,4,2,0,1,22,0,0,100
8111,82,1049,2,0,0,3,67,1,1,60
8222,83,768,2,1,0,0,37,0,4,80
8333,84,13,2,0,1,0,22,0,1,60
8444,85,101,0,0,0,2,25,0,2,60
8555,86,1161,2,3,2,0,55,1,3,40
8666,87,124,2,2,0,1,69,2,1,40
8777,88,224,0,2,2,1,28,0,0,100
8889,89,659,1,0,1,3,39,1,3,40
9000,90,925,0,3,0,2,34,1,3,60
9043,91,387,4,0,0,0,57,1,2,80
9054,92,729,3,3,1,3,45,0,3,100
9065,93,1308,0,3,2,3,35,2,0,100
9076,94,488,2,2,2,0,47,2,4,80
9087,95,1430,2,1,0,2,25,2,1,40
9098,96,128,1,1,0,2,51,0,2,40
9109,97,590,4,1,0,0,67,1,3,80
9120,98,883,3,2,0,0,43,2,1,40
2,99,133,0,2,2,0,65,1,2,40
13,100,363,4,1,0,3,48,2,1,100
24,101,1019,3,3,0,2,54,2,1,100
35,102,547,2,0,0,0,31,0,3,40
46,103,180,4,1,1,1,51,2,0,40
57,104,335,3,2,1,0,26,2,3,80
68,105,1083,0,1,0,2,41,1,1,60
79,106,789,3,3,2,3,65,0,1,100
90,107,1242,4,2,2,1,65,1,0,60
101,108,1234,1,2,0,3,60,0,2,80
113,109,441,4,0,1,0,26,2,4,60
124,110,1051,1,0,0,0,47,1,1,40
135,111,621,1,1,1,1,47,2,2,40
146,112,875,3,3,0,0,35,1,4,40
157,113,114,1,1,1,0,57,1,1,40
168,114,927,3,3,2,0,21,1,4,100
179,115,362,4,2,0,2,38,2,4,40
190,116,1250,2,3,0,3,19,2,3,60
201,117,600,0,3,1,0,60,2,3,60
212,118,1289,0,1,2,2,23,2,1,40
224,119,837,2,0,2,3,47,0,3,60
235,120,277,0,0,2,1,68,2,4,100
246,121,170,3,2,1,2,21,2,0,40
257,122,327,4,0,1,3,20,0,1,100
268,123,1316,2,0,2,3,56,1,0,60
279,124,981,1,0,2,3,62,0,1,80
290,125,378,4,1,2,3,53,0,4,80
301,126,605,0,1,2,2,47,2,1,100
312,127,1246,0,1,2,1,32,1,2,60
323,128,276,0,0,0,3,23,1,0,40
335,129,756,3,1,1,0,34,1,4,60
346,130,653,1,3,1,2,35,1,1,100
357,131,418,4,0,0,3,50,1,3,60
368,132,355,1,2,0,2,27,0,4,80
379,133,1299,3,0,1,2,33,2,4,80
390,134,124,2,2,2,2,39,2,1,40
401,135,56,4,0,1,1,60,2,3,40
412,136,17,3,3,0,1,46,0,0,100
423,137,1413,1,0,0,0,66,2,1,40
434,138,742,4,0,0,3,18,2,0,80
446,139,868,0,2,2,0,20,1,2,40
457,140,502,0,3,0,3,21,1,0,40
468,141,50,0,0,1,1,38,1,1,60
479,142,60,3,0,1,3,23,0,0,60
490,143,988,3,0,0,3,44,0,0,40
501,144,312,0,3,2,2,57,2,0,100
512,145,1035,4,2,0,1,48,0,4,80
523,146,369,0,1,1,1,62,2,0,80
534,147,274,2,0,0,2,63,2,1,60
545,148,327,2,0,0,3,21,2,3,40
557,149,1010,3,2,0,2,56,1,3,60
568,150,1108,4,3,2,3,47,0,2,80
579,151,153,3,2,1,1,34,1,3,40
590,152,1206,3,3,0,3,54,0,3,100
601,153,365,3,2,2,1,43,0,0,40
612,154,277,4,3,1,2,50,1,1,60
623,155,27,4,3,1,3,31,0,4,100
634,156,1170,0,3,2,1,27,0,2,80
645,157,432,4,3,2,0,33,1,2,60
656,158,889,1,0,1,1,38,0,2,60
668,159,735,4,3,1,0,39,1,4,60
679,160,1276,0,1,2,1,18,1,4,100
690,161,1012,0,3,2,3,50,2,2,60
701,162,589,0,0,0,0,49,1,1,60
712,163,142,1,3,0,3,32,0,2,80
723,164,709,4,0,1,1,58,2,1,60
734,165,1243,0,2,0,1,19,0,2,40
745,166,106,0,1,0,2,46,2,3,100
756,167,1069,3,1,0,3,68,1,4,100
767,168,512,1,0,0,2,31,1,4,80
779,169,524,1,1,2,1,44,2,4,60
790,170,257,2,0,2,1,43,0,4,80
801,171,134,3,0,1,3,35,2,2,60
812,172,1089,4,0,2,0,55,2,3,80
823,173,1299,3,2,2,1,25,0,3,100
834,174,206,2,2,1,1,18,2,3,80
845,175,884,2,0,0,2,62,1,3,100
856,176,1107,0,3,1,1,58,1,3,40
867,177,1320,4,0,2,3,53,0,0,60
878,178,1408,1,2,0,1,69,2,0,40
890,179,223,3,1,2,3,68,2,4,100
901,180,510,3,3,1,1,18,0,0,100
912,181,1365,1,1,2,0,27,2,4,100
923,182,1213,1,2,2,0,67,2,2,40
934,183,1057,3,2,2,2,18,2,4,80
945,184,968,3,3,1,3,26,2,0,100
956,185,503,1,3,2,2,25,0,2,100
967,186,182,2,1,1,3,54,0,0,80
978,187,996,0,2,0,2,26,1,0,80
989,188,2,1,3,2,1,52,1,3,100
1001,189,232,1,0,0,1,48,1,3,80
1012,190,339,0,1,0,2,42,0,0,60
1023,191,713,1,0,1,3,22,2,3,80
1034,192,384,4,2,0,2,43,1,1,100
1045,193,609,4,0,0,3,23,0,0,40
1056,194,19,3,2,1,1,36,0,1,80
1067,195,1383,4,1,1,2,41,1,1,80
1078,196,225,3,3,2,3,57,2,4,60
1089,197,1019,3,1,0,3,21,0,2,60
1100,198,365,0,1,0,1,26,1,3,80
1113,199,710,0,0,0,0,21,0,1,60
1124,200,128,1,2,1,3,22,2,2,100
1135,201,762,3,2,2,0,20,2,2,60
1146,202,1361,0,0,2,0,21,2,3,40
1157,203,184,2,3,2,3,19,2,2,100
1168,204,243,4,2,2,1,67,0,4,100
1179,205,136,4,2,2,0,32,1,4,60
1190,206,19,3,1,1,0,31,2,2,100
1201,207,1133,4,2,1,3,42,1,0,40
1212,208,435,0,2,1,3,22,1,3,100
1224,209,1078,4,1,0,3,46,2,0,80
1235,210,688,1,2,1,3,28,1,1,40
1246,211,652,2,0,1,1,23,1,3,40
1257,212,492,3,2,0,1,69,0,1,80
1268,213,62,3,0,0,3,20,2,1,60
1279,214,1064,1,1,2,3,56,0,2,40
1290,215,339,2,0,2,1,42,0,3,60
1301,216,572,2,2,1,0,50,2,2,100
1312,217,812,1,3,1,0,20,2,3,80
1323,218,205,3,3,1,0,64,2,3,40
1335,219,665,1,0,0,3,46,1,1,40
1346,220,410,1,2,0,3,42,1,3,80
1357,221,560,4,0,2,2,42,0,4,100
1368,222,783,2,3,2,2,56,2,2,80
1379,223,697,4,2,2,3,37,0,3,80
1390,224,899,0,2,2,2,48,1,2,60
1401,225,540,0,0,0,2,63,0,0,80
1412,226,962,4,0,1,2,47,0,3,100
1423,227,244,3,0,0,0,55,1,1,40
1434,228,72,4,2,2,0,25,2,0,80
1446,229,617,3,2,2,0,23,0,1,80
1457,230,605,1,0,2,1,64,2,4,40
1468,231,1401,3,2,0,2,69,1,4,100
1479,232,773,1,1,2,0,66,1,2,80
1490,233,330,2,1,2,0,44,1,4,40
1501,234,894,0,1,1,3,60,2,2,100
1512,235,899,1,1,2,3,38,1,4,100
1523,236,1060,2,2,2,3,63,1,4,60
1534,237,188,1,2,2,3,24,0,2,60
1545,238,1350,0,1,1,1,62,0,3,100
1557,239,610,3,1,1,3,30,2,0,100
1568,240,496,2,3,0,0,36,0,3,60
1579,241,535,3,0,2,1,50,1,4,60
1590,242,102,3,1,2,1,20,2,1,60
1601,243,887,0,0,1,3,61,2,2,80
1612,244,376,1,1,0,3,20,2,3,80
1623,245,966,3,1,1,2,59,1,0,60
1634,246,192,2,0,0,2,27,1,4,100
1645,247,210,1,3,2,3,54,2,4,40
1656,248,8,3,1,0,3,44,2,4,100
1668,249,479,2,2,2,0,29,2,0,100
1679,250,784,1,0,2,1,20,0,3,40
1690,251,273,1,0,0,0,28,0,2,60
1701,252,1385,3,0,0,3,24,2,3,40
1712,253,504,0,1,2,1,31,0,2,100
1723,254,377,3,0,1,0,29,1,4,60
1734,255,146,4,0,0,3,61,2,3,100
1745,256,747,4,0,1,1,41,1,0,80
1756,257,379,1,0,0,2,43,2,4,100
1767,258,384,0,2,0,3,59,0,0,80
1779,259,584,0,2,1,1,27,1,1,100
1790,260,560,2,2,0,3,50,1,2,100
1801,261,793,0,2,0,1,36,2,1,80
1812,262,875,4,2,0,2,32,1,2,40
1823,263,296,1,3,0,1,65,2,1,40
1834,264,714,0,3,1,2,21,0,3,100
1845,265,664,3,2,0,1,50,0,4,60
1856,266,813,1,3,1,1,20,2,2,40
1867,267,26,0,3,2,0,46,2,2,40
1878,268,8,1,1,2,0,67,2,4,80
1890,269,699,0,1,2,2,20,1,3,80
1901,270,1138,3,0,2,0,22,1,0,60
1912,271,574,3,2,0,2,22,1,3,40
1923,272,1113,3,0,1,3,64,2,4,40
1934,273,11,2,0,0,3,67,0,1,100
1945,274,1062,4,1,0,2,36,0,0,60
1956,275,1205,3,3,2,3,55,0,0,40
1967,276,75,2,3,0,0,41,0,2,100
1978,277,901,0,2,0,0,57,0,2,60
1989,278,418,0,3,0,2,42,2,1,100
2001,279,398,1,0,2,0,61,1,2,80
2012,280,674,2,0,2,2,29,0,0,100
2023,281,1272,2,2,2,0,21,2,0,40
2034,282,1321,4,0,1,1,41,1,3,60
2045,283,1000,0,1,2,1,26,0,4,60
2056,284,450,3,3,2,0,32,1,1,60
2067,285,790,1,1,0,1,51,0,0,60
2078,286,533,1,2,0,0,67,1,0,100
2089,287,825,0,1,1,0,65,0,3,80
2100,288,956,3,2,1,2,43,1,2,60
2112,289,702,0,2,0,3,18,2,4,60
2123,290,136,2,2,2,3,49,0,1,80
2134,291,149,3,1,1,3,47,0,4,100
2145,292,153,2,3,0,2,61,2,2,100
2156,293,367,3,2,1,1,37,1,0,80
2167,294,7,3,0,2,2,61,0,4,80
2178,295,1172,1,2,2,2,43,0,2,60
2189,296,493,2,0,0,3,42,2,4,60
2200,297,792,0,2,0,2,48,2,1,100
2211,298,565,3,3,1,2,31,2,4,100
2224,299,945,0,1,2,1,60,2,0,80
2235,300,813,3,3,1,3,60,1,3,80
2246,301,1044,4,1,0,0,45,0,3,60
2257,302,331,0,2,2,3,38,0,3,100
2268,303,245,2,1,0,0,21,2,2,100
2279,304,1235,1,2,2,0,37,0,4,100
2290,305,128,4,2,0,2,24,1,1,80
2301,306,1396,0,1,2,3,65,0,3,80
2312,307,1025,2,0,0,2,37,0,4,80
2323,308,817,1,3,1,2,22,2,1,40
2335,309,810,2,1,2,2,46,1,1,100
2346,310,679,3,2,1,0,50,0,2,40
2357,311,1016,4,2,1,3,49,2,4,40
2368,312,1031,2,2,2,1,52,0,1,80
2379,313,1263,2,0,1,2,30,0,4,60
2390,314,1245,4,1,2,2,30,0,3,40
2401,315,1400,3,0,2,0,63,2,4,100
2412,316,915,3,0,2,0,47,0,4,100
2423,317,816,3,0,2,0,34,2,4,80
2434,318,802,2,1,0,3,20,0,3,100
2446,319,377,2,1,0,1,31,2,1,60
2457,320,849,4,3,1,3,62,1,2,40
2468,321,1432,3,1,2,2,27,1,2,100
2479,322,921,2,2,0,3,23,0,3,100
2490,323,482,3,0,2,3,21,1,2,80
2501,324,187,2,2,0,1,61,1,1,100
2512,325,1191,3,0,1,2,57,0,3,80
2523,326,1411,2,3,2,0,51,2,4,60
2534,327,760,4,3,2,3,69,2,0,40
2545,328,312,4,1,1,3,34,1,0,100
2557,329,1301,4,0,0,0,29,2,2,100
2568,330,952,4,0,2,3,52,0,0,100
2579,331,82,1,3,1,1,29,2,4,60
2590,332,927,1,3,0,2,53,1,2,100
2601,333,75,3,2,1,3,61,1,0,80
2612,334,1030,4,1,1,3,50,2,0,80
2623,335,754,2,0,0,2,26,2,2,40
2634,336,1369,0,3,1,2,55,1,1,100
2645,337,1306,2,0,2,1,36,0,2,40
2656,338,1252,1,3,2,0,25,0,1,60
2668,339,492,1,2,1,1,24,2,2,60
2679,340,1334,4,3,0,0,58,2,1,40
2690,341,714,0,0,2,1,28,2,4,60
2701,342,957,4,3,1,3,69,0,3,40
2712,343,954,1,1,0,2,38,1,1,80
2723,344,977,3,3,0,2,23,1,4,100
2734,345,679,1,3,1,3,22,2,2,80
2745,346,187,0,3,2,3,34,2,4,60
2756,347,788,1,1,1,1,26,1,1,100
2767,348,820,0,1,1,1,68,2,3,100
2779,349,1264,3,0,2,0,25,1,4,100
2790,350,1215,0,3,2,3,66,1,1,80
2801,351,1425,4,0,2,1,55,1,0,80
2812,352,971,1,2,2,1,53,1,2,100
2823,353,1275,3,2,1,0,51,2,2,40
2834,354,564,1,1,0,1,25,2,0,80
2845,355,60,0,1,0,3,54,1,1,100
2856,356,479,2,3,0,0,30,2,3,100
2867,357,112,0,3,1,0,42,2,2,60
2878,358,20,0,2,1,3,25,0,1,40
2890,359,1219,4,2,1,0,44,1,1,60
2901,360,1179,3,2,0,3,42,2,0,40
2912,361,723,0,0,2,3,56,2,0,60
2923,362,744,3,1,0,0,57,1,1,100
2934,363,224,0,0,2,2,39,2,1,40
2945,364,199,1,0,0,0,46,1,2,100
2956,365,303,4,1,1,1,29,0,1,80
2967,366,1227,4,2,1,0,34,1,4,80
2978,367,361,3,3,1,2,21,0,4,60
2989,368,1374,1,1,2,3,52,2,3,60
3001,369,808,4,0,1,2,26,0,1,100
3012,370,1000,4,2,2,0,33,1,2,80
3023,371,267,2,2,2,0,34,1,1,40
3034,372,1039,3,1,1,0,18,1,2,100
3045,373,423,2,0,1,2,40,2,2,60
3056,374,738,2,3,1,2,30,1,3,60
3067,375,1372,4,1,1,1,53,2,2,80
3078,376,668,1,3,0,0,68,2,2,60
3089,377,543,3,2,0,1,41,1,1,40
3100,378,116,4,3,1,3,47,1,0,60
3112,379,916,1,3,1,3,39,1,1,40
3123,380,1414,3,2,0,3,59,0,0,40
3134,381,524,4,1,1,0,57,2,0,60
3145,382,722,2,1,0,1,49,1,3,40
3156,383,726,2,2,0,2,18,0,2,100
3167,384,1229,1,1,0,0,20,2,0,100
3178,385,1423,1,0,2,3,52,0,0,100
3189,386,587,2,0,0,3,25,0,4,60
3200,387,1252,2,1,0,1,35,2,3,80
3211,388,910,4,3,0,1,67,2,0,40
3223,389,452,2,1,1,3,58,0,3,100
3234,390,305,4,1,0,3,64,0,1,80
3245,391,1033,1,3,1,0,64,0,0,60
3256,392,874,3,3,0,2,46,0,3,40
3267,393,1257,0,1,2,3,37,1,2,80
3278,394,789,1,0,0,2,43,0,2,40
3289,395,46,0,3,2,2,66,2,1,100
3300,396,342,3,3,0,2,50,2,3,40
3311,397,1249,0,1,0,1,54,1,2,40
3322,398,446,1,0,0,2,64,2,0,100
3335,399,352,0,0,2,0,32,1,3,100
3346,400,1273,0,0,0,3,41,0,3,40
3357,401,255,4,0,2,0,43,1,2,100
3368,402,394,0,0,0,2,24,0,0,80
3379,403,381,0,2,2,3,34,2,2,40
3390,404,974,3,2,0,1,60,2,2,40
3401,405,163,1,2,1,3,40,1,3,100
3412,406,141,3,2,2,0,69,2,2,80
3423,407,183,2,1,2,2,53,2,4,40
3434,408,1078,2,2,2,1,45,2,1,60
3446,409,365,3,0,0,1,25,0,3,60
3457,410,591,3,3,0,3,62,0,3,40
3468,411,717,0,3,2,3,67,1,1,100
3479,412,21,3,2,1,0,40,1,3,60
3490,413,19,4,0,0,2,41,2,3,80
3501,414,392,2,0,2,0,42,0,2,100
3512,415,325,4,2,1,2,38,2,4,80
3523,416,103,1,3,1,2,34,1,3,100
3534,417,528,1,1,1,1,61,0,3,60
3545,418,465,3,3,0,3,56,0,4,60
3557,419,295,2,3,2,1,20,0,1,80
3568,420,1326,1,2,1,0,69,0,2,100
3579,421,1094,1,1,2,0,39,1,0,80
3590,422,331,4,3,0,0,20,2,2,100
3601,423,492,2,3,1,3,21,1,4,80
3612,424,874,0,2,1,0,51,1,2,80
3623,425,1250,4,2,0,1,56,0,4,80
3634,426,952,3,1,0,3,66,0,3,80
3645,427,1280,4,3,0,1,49,2,1,60
3656,428,1310,2,3,0,3,35,1,2,40
3668,429,741,0,3,1,2,55,0,1,100
3679,430,27,0,0,2,1,54,2,3,100
3690,431,880,0,3,1,3,41,2,2,100
3701,432,294,2,0,0,3,20,2,0,80
3712,433,1238,1,2,0,3,68,0,2,60
3723,434,170,3,3,0,1,55,2,3,100
3734,435,377,4,3,1,0,30,1,3,80
3745,436,99,1,3,2,3,21,0,3,40
3756,437,466,3,0,2,1,53,1,4,100
3767,438,1243,4,1,2,1,33,1,0,60
3779,439,132,3,2,2,1,49,2,2,40
3790,440,106,0,0,0,2,34,2,2,40
3801,441,1335,3,1,1,3,47,1,1,80
3812,442,554,2,3,2,2,60,0,2,40
3823,443,1221,2,2,0,0,43,0,2,40
3834,444,140,3,2,2,3,53,1,3,80
3845,445,15,4,0,0,3,68,1,1,40
3856,446,1428,1,3,1,0,63,2,2,60
3867,447,631,1,3,1,2,69,1,4,40
3878,448,1278,3,2,1,2,48,0,3,100
3890,449,420,0,1,0,3,49,1,3,40
3901,450,803,0,1,1,0,53,0,3,100
3912,451,434,4,3,1,3,64,1,2,60
3923,452,60,0,1,0,3,41,2,2,100
3934,453,1013,2,2,2,0,65,2,0,60
3945,454,818,1,1,2,0,29,1,4,100
3956,455,1423,1,3,2,3,65,1,0,80
3967,456,6,0,1,1,3,36,2,4,80
3978,457,258,3,3,1,0,21,1,3,80
3989,458,1317,0,2,0,0,65,2,0,60
4001,459,1160,1,0,0,3,59,0,1,40
4012,460,851,4,2,0,0,59,0,1,100
4023,461,570,2,3,1,0,19,2,4,60
4034,462,228,2,1,2,3,25,0,2,100
4045,463,585,3,0,1,3,57,2,4,80
4056,464,988,2,1,2,2,33,2,4,80
4067,465,815,1,0,1,0,40,1,1,60
4078,466,1004,4,1,1,0,26,2,1,40
4089,467,912,2,2,0,3,44,0,4,100
4100,468,1313,2,3,1,0,30,1,3,60
4112,469,790,1,2,0,2,30,0,3,40
4123,470,325,0,2,0,1,50,2,1,40
4134,471,180,3,1,0,3,35,0,3,40
4145,472,268,2,3,0,3,37,2,0,100
4156,473,156,4,1,0,1,59,1,3,60
4167,474,591,2,1,2,3,54,2,3,80
4178,475,977,0,0,1,3,67,0,3,40
4189,476,348,1,0,2,2,30,0,3,80
4200,477,64,4,2,1,3,31,1,3,40
4211,478,697,2,2,0,2,51,2,3,80
4223,479,309,3,2,0,1,65,2,0,60
4234,480,703,1,1,2,3,28,1,4,40
4245,481,803,1,2,2,2,60,0,1,40
4256,482,841,3,2,2,3,28,2,0,80
4267,483,531,0,0,0,2,69,1,3,100
4278,484,1391,1,1,0,2,24,1,2,40
4289,485,488,4,2,0,3,24,1,0,60
4300,486,649,0,3,2,2,60,1,4,80
4311,487,1073,4,0,2,0,68,1,4,40
4322,488,882,2,3,1,2,63,2,2,40
4334,489,741,2,2,2,2,36,2,4,40
4345,490,827,4,0,0,0,46,0,4,60
4356,491,1398,3,1,1,1,52,0,2,60
4367,492,505,4,1,2,2,25,2,1,80
4378,493,1116,1,1,1,2,48,2,2,60
4389,494,380,0,0,2,2,51,2,1,60
4400,495,49,2,1,0,3,40,1,4,40
4411,496,924,2,1,0,3,38,2,1,40
4422,497,298,2,1,0,0,34,2,3,60
4433,498,694,4,2,1,2,54,1,4,100
4446,499,765,0,2,0,2,45,2,3,60
4457,500,1296,1,0,2,3,31,0,3,100
4468,501,126,1,1,2,1,52,0,4,100
4479,502,72,4,0,2,1,49,0,2,80
4490,503,482,4,3,2,2,61,1,0,40
4501,504,879,3,3,1,3,20,1,1,40
4512,505,1283,0,0,1,2,64,0,1,100
4523,506,1207,4,3,1,2,36,1,2,40
4534,507,619,0,2,2,2,42,2,0,60
4545,508,537,4,2,0,2,57,0,0,100
4557,509,1370,1,1,2,0,19,1,0,60
4568,510,812,0,3,1,2,47,0,3,60
4579,511,396,4,1,1,1,24,1,1,60
4590,512,1149,3,0,1,1,47,0,2,100
4601,513,939,2,1,0,1,54,0,3,40
4612,514,1333,0,0,0,2,39,0,1,100
4623,515,8,4,0,2,1,34,0,0,100
4634,516,1180,3,2,0,0,50,0,3,100
4645,517,1343,3,1,1,1,65,0,2,60
4656,518,639,3,3,1,0,51,2,1,60
4668,519,469,1,2,1,0,62,0,4,100
4679,520,383,0,3,0,2,30,0,0,100
4690,521,334,0,0,2,0,46,0,2,60
4701,522,103,3,1,2,0,42,1,2,80
4712,523,1064,1,1,1,1,67,1,2,100
4723,524,410,0,3,2,0,50,2,3,80
4734,525,1294,4,0,2,2,54,2,1,100
4745,526,368,3,1,2,3,42,2,4,60
4756,527,645,4,2,0,1,44,0,2,40
4767,528,1299,3,2,0,1,56,1,4,60
4779,529,378,3,3,0,0,49,1,3,60
4790,530,1073,4,2,2,1,27,2,1,40
4801,531,11,3,2,1,3,45,0,1,60
4812,532,435,1,2,1,2,31,0,0,60
4823,533,770,3,3,1,2,61,0,0,80
4834,534,103,0,3,1,2,46,1,3,100
4845,535,736,3,0,1,2,43,0,0,60
4856,536,320,1,0,0,0,56,2,3,40
4867,537,1381,0,0,1,0,67,2,1,100
4878,538,7,1,1,1,0,32,0,2,100
4890,539,122,4,3,0,2,36,0,3,40
4901,540,180,1,3,0,3,43,2,1,80
4912,541,15,1,2,1,2,21,1,4,100
4923,542,212,0,3,1,1,57,2,1,100
4934,543,241,4,2,1,2,22,1,2,60
4945,544,1279,2,3,0,0,47,1,4,60
4956,545,1161,2,2,2,2,37,0,4,60
4967,546,1291,1,2,1,0,43,0,2,80
4978,547,890,2,3,1,1,46,0,3,60
4989,548,771,1,0,0,2,67,0,0,60
5001,549,1341,1,0,2,1,26,0,1,60
5012,550,884,4,1,1,3,53,1,2,80
5023,551,704,1,1,1,0,47,0,0,100
5034,552,1235,0,2,2,1,65,1,0,100
5045,553,548,3,1,0,3,18,2,3,40
5056,554,310,1,1,1,2,19,1,0,100
5067,555,968,2,0,1,1,31,2,3,60
5078,556,2,4,0,0,3,18,1,1,60
5089,557,885,1,3,1,3,67,2,3,40
5100,558,757,3,2,2,1,23,1,0,60
5112,559,980,1,3,0,1,22,1,4,40
5123,560,456,1,1,0,3,26,2,3,100
5134,561,1091,3,2,1,0,21,0,3,60
5145,562,297,3,1,2,0,32,0,0,100
5156,563,957,4,1,0,1,18,2,1,40
5167,564,1409,3,2,2,2,28,1,4,60
5178,565,1287,3,0,2,2,51,1,4,40
5189,566,1168,3,1,1,0,53,1,4,80
5200,567,1035,3,3,0,0,41,2,2,80
5211,568,36,3,2,0,3,53,1,2,100
5223,569,1158,3,3,1,0,34,0,3,40
5234,570,474,1,2,2,2,36,2,4,80
5245,571,1273,2,1,2,2,56,2,4,100
5256,572,398,0,0,0,1,31,0,3,100
5267,573,877,0,1,1,0,44,2,0,100
5278,574,54,4,2,2,0,35,2,1,40
5289,575,507,4,1,0,3,64,2,4,40
5300,576,518,0,0,0,2,61,2,1,40
5311,577,618,1,2,1,2,52,1,4,80
5322,578,1395,4,0,1,0,31,0,3,60
5334,579,974,3,2,1,1,50,0,2,100
5345,580,919,0,3,2,1,27,1,0,80
5356,581,1022,4,3,2,1,28,2,2,80
5367,582,146,4,0,1,0,21,2,4,60
5378,583,1391,4,1,0,2,66,0,0,40
5389,584,1115,4,2,0,2,27,0,2,60
5400,585,1024,1,0,0,0,18,2,3,80
5411,586,888,1,2,2,3,45,0,0,80
5422,587,511,4,0,2,0,50,0,0,100
5433,588,61,4,3,1,3,61,1,1,80
5445,589,345,2,1,2,3,43,1,2,100
5456,590,1372,1,3,1,0,51,1,0,60
5467,591,769,2,2,2,3,31,1,2,40
5478,592,1389,0,0,0,1,26,1,1,40
5489,593,355,3,2,2,0,38,0,0,80
5500,594,606,1,3,0,2,64,1,1,40
5511,595,223,1,1,2,0,41,2,1,40
5522,596,82,2,3,0,1,33,2,3,60
5533,597,1410,4,1,0,1,34,1,0,100
5544,598,219,1,2,2,3,46,2,1,60
5557,599,552,1,1,1,1,44,0,3,80
5568,600,566,4,3,0,2,21,1,4,40
5579,601,101,3,3,2,1,65,0,1,80
5590,602,203,0,0,1,1,19,2,3,60
5601,603,1355,3,1,2,2,60,0,3,60
5612,604,41,4,1,0,2,43,1,4,80
5623,605,191,4,3,1,3,62,0,1,60
5634,606,751,3,1,1,1,60,1,1,100
5645,607,763,1,1,2,1,30,2,0,100
5656,608,1307,2,1,2,2,33,2,0,40
5668,609,1431,2,3,1,1,46,0,0,40
5679,610,951,0,2,0,3,43,1,1,80
5690,611,16,2,1,2,3,58,2,1,80
5701,612,425,3,3,2,0,21,0,3,40
5712,613,1039,4,0,0,1,19,2,3,100
5723,614,181,3,0,0,2,24,2,4,40
5734,615,1164,0,2,0,1,22,2,3,60
5745,616,702,2,3,1,1,57,2,1,40
5756,617,620,2,2,1,3,28,1,0,100
5767,618,133,1,1,2,1,69,2,0,60
5779,619,611,4,3,2,2,58,0,1,100
5790,620,501,4,1,2,0,20,2,1,80
5801,621,423,4,0,2,0,50,2,2,100
5812,622,1389,0,3,2,0,44,0,1,80
5823,623,131,0,1,0,1,49,0,3,40
5834,624,117,2,0,1,1,28,1,2,60
5845,625,771,2,1,2,2,55,0,1,80
5856,626,7,3,0,1,2,65,1,2,100
5867,627,1152,1,2,0,2,65,1,4,60
5878,628,629,3,1,2,2,63,0,3,80
5890,629,1206,0,1,0,1,35,0,0,80
5901,630,965,2,3,2,2,61,0,4,40
5912,631,844,0,2,1,3,54,0,0,60
5923,632,739,4,3,1,1,20,1,4,80
5934,633,169,3,3,1,1,30,1,2,100
5945,634,122,4,0,2,3,63,2,0,40
5956,635,1081,1,3,0,2,28,1,0,100
5967,636,526,1,1,1,3,67,2,2,100
5978,637,168,1,0,2,2,34,1,4,60
5989,638,193,2,0,1,0,59,0,0,100
6001,639,1208,4,0,1,1,46,2,1,100
6012,640,459,0,2,0,3,56,0,3,40
6023,641,1147,3,1,0,1,64,1,1,80
6034,642,605,4,0,1,3,44,1,1,100
6045,643,971,1,3,0,0,43,2,3,40
6056,644,622,3,0,0,2,21,1,1,60
6067,645,1309,2,3,0,0,54,0,4,80
6078,646,1090,2,0,2,3,35,2,1,40
6089,647,1066,1,1,2,3,53,2,3,100
6100,648,1219,3,1,1,0,28,2,1,100
6112,649,979,4,3,2,0,65,1,0,80
6123,650,414,0,1,1,2,57,0,4,100
6134,651,1224,1,0,1,1,31,0,4,40
6145,652,1080,3,0,0,2,68,2,0,80
6156,653,1017,0,1,2,2,59,1,1,80
6167,654,1336,2,2,1,0,20,1,2,60
6178,655,541,2,2,2,1,50,1,2,100
6189,656,1105,4,0,2,0,22,0,3,60
6200,657,610,1,1,0,1,58,1,1,80
6211,658,443,1,3,2,2,42,2,4,80
6223,659,344,0,1,2,1,28,1,4,100
6234,660,919,2,3,1,3,58,2,4,60
6245,661,503,3,2,0,0,67,2,3,60
6256,662,357,3,1,2,3,54,1,3,40
6267,663,672,2,0,0,2,45,0,3,60
6278,664,734,3,2,2,3,64,1,1,100
6289,665,702,0,3,1,1,43,1,0,60
6300,666,594,0,0,2,3,25,0,4,100
6311,667,521,3,3,1,0,19,0,4,40
6322,668,1311,3,2,2,3,50,0,0,60
6334,669,1018,3,2,2,3,33,1,2,40
6345,670,587,2,0,2,2,55,2,0,40
6356,671,1131,1,1,2,3,58,1,1,80
6367,672,752,4,3,2,2,34,1,2,80
6378,673,726,0,0,2,2,57,1,2,80
6389,674,292,3,2,1,1,44,2,2,80
6400,675,1161,4,1,2,0,36,0,3,40
6411,676,377,0,3,2,2,35,1,1,80
6422,677,779,0,1,1,2,49,0,1,100
6433,678,1232,3,3,0,0,22,1,2,100
6445,679,909,4,2,0,0,45,1,2,80
6456,680,51,2,3,2,1,55,0,0,100
6467,681,568,4,3,1,1,58,0,3,80
6478,682,1210,4,1,0,1,21,2,4,100
6489,683,711,2,0,0,1,29,2,1,80
6500,684,212,2,3,0,2,66,0,4,60
6511,685,1287,1,0,1,2,26,0,1,80
6522,686,925,2,2,1,3,19,1,0,60
6533,687,316,3,2,2,1,55,2,0,80
6544,688,717,0,1,2,1,69,0,0,80
6556,689,572,4,0,2,2,62,0,2,40
6567,690,1039,1,2,0,3,48,2,4,60
6578,691,997,0,3,0,2,58,0,0,100
6589,692,1005,2,2,1,1,54,1,1,40
6600,693,31,0,2,1,3,51,1,0,60
6611,694,736,0,3,1,3,38,0,1,100
6622,695,676,3,2,1,0,50,0,2,80
6633,696,824,3,1,0,0,22,2,2,40
6644,697,811,1,1,2,2,48,0,3,60
6655,698,927,1,2,2,1,41,2,0,40
6668,699,1093,2,1,1,2,28,0,1,40
6679,700,1293,3,2,0,0,42,2,3,100
6690,701,502,1,2,1,0,25,2,3,40
6701,702,900,4,2,0,3,20,2,2,100
6712,703,1020,2,3,0,1,27,1,2,100
6723,704,809,0,0,2,2,41,2,2,40
6734,705,64,3,2,1,2,40,2,0,80
6745,706,277,4,2,0,0,25,1,1,100
6756,707,1341,0,0,2,2,38,0,4,60
6767,708,686,3,2,2,3,65,2,2,80
6779,709,766,0,2,2,3,39,2,2,40
6790,710,1009,2,3,0,1,38,0,4,100
6801,711,373,1,2,0,0,41,1,2,100
6812,712,309,2,0,2,2,35,0,0,100
6823,713,1247,4,3,0,1,47,0,3,40
6834,714,961,1,0,0,0,31,1,1,40
6845,715,864,2,1,2,2,24,2,2,60
6856,716,402,1,1,0,2,51,2,0,40
6867,717,84,2,1,1,2,49,0,0,40
6878,718,85,0,1,0,3,21,1,3,100
6890,719,391,3,0,0,3,61,2,0,80
6901,720,380,3,3,2,3,68,1,2,40
6912,721,66,4,3,0,2,43,2,4,40
6923,722,423,2,1,2,1,63,2,2,80
6934,723,699,2,2,1,2,20,0,3,60
6945,724,137,0,1,0,1,64,1,3,40
6956,725,1326,2,0,0,2,69,0,2,100
6967,726,894,1,1,2,2,18,2,0,60
6978,727,548,1,3,1,0,30,0,1,80
6989,728,162,1,2,2,0,47,1,4,80
7001,729,606,1,1,0,2,39,1,0,60
7012,730,127,1,2,2,2,60,2,4,100
7023,731,216,1,3,1,2,55,0,0,60
7034,732,1311,3,0,2,3,24,2,4,40
7045,733,450,4,1,0,3,41,2,4,100
7056,734,112,1,2,0,1,31,0,2,60
7067,735,837,3,1,0,2,46,0,1,40
7078,736,849,1,0,0,0,22,2,4,60
7089,737,1221,4,2,2,0,51,2,3,100
7100,738,387,1,0,0,2,51,0,3,40
7112,739,898,3,1,0,1,18,1,3,80
7123,740,496,1,3,0,0,65,1,1,80
7134,741,1214,0,2,2,2,37,2,2,80
7145,742,117,2,0,1,1,24,1,1,80
7156,743,1008,1,0,0,3,40,2,0,60
7167,744,8,3,3,1,0,61,1,4,80
7178,745,393,4,0,2,3,26,0,1,80
7189,746,298,2,0,0,1,67,0,4,100
7200,747,699,2,3,2,2,33,2,4,80
7211,748,902,1,1,0,1,63,2,4,80
7223,749,1135,2,2,2,3,42,0,1,80
7234,750,1264,0,1,1,1,40,1,2,60
7245,751,673,4,2,2,2,40,1,0,100
7256,752,69,1,1,0,2,36,1,3,60
7267,753,908,3,2,0,1,65,2,2,40
7278,754,761,1,0,0,2,52,1,1,60
7289,755,393,0,3,2,3,26,1,1,60
7300,756,1206,0,1,2,1,32,1,2,60
7311,757,1009,3,3,2,2,33,0,3,100
7322,758,894,3,1,0,2,44,0,3,100
7334,759,35,1,3,2,3,67,2,0,80
7345,760,1013,4,1,2,2,51,1,1,80
7356,761,276,2,0,2,3,21,1,0,40
7367,762,1375,2,0,1,1,26,1,4,80
7378,763,1029,4,2,0,2,56,1,2,100
7389,764,1222,4,1,1,2,51,0,0,80
7400,765,984,3,3,0,2,35,1,1,100
7411,766,1007,4,1,2,1,43,2,3,80
7422,767,714,0,2,1,1,65,2,2,100
7433,768,854,2,2,1,0,23,2,0,60
7445,769,243,0,3,0,1,58,1,2,60
7456,770,1266,0,0,1,1,66,2,3,80
7467,771,769,4,3,0,0,33,0,3,40
7478,772,1016,0,2,1,0,30,2,4,80
7489,773,870,1,2,2,1,63,2,0,100
7500,774,1254,3,2,0,1,60,1,0,60
7511,775,811,1,3,1,3,49,2,3,60
7522,776,409,0,1,1,1,49,2,2,60
7533,777,1288,4,1,0,3,24,1,4,40
7544,778,1107,4,3,1,0,64,2,2,40
7556,779,557,2,3,0,0,32,1,3,60
7567,780,856,2,1,0,1,54,0,0,40
7578,781,879,1,2,2,0,30,0,1,80
7589,782,483,4,3,0,2,61,2,1,100
7600,783,1240,2,3,2,2,28,2,0,80
7611,784,1431,0,2,2,2,69,2,2,100
7622,785,1426,3,1,1,0,43,0,0,60
7633,786,382,3,0,1,1,30,0,4,60
7644,787,1340,3,0,0,1,59,0,4,100
7655,788,1163,2,2,1,1,31,2,3,80
7667,789,790,4,0,1,0,24,2,3,60
7678,790,677,1,1,1,2,42,2,4,40
7689,791,1174,2,1,2,1,48,2,4,40
7700,792,1378,0,1,0,1,36,0,3,60
7711,793,256,0,0,2,0,18,1,1,80
7722,794,273,4,1,2,2,27,2,0,100
7733,795,285,0,2,0,1,66,0,3,80
7744,796,1236,3,2,2,0,22,2,0,40
7755,797,1064,2,1,1,2,54,1,2,60
7766,798,114,1,0,2,1,39,2,2,60
7779,799,1214,3,3,0,3,40,1,0,100
7790,800,1032,3,1,0,0,69,0,1,80
7801,801,1008,4,1,2,0,19,0,0,40
7812,802,6,4,2,1,0,48,1,4,60
7823,803,957,0,2,2,3,67,2,4,100
7834,804,1039,3,0,0,0,38,1,1,80
7845,805,1299,4,3,0,3,43,2,3,80
7856,806,934,4,1,0,1,31,2,2,100
7867,807,1058,4,0,1,0,49,1,4,100
7878,808,78,3,1,1,1,40,0,2,60
7890,809,956,0,2,0,2,46,1,2,80
7901,810,131,4,1,1,0,50,0,4,60
7912,811,1197,2,3,2,0,49,2,2,60
7923,812,1135,0,0,1,2,67,1,3,80
7934,813,931,2,3,1,2,30,1,2,60
7945,814,263,0,3,1,3,22,0,2,40
7956,815,722,1,1,1,1,18,2,0,100
7967,816,485,3,0,0,2,23,2,1,80
7978,817,1403,3,2,1,0,60,0,4,40
7989,818,1006,1,3,0,0,52,0,3,80
8001,819,68,1,2,0,0,53,0,1,80
8012,820,1270,4,0,2,0,35,1,0,60
8023,821,1381,2,1,2,0,65,1,1,80
8034,822,1427,2,2,2,1,21,0,3,80
8045,823,530,0,0,1,0,47,2,4,100
8056,824,705,4,1,0,3,29,2,1,40
8067,825,156,1,3,1,0,27,2,3,100
8078,826,718,4,3,1,1,24,2,3,100
8089,827,577,2,2,0,3,30,0,0,80
8100,828,321,4,1,2,1,20,2,0,100
8112,829,1266,0,3,2,3,66,1,0,100
8123,830,50,4,2,0,3,27,2,2,60
8134,831,513,0,0,1,1,53,1,4,100
8145,832,1345,2,2,1,2,68,0,3,100
8156,833,97,2,3,1,0,21,1,1,80
8167,834,955,1,1,2,1,61,1,1,60
8178,835,463,1,3,0,3,19,2,1,40
8189,836,1096,2,0,0,1,43,2,0,40
8200,837,1024,1,1,2,3,51,0,4,40
8211,838,1184,4,1,0,2,49,0,2,60
8223,839,155,2,1,0,1,41,1,1,40
8234,840,885,0,0,0,3,57,1,4,80
8245,841,979,3,2,0,3,52,2,2,40
8256,842,612,1,2,0,1,49,1,4,80
8267,843,570,0,0,2,0,25,0,2,40
8278,844,911,3,0,0,1,37,0,3,60
8289,845,1147,0,0,1,1,22,2,1,60
8300,846,472,4,1,0,1,40,2,1,60
8311,847,814,2,3,0,1,36,1,1,60
8322,848,1126,4,0,2,1,60,2,2,40
8334,849,399,2,0,0,3,31,1,1,80
8345,850,223,3,0,1,1,50,1,4,60
8356,851,1194,1,1,0,1,32,0,4,40
8367,852,143,0,0,1,2,38,0,0,100
8378,853,1130,2,2,1,1,60,1,3,100
8389,854,88,2,3,2,3,30,2,2,80
8400,855,600,0,1,2,3,51,2,0,100
8411,856,1000,2,3,1,0,43,0,4,80
8422,857,1150,0,2,2,0,34,1,2,60
8433,858,406,0,1,0,0,18,2,0,40
8445,859,1055,1,2,0,1,20,2,1,80
8456,860,477,3,1,2,0,24,0,1,100
8467,861,513,3,0,0,0,46,0,4,80
8478,862,331,2,2,2,2,28,2,4,60
8489,863,612,4,0,0,1,67,0,1,100
8500,864,1414,1,2,0,1,27,0,4,80
8511,865,1177,1,3,1,2,54,1,3,80
8522,866,650,2,1,1,1,25,2,0,100
8533,867,458,0,3,1,3,57,0,1,40
8544,868,1076,0,3,2,3,22,1,2,60
8556,869,874,1,3,2,2,24,2,4,100
8567,870,249,3,1,0,3,20,1,4,80
8578,871,1083,2,2,0,1,39,0,4,40
8589,872,970,3,0,2,3,45,1,2,100
8600,873,859,0,1,1,0,18,1,2,60
8611,874,331,4,0,1,3,27,2,4,40
8622,875,525,4,2,1,2,24,1,0,60
8633,876,440,4,3,1,3,36,0,0,80
8644,877,654,0,3,2,2,52,2,1,80
8655,878,118,0,1,0,2,67,1,2,80
8667,879,816,2,0,2,0,22,2,4,100
8678,880,302,0,3,0,3,29,0,4,60
8689,881,1272,0,1,2,3,22,0,2,60
8700,882,99,2,3,2,0,56,0,2,60
8711,883,223,0,3,2,1,36,1,3,100
8722,884,1157,3,0,2,2,28,2,3,80
8733,885,1217,2,2,0,2,37,1,1,80
8744,886,527,1,2,1,3,27,0,1,80
8755,887,1149,0,3,1,2,68,0,4,80
8766,888,1089,0,3,2,1,33,0,1,100
8778,889,1414,2,2,2,2,18,2,1,100
8789,890,470,4,3,2,2,60,0,2,60
8800,891,257,4,3,2,1,63,1,1,60
8811,892,92,0,0,1,1,47,0,4,40
8822,893,1233,4,3,1,2,44,0,1,40
8833,894,833,4,0,0,0,35,1,2,80
8844,895,303,3,0,0,1,21,2,2,60
8855,896,1074,4,1,0,1,19,0,4,80
8866,897,1294,4,2,0,2,25,0,0,60
8877,898,1303,2,2,2,2,34,0,3,40
8890,899,1431,1,1,1,0,30,1,3,40
8901,900,1055,2,3,0,2,61,2,2,80
8912,901,189,0,1,1,1,65,0,1,80
8923,902,117,0,3,1,3,66,2,2,100
8934,903,238,2,2,0,3,66,0,0,100
8945,904,845,0,2,0,1,59,0,4,80
8956,905,463,3,0,1,2,62,1,2,40
8967,906,955,2,2,2,0,55,0,2,60
8978,907,1048,4,2,2,0,62,2,1,60
8989,908,206,1,0,0,2,49,2,0,100
9001,909,194,2,0,1,1,38,2,4,100
9012,910,693,4,0,1,2,44,2,3,80
9023,911,158,4,2,0,3,62,1,4,100
9034,912,1263,2,3,1,3,59,1,1,40
9037,913,854,1,3,1,0,19,2,1,40
9038,914,299,2,0,0,0,38,1,2,40
9039,915,57,3,3,1,2,60,1,4,80
9040,916,1019,2,0,1,3,45,1,1,40
9041,917,975,1,1,1,1,46,1,4,40
9042,918,1301,2,1,1,0,23,0,1,60
9044,919,1039,0,2,2,3,35,1,2,40
9045,920,1046,4,1,0,3,28,2,0,60
9046,921,952,3,0,0,0,49,2,2,60
9047,922,583,1,3,0,1,60,1,2,40
9048,923,759,2,3,0,0,39,1,3,80
9049,924,180,1,3,1,2,27,2,0,40
9050,925,906,3,1,1,2,65,0,2,100
9051,926,1419,0,3,1,3,65,2,2,40
9052,927,824,3,1,2,0,56,0,2,80
9053,928,825,2,2,0,1,47,2,1,100
9055,929,1195,0,3,1,2,51,2,3,100
9056,930,604,2,3,2,3,63,0,1,40
9057,931,1126,0,1,0,1,34,0,1,40
9058,932,1215,0,3,1,3,25,1,4,80
9059,933,1228,4,1,2,3,31,2,4,60
9060,934,1385,3,0,2,0,57,1,4,60
9061,935,1141,0,0,1,1,41,1,4,40
9062,936,1276,1,2,1,2,33,0,2,100
9063,937,1185,0,1,1,1,41,1,1,80
9064,938,1059,3,0,2,0,69,0,0,40
9066,939,1204,3,1,2,1,47,2,1,40
9067,940,611,1,3,1,1,31,0,2,100
9068,941,1215,3,0,2,3,47,0,2,100
9069,942,948,1,0,0,2,46,2,4,60
9070,943,125,1,1,2,3,27,0,2,80
9071,944,319,4,3,2,3,34,2,1,40
9072,945,959,1,3,1,2,30,2,3,60
9073,946,1274,3,1,0,3,50,1,2,60
9074,947,1350,4,2,0,2,60,0,2,100
9075,948,470,0,1,1,2,58,1,2,80
9077,949,601,1,3,2,2,21,1,2,80
9078,950,204,0,2,1,1,27,2,2,40
9079,951,236,2,2,1,3,59,2,1,100
9080,952,1245,2,1,1,0,56,2,0,60
9081,953,1095,2,2,2,2,39,0,1,100
9082,954,1315,0,1,0,3,43,0,1,80
9083,955,1113,3,1,1,3,26,2,3,40
9084,956,1108,4,0,1,3,67,0,2,80
9085,957,906,1,3,1,2,28,1,3,80
9086,958,413,1,0,1,3,61,2,2,100
9088,959,0,2,3,0,1,48,2,0,60
9089,960,749,4,1,2,2,47,2,2,60
9090,961,1332,4,1,1,1,57,1,4,100
9091,962,448,1,0,0,1,65,1,4,60
9092,963,841,0,2,2,3,45,1,2,40
9093,964,622,2,3,2,1,42,1,1,80
9094,965,415,0,1,1,2,39,1,3,60
9095,966,60,0,3,1,1,69,0,1,80
9096,967,1334,1,2,0,0,53,1,4,100
9097,968,852,4,2,0,1,63,1,4,80
9099,969,1378,0,3,1,0,59,2,3,40
9100,970,252,2,1,1,2,20,0,3,80
9101,971,889,1,1,0,3,33,0,4,40
9102,972,1204,0,3,0,3,27,0,3,40
9103,973,757,4,3,0,1,51,1,0,60
9104,974,1079,2,2,1,1,63,1,4,80
9105,975,1198,0,0,2,2,56,1,2,80
9106,976,850,2,1,0,2,33,0,0,100
9107,977,722,1,0,1,1,64,1,0,60
9108,978,419,2,2,2,2,67,1,0,100
9110,979,179,1,1,1,2,56,1,2,40
9111,980,1340,1,3,2,2,30,1,3,80
9112,981,767,0,3,1,0,66,0,4,80
9113,982,1270,2,3,1,0,50,0,2,40
9114,983,160,1,0,1,2,40,2,4,60
9115,984,1391,1,1,2,0,56,2,2,60
9116,985,386,0,2,2,3,36,2,2,80
9117,986,325,1,2,2,1,35,0,4,60
9118,987,277,4,3,2,0,27,0,0,80
9119,988,313,1,1,1,3,24,2,2,80
9121,989,1153,3,1,1,2,42,1,3,40
9122,990,352,4,1,0,0,26,1,2,60
9123,991,1189,0,2,0,0,64,2,3,40
9124,992,585,3,1,2,3,64,1,1,40
9125,993,968,1,1,0,2,40,0,3,80
9126,994,529,2,3,2,0,48,1,4,40
9127,995,137,4,0,1,1,34,1,3,60
9128,996,182,4,3,1,2,53,0,3,100
9129,997,413,4,0,1,0,23,2,1,40
9130,998,996,2,2,0,2,37,2,1,40
3,999,1093,3,0,0,0,64,2,2,40
4,1000,888,1,1,0,1,47,2,4,80
5,1001,478,3,3,1,2,49,1,0,100
6,1002,555,1,1,0,0,46,2,3,100
7,1003,939,3,0,1,0,41,0,0,80
8,1004,523,4,3,0,1,37,1,3,40
9,1005,592,0,3,1,2,21,1,3,80
10,1006,1277,1,1,0,3,21,1,1,60
11,1007,670,1,1,1,3,19,1,1,40
12,1008,177,4,3,1,1,34,1,0,60
14,1009,540,1,2,1,3,49,0,0,40
15,1010,581,3,2,2,2,34,0,0,60
16,1011,157,2,1,2,2,56,0,0,40
17,1012,92,0,2,1,2,41,0,4,100
18,1013,15,2,3,0,3,33,2,0,60
19,1014,38,0,2,0,3,32,1,4,60
20,1015,498,4,0,0,3,60,1,0,60
21,1016,30,4,3,2,2,42,2,2,100
22,1017,913,2,0,0,0,32,2,4,100
23,1018,1362,1,2,2,0,37,0,1,40
25,1019,1199,3,0,1,3,19,2,4,100
26,1020,732,3,2,2,1,27,1,3,40
27,1021,361,3,2,1,3,26,0,4,60
28,1022,883,4,3,1,3,67,0,0,60
29,1023,422,1,3,1,1,48,1,2,100
30,1024,31,3,0,2,0,42,0,3,40
31,1025,167,2,3,2,2,54,1,1,80
32,1026,69,1,3,0,1,44,0,1,80
33,1027,697,1,3,2,2,68,0,2,80
34,1028,521,3,1,2,3,30,2,4,40
36,1029,1226,4,3,2,3,61,2,4,60
37,1030,854,3,2,0,2,46,0,4,100
38,1031,695,0,0,0,0,52,1,2,40
39,1032,371,0,0,1,2,23,0,2,60
40,1033,500,1,1,1,0,22,2,2,80
41,1034,361,0,2,2,0,54,0,0,60
42,1035,438,0,0,0,2,22,2,4,60
43,1036,739,1,3,2,3,56,2,2,40
44,1037,563,3,1,2,3,29,0,0,100
45,1038,1193,2,1,0,1,61,1,2,60
47,1039,309,0,0,0,1,58,1,0,60
48,1040,885,2,0,2,1,21,0,2,40
49,1041,975,1,1,2,3,62,2,1,80
50,1042,762,0,0,1,2,52,1,0,80
51,1043,1278,2,1,1,0,53,0,4,80
52,1044,1002,3,1,0,1,65,2,2,80
53,1045,920,4,3,1,2,54,0,4,100
54,1046,153,0,0,0,1,39,1,1,100
55,1047,1251,0,0,0,2,31,0,1,100
56,1048,1427,0,2,0,3,27,2,2,80
58,1049,537,2,2,1,3,41,2,2,100
59,1050,509,4,0,0,3,34,2,3,60
60,1051,1242,0,1,1,1,63,2,2,100
61,1052,1064,1,2,1,0,69,2,3,60
62,1053,725,2,3,2,3,44,1,0,80
63,1054,1368,4,0,2,2,23,2,0,60
64,1055,538,1,3,1,3,28,1,4,80
65,1056,256,1,3,1,2,54,0,0,60
66,1057,716,4,3,2,2,25,2,0,40
67,1058,842,4,3,2,0,51,1,0,40
69,1059,1315,2,3,1,2,26,1,0,40
70,1060,1324,1,2,2,3,48,1,1,40
71,1061,273,3,0,0,3,25,0,2,80
72,1062,150,1,1,0,0,52,2,3,40
73,1063,1273,3,1,2,0,37,2,4,60
74,1064,455,3,3,0,3,66,0,3,60
75,1065,1182,4,0,0,1,46,2,2,80
76,1066,601,3,0,2,3,46,1,2,60
77,1067,1148,3,2,2,0,51,1,4,80
78,1068,713,0,3,2,2,30,1,0,40
80,1069,138,2,2,2,1,37,0,1,40
81,1070,108,3,1,2,3,38,1,1,100
82,1071,969,3,2,0,3,40,2,4,40
83,1072,1196,2,1,2,1,63,2,2,40
84,1073,1104,0,0,1,1,69,0,3,40
85,1074,577,0,3,0,2,31,2,1,60
86,1075,609,1,0,1,3,52,1,1,40
87,1076,8,0,1,2,0,20,2,4,40
88,1077,445,4,0,2,2,66,2,4,80
89,1078,832,3,2,1,1,49,2,2,100
91,1079,281,4,3,1,1,66,2,0,40
92,1080,27,2,3,0,1,45,1,3,80
93,1081,1105,2,2,1,2,44,2,1,100
94,1082,230,0,3,1,0,26,2,1,100
95,1083,783,1,3,2,1,55,1,1,80
96,1084,545,0,2,0,2,58,2,0,80
97,1085,770,2,2,0,2,52,0,4,100
98,1086,1270,0,2,0,0,60,2,4,60
99,1087,1384,2,3,2,1,65,1,1,100
100,1088,1011,0,3,2,0,68,2,2,80
102,1089,238,4,1,0,1,19,0,1,40
103,1090,180,1,2,0,2,32,0,3,40
104,1091,192,2,1,1,2,51,2,0,40
105,1092,193,2,3,2,0,24,2,3,80
106,1093,206,1,3,2,3,35,0,2,80
107,1094,1232,1,3,1,3,53,1,4,40
108,1095,1425,0,2,1,3,25,0,3,100
109,1096,1140,0,2,1,2,43,2,3,40
110,1097,496,2,1,1,2,53,1,1,40
111,1098,998,0,0,2,0,31,1,1,60
114,1099,82,3,1,0,2,69,2,3,80
115,1100,261,2,1,0,3,40,2,1,60
116,1101,245,4,1,1,2,57,2,4,100
117,1102,523,2,0,1,3,54,0,3,100
118,1103,315,3,3,1,0,33,1,1,100
119,1104,155,0,2,2,2,59,2,2,100
120,1105,677,2,0,2,3,38,0,0,60
121,1106,152,1,0,2,2,55,2,4,100
122,1107,887,3,3,2,3,19,1,1,40
123,1108,545,2,3,2,0,51,1,0,60
125,1109,351,0,1,0,3,29,1,3,100
126,1110,186,0,2,0,1,36,0,2,80
127,1111,392,1,0,1,0,29,1,3,60
128,1112,291,1,0,0,0,47,0,2,40
129,1113,277,4,0,1,2,44,0,4,80
130,1114,1194,3,2,1,1,61,0,2,100
131,1115,724,3,1,0,0,61,0,1,100
132,1116,339,0,2,1,0,63,2,4,80
133,1117,734,1,0,0,2,47,1,3,40
134,1118,259,0,3,2,2,45,0,2,40
136,1119,222,1,3,0,2,62,2,0,40
137,1120,434,2,3,0,0,61,2,4,60
138,1121,571,1,3,0,0,35,2,4,40
139,1122,949,2,3,1,2,61,0,0,40
140,1123,627,0,1,1,3,64,0,3,40
141,1124,102,1,1,1,3,60,0,2,60
142,1125,198,2,0,0,1,41,2,1,80
143,1126,962,2,0,0,1,41,2,1,40
144,1127,1056,4,2,2,1,34,1,1,100
145,1128,893,2,1,0,2,64,2,3,80
147,1129,864,0,0,0,0,45,2,2,100
148,1130,487,0,2,1,3,36,0,0,60
149,1131,857,1,2,2,0,24,0,4,40
150,1132,24,0,2,1,2,52,2,4,80
151,1133,622,0,2,2,2,56,1,4,100
152,1134,328,4,0,0,0,38,2,3,100
153,1135,415,1,0,1,0,53,0,4,100
154,1136,851,3,0,2,0,58,1,2,40
155,1137,472,4,3,2,3,54,0,1,60
156,1138,982,2,1,2,1,60,2,1,60
158,1139,994,2,1,2,1,49,1,0,100
159,1140,651,2,1,1,1,45,2,0,80
160,1141,1212,4,2,1,3,68,2,0,100
161,1142,1050,0,2,0,0,50,1,3,80
162,1143,484,2,2,2,1,27,0,3,60
163,1144,761,3,1,0,2,68,2,3,100
164,1145,246,2,2,0,2,61,1,0,80
165,1146,1145,3,2,0,0,47,2,1,80
166,1147,630,2,0,2,3,33,0,1,60
167,1148,678,3,3,0,1,62,2,0,60
169,1149,589,3,1,0,3,35,2,0,100
170,1150,1061,0,2,2,3,67,0,0,40
171,1151,11,3,0,1,1,61,0,4,80
172,1152,707,0,1,2,0,20,2,3,60
173,1153,1163,0,2,1,3,45,2,0,100
174,1154,607,1,0,0,0,54,0,1,100
175,1155,403,3,2,0,3,55,2,3,40
176,1156,385,3,1,0,3,48,1,0,80
177,1157,560,4,1,1,3,25,1,4,80
178,1158,230,3,1,1,2,64,1,4,80
180,1159,205,2,3,0,2,52,0,0,100
181,1160,1214,3,0,0,3,18,2,2,100
182,1161,1138,0,1,0,3,46,2,2,60
183,1162,351,0,0,0,0,56,0,0,80
184,1163,1252,0,3,1,1,67,0,1,100
185,1164,707,0,1,2,1,43,1,4,80
186,1165,439,1,3,2,2,47,0,0,100
187,1166,622,2,0,0,1,45,1,1,60
188,1167,425,3,3,1,2,31,1,2,80
189,1168,405,4,3,1,2,22,1,2,100
191,1169,108,0,2,1,1,56,1,1,40
192,1170,919,2,2,2,1,24,0,4,100
193,1171,850,1,0,0,0,30,2,3,80
194,1172,97,1,0,0,0,23,0,2,80
195,1173,789,3,3,1,0,50,2,2,100
196,1174,635,4,2,1,3,36,0,4,100
197,1175,1165,4,2,2,0,39,0,4,40
198,1176,18,3,3,0,1,42,1,4,60
199,1177,705,2,2,0,2,21,0,2,100
200,1178,421,1,1,2,2,54,2,1,60
202,1179,848,0,0,1,1,65,2,0,100
203,1180,509,3,3,0,1,35,1,0,80
204,1181,692,1,3,1,1,43,0,0,60
205,1182,140,3,1,0,1,42,1,4,40
206,1183,773,3,0,0,1,38,1,1,40
207,1184,745,3,0,0,0,27,2,4,60
208,1185,719,0,1,0,0,25,2,4,80
209,1186,671,3,1,1,3,64,2,0,60
210,1187,471,0,2,0,1,53,2,0,80
211,1188,855,2,0,0,3,18,2,3,100
213,1189,517,1,2,1,0,22,1,2,60
214,1190,706,2,2,2,1,43,1,0,80
215,1191,492,3,3,0,1,68,1,2,60
216,1192,1183,2,1,0,3,28,0,0,100
217,1193,269,2,2,1,2,61,2,4,100
218,1194,239,4,1,2,0,33,0,4,100
219,1195,260,3,2,0,1,69,0,3,80
220,1196,1116,2,1,0,2,68,2,0,80
221,1197,1340,0,3,0,2,57,2,0,60
222,1198,147,1,0,0,3,68,0,3,60
225,1199,931,2,3,1,2,44,0,1,60
226,1200,87,0,0,2,0,69,1,3,60
227,1201,3,3,2,1,1,59,2,3,100
228,1202,190,1,2,1,0,53,1,2,80
229,1203,1194,2,2,1,3,50,2,1,60
230,1204,165,0,0,1,2,33,2,1,40
231,1205,494,4,0,2,2,41,2,2,40
232,1206,526,1,2,2,3,67,0,4,80
233,1207,549,2,0,1,3,54,0,1,40
234,1208,105,2,3,1,3,38,1,3,40
236,1209,226,1,3,1,3,47,2,2,60
237,1210,186,0,1,1,0,18,0,1,40
238,1211,939,2,1,0,3,37,2,4,60
239,1212,801,0,1,1,3,51,1,1,80
240,1213,602,4,2,0,1,67,0,4,100
241,1214,321,3,3,0,1,40,0,1,80
242,1215,1047,1,3,2,3,34,1,3,80
243,1216,1187,3,2,2,2,46,2,1,80
244,1217,339,1,3,1,1,55,0,0,80
245,1218,448,4,3,2,0,64,0,4,100
247,1219,164,0,0,2,0,41,0,2,60
248,1220,948,2,1,1,3,41,1,1,60
249,1221,77,4,2,1,1,68,1,2,100
250,1222,318,0,3,0,1,36,2,4,80
251,1223,477,1,0,2,2,61,2,4,100
252,1224,298,1,1,2,0,39,2,2,40
253,1225,408,1,3,2,1,56,0,2,40
254,1226,125,3,2,2,3,45,2,4,40
255,1227,1103,1,1,2,2,25,1,4,80
256,1228,1319,4,2,2,0,26,2,1,40
258,1229,1076,1,3,1,3,18,0,3,40
259,1230,679,0,0,0,3,34,0,4,60
260,1231,1347,3,2,2,0,68,0,3,60
261,1232,341,2,2,2,2,20,1,1,60
262,1233,853,3,2,0,3,23,2,4,100
263,1234,715,2,2,2,2,61,2,4,40
264,1235,110,4,3,0,1,18,2,3,100
265,1236,463,1,3,0,0,26,0,3,40
266,1237,1084,0,0,2,1,29,2,2,40
267,1238,893,4,0,1,0,22,2,3,40
269,1239,401,0,3,2,3,65,1,4,40
270,1240,1191,2,2,1,0,67,0,3,100
271,1241,757,0,2,2,2,45,2,0,40
272,1242,759,2,3,0,2,49,1,3,60
273,1243,1005,2,1,1,3,59,2,1,100
274,1244,1301,0,2,1,1,22,1,0,80
275,1245,842,0,2,2,0,29,2,1,60
276,1246,213,2,1,2,2,44,1,0,40
277,1247,2,2,0,1,0,42,0,0,40
278,1248,776,4,2,1,0,36,0,2,100
280,1249,183,1,1,2,2,65,1,2,40
281,1250,813,3,1,1,1,66,0,4,40
282,1251,1401,2,3,0,3,21,1,4,60
283,1252,1433,0,3,0,0,68,1,1,40
284,1253,380,2,0,1,3,18,0,3,40
285,1254,1103,3,1,0,2,49,2,1,40
286,1255,936,4,1,1,0,54,0,4,80
287,1256,1086,2,2,2,1,49,0,2,60
288,1257,308,2,1,2,0,60,0,1,100
289,1258,475,1,0,0,2,54,1,0,40
291,1259,173,3,0,0,2,38,0,3,100
292,1260,1244,4,3,1,3,67,0,4,40
293,1261,301,4,3,1,3,55,1,2,100
294,1262,740,2,3,1,3,52,0,2,40
295,1263,444,2,3,2,1,63,1,0,40
296,1264,822,1,2,0,3,48,1,3,100
297,1265,1383,0,1,1,2,25,1,4,40
298,1266,224,3,2,1,2,42,0,1,60
299,1267,551,0,2,2,0,57,2,4,100
300,1268,1038,2,1,0,3,47,0,4,40
302,1269,727,1,0,2,2,39,0,2,80
303,1270,478,0,3,1,1,61,1,4,40
304,1271,1314,0,0,1,3,34,2,1,40
305,1272,1308,1,0,1,2,69,2,3,40
306,1273,897,1,3,1,1,20,2,4,40
307,1274,548,3,3,1,2,51,0,0,40
308,1275,981,1,0,0,3,40,0,3,40
309,1276,1210,1,3,1,2,52,2,2,100
310,1277,662,1,1,0,2,69,2,0,40
311,1278,802,1,2,2,2,40,0,2,40
313,1279,17,0,1,2,2,30,2,4,100
314,1280,181,1,0,2,0,37,2,2,40
315,1281,1317,4,0,1,0,37,1,3,80
316,1282,656,1,3,1,3,64,1,1,60
317,1283,1006,0,0,0,3,31,0,1,60
318,1284,522,2,0,2,1,26,0,2,100
319,1285,69,2,3,0,3,40,0,2,40
320,1286,1155,3,2,2,2,52,2,2,40
321,1287,1120,2,1,1,3,53,0,0,40
322,1288,888,4,1,2,2,37,1,1,100
324,1289,936,1,3,1,2,61,2,2,40
325,1290,1212,0,0,2,1,39,1,1,100
326,1291,676,4,1,2,3,42,2,2,60
327,1292,995,3,0,1,3,64,1,1,80
328,1293,780,4,0,0,2,21,2,1,60
329,1294,802,2,2,2,0,64,1,3,80
330,1295,965,2,3,0,3,37,0,1,40
331,1296,1110,4,3,0,0,27,0,1,40
332,1297,30,2,1,0,0,29,0,1,100
333,1298,42,2,1,0,1,59,1,2,100
336,1299,482,1,0,2,3,64,1,2,60
337,1300,35,1,3,1,2,25,0,1,60
338,1301,981,1,0,2,3,60,0,0,60
339,1302,527,3,3,0,2,39,2,0,60
340,1303,1004,3,0,2,0,33,1,1,80
341,1304,1306,3,1,2,1,41,0,4,80
342,1305,523,2,3,1,3,40,2,3,80
343,1306,999,1,2,2,1,49,0,0,40
344,1307,278,4,2,1,1,59,2,4,80
345,1308,441,0,0,2,3,45,1,0,100
347,1309,168,3,2,1,0,25,1,0,60
348,1310,1154,0,1,2,0,21,2,1,40
349,1311,447,1,1,2,2,54,0,4,100
350,1312,866,0,2,1,2,45,1,2,100
351,1313,173,4,0,1,2,50,1,3,40
352,1314,580,3,0,2,3,38,2,1,100
353,1315,466,2,0,1,1,58,0,2,100
354,1316,253,2,3,0,2,22,2,3,80
355,1317,883,1,0,2,3,48,0,3,60
356,1318,1225,2,0,0,1,38,2,4,40
358,1319,969,3,1,2,2,49,2,2,40
359,1320,582,3,3,1,2,66,2,2,60
360,1321,525,1,0,1,1,20,2,2,100
361,1322,1159,4,0,2,3,48,1,4,80
362,1323,353,1,2,2,2,26,0,4,80
363,1324,470,0,3,2,1,24,2,2,40
364,1325,467,0,0,2,3,19,0,1,40
365,1326,1095,3,2,0,1,25,2,2,60
366,1327,538,3,3,1,0,25,1,2,80
367,1328,88,3,1,0,3,54,2,3,100
369,1329,371,1,0,0,0,57,2,4,100
370,1330,405,2,2,0,1,58,1,2,60
371,1331,527,1,3,1,2,20,2,2,60
372,1332,635,0,3,2,3,28,0,1,80
373,1333,1230,3,1,0,3,43,1,0,60
374,1334,1253,3,1,1,3,23,1,2,40
375,1335,1279,4,2,1,3,63,2,2,60
376,1336,65,2,2,0,0,51,2,3,100
377,1337,179,2,3,1,0,62,0,0,100
378,1338,1078,2,1,2,3,69,0,2,40
380,1339,1398,4,3,2,0,62,1,1,80
381,1340,1209,4,2,0,1,65,1,0,60
382,1341,265,4,1,0,3,29,1,0,40
383,1342,1392,4,1,0,3,60,0,0,40
384,1343,1204,1,3,1,0,66,2,3,40
385,1344,59,2,2,2,3,36,1,1,60
386,1345,1312,1,3,0,1,47,1,0,80
387,1346,1411,4,2,0,3,40,1,4,80
388,1347,119,3,1,1,3,28,0,2,40
389,1348,132,1,2,1,0,45,2,0,60
391,1349,378,4,0,1,0,57,2,2,40
392,1350,1433,2,0,1,1,69,1,1,100
393,1351,113,3,1,2,2,30,1,1,80
394,1352,1316,1,2,1,0,24,2,2,60
395,1353,882,4,3,0,2,42,2,3,100
396,1354,1329,1,2,2,0,43,1,2,60
397,1355,1245,3,2,2,1,18,0,1,40
398,1356,1375,1,0,2,0,31,2,0,60
399,1357,926,3,0,1,3,31,1,4,60
400,1358,69,0,2,1,2,55,1,2,40
402,1359,1107,4,0,0,0,25,2,2,80
403,1360,1182,4,1,1,3,43,0,3,100
404,1361,892,3,1,0,1,60,1,2,40
405,1362,507,3,2,1,2,29,1,3,40
406,1363,59,0,0,0,1,22,0,0,100
407,1364,1057,1,2,0,2,61,1,4,40
408,1365,1344,4,1,1,2,47,2,3,100
409,1366,115,3,3,2,3,49,0,0,40
410,1367,1379,1,2,0,1,30,1,0,60
411,1368,142,2,2,2,1,44,1,1,40
413,1369,1262,3,2,0,3,52,0,1,80
414,1370,1339,0,0,2,0,51,0,0,40
415,1371,1389,3,0,1,1,50,0,1,80
416,1372,1099,4,0,1,3,44,1,4,40
417,1373,1414,0,1,2,3,64,1,1,100
418,1374,1353,2,3,2,0,68,1,2,80
419,1375,1008,4,1,0,0,51,0,2,100
420,1376,198,2,0,0,3,59,2,0,80
421,1377,798,0,0,0,2,57,0,3,60
422,1378,309,2,3,1,2,23,0,3,80
424,1379,770,2,1,2,3,60,2,1,100
425,1380,2,2,2,2,3,28,1,3,100
426,1381,1199,0,3,1,2,60,0,2,60
427,1382,29,2,3,1,2,50,2,2,100
428,1383,413,3,3,0,3,19,2,2,40
429,1384,739,1,3,0,1,46,0,1,40
430,1385,1202,4,0,1,3,48,1,2,80
431,1386,272,0,0,0,0,27,0,4,60
432,1387,556,0,3,2,2,32,2,2,60
433,1388,762,1,1,0,1,31,1,1,80
435,1389,58,3,2,1,3,43,2,3,40
436,1390,655,0,0,0,3,49,0,3,60
437,1391,418,2,2,0,2,49,1,4,100
438,1392,911,0,3,0,0,64,0,4,40
439,1393,368,0,3,1,3,31,2,4,40
440,1394,100,0,0,2,0,31,0,3,100
441,1395,82,3,1,1,2,63,2,2,40
442,1396,1336,3,1,2,2,41,1,1,80
443,1397,87,4,2,0,3,40,2,4,40
444,1398,481,1,1,0,2,20,0,2,40
447,1399,265,1,3,1,2,36,2,1,40
448,1400,609,3,3,0,3,68,2,2,60
449,1401,263,3,0,2,3,36,0,0,100
450,1402,1363,1,3,2,2,24,0,0,40
451,1403,528,0,3,2,1,27,1,3,40
452,1404,940,4,2,1,1,54,0,2,40
453,1405,976,4,1,0,0,60,1,1,60
454,1406,712,2,3,0,1,19,2,1,60
455,1407,205,2,3,1,3,50,2,2,60
456,1408,114,3,2,2,2,40,2,2,40
458,1409,1022,3,3,0,1,57,0,0,100
459,1410,1409,3,2,1,0,55,1,1,80
460,1411,168,3,3,1,3,62,2,1,100
461,1412,570,0,0,2,1,51,2,2,80
462,1413,535,0,2,2,2,66,2,4,60
463,1414,1168,2,3,2,1,60,2,2,60
464,1415,609,0,1,1,1,54,2,4,100
465,1416,1073,1,2,1,1,50,1,1,80
466,1417,186,3,2,0,2,23,1,2,40
467,1418,1307,4,0,0,3,25,2,2,60
469,1419,413,0,2,1,3,61,0,1,60
470,1420,213,3,2,1,0,39,0,2,100
471,1421,870,3,0,0,1,43,1,1,40
472,1422,254,0,3,1,2,61,2,1,80
473,1423,39,0,2,2,0,48,1,1,40
474,1424,400,2,0,1,3,35,0,3,100
475,1425,1053,4,0,0,1,58,2,0,60
476,1426,419,4,3,2,0,30,0,0,60
477,1427,1232,0,0,2,0,26,0,4,80
478,1428,293,0,2,0,0,47,1,4,100
480,1429,201,0,2,0,0,33,1,1,60
481,1430,1204,3,2,0,0,21,2,4,60
482,1431,1360,3,3,0,3,19,2,3,60
483,1432,1288,3,0,2,1,21,2,3,40
484,1433,955,2,0,0,1,24,0,0,100
485,1434,1274,3,2,2,0,49,2,0,60
486,1435,428,1,3,1,2,51,1,4,60
487,1436,1311,3,3,0,3,24,0,1,40
488,1437,1432,4,1,1,3,34,2,2,60
489,1438,494,2,1,1,2,25,2,2,60
491,1439,1184,0,3,2,1,43,2,4,80
492,1440,46,2,2,2,1,28,1,1,40
493,1441,125,1,1,2,2,29,2,1,100
494,1442,1005,0,2,2,1,46,0,4,60
495,1443,1173,1,2,0,2,35,0,3,80
496,1444,1329,2,1,0,3,36,1,3,100
497,1445,1059,3,0,0,0,60,0,1,60
498,1446,623,3,2,0,0,68,1,2,40
499,1447,1098,3,0,0,1,46,2,3,100
500,1448,229,3,2,0,2,68,0,4,80
502,1449,1154,1,1,1,0,34,0,2,40
503,1450,222,1,1,1,3,40,1,0,60
504,1451,590,2,3,1,0,49,0,4,100
505,1452,744,0,0,1,3,67,0,3,40
506,1453,861,0,1,1,1,46,1,1,40
507,1454,220,4,0,1,1,61,2,4,100
508,1455,1115,3,2,0,0,40,0,2,40
509,1456,377,3,0,2,2,38,1,3,80
510,1457,1101,0,2,0,1,54,2,1,40
511,1458,1210,1,2,1,2,28,2,4,40
513,1459,1420,1,2,2,2,31,1,4,100
514,1460,591,2,0,0,1,66,1,0,80
515,1461,687,4,1,0,2,38,2,0,80
516,1462,1246,1,0,2,0,57,1,1,60
517,1463,889,3,2,2,2,54,1,4,60
518,1464,1387,4,1,1,0,32,2,4,100
519,1465,823,3,0,1,0,42,0,1,100
520,1466,600,4,3,0,1,40,0,3,40
521,1467,1341,2,2,2,1,49,2,0,100
522,1468,156,0,0,1,0,42,0,3,100
524,1469,861,0,1,0,1,46,1,2,80
525,1470,282,0,3,2,0,58,1,3,60
526,1471,199,0,3,2,2,26,0,0,40
527,1472,324,1,2,0,2,22,1,4,100
528,1473,1402,3,1,2,1,24,1,4,100
529,1474,487,1,0,0,0,66,2,0,80
530,1475,713,1,1,1,0,64,0,0,100
531,1476,1314,1,3,1,0,31,0,2,60
532,1477,1212,3,3,2,1,60,0,1,80
533,1478,99,4,0,2,3,49,2,1,80
535,1479,119,1,2,0,0,22,1,1,80
536,1480,1004,2,1,2,2,59,0,2,40
537,1481,350,2,2,1,0,37,2,2,100
538,1482,1139,1,1,0,1,25,2,0,40
539,1483,150,1,1,0,0,55,0,0,40
540,1484,817,4,0,1,2,49,0,2,60
541,1485,105,0,1,0,3,20,0,1,80
542,1486,122,0,1,1,3,68,0,2,40
543,1487,609,3,3,2,3,56,0,4,40
544,1488,224,0,0,0,3,34,2,1,100
546,1489,1154,2,1,1,2,37,2,4,100
547,1490,937,2,2,0,1,34,0,2,100
548,1491,1049,2,2,1,1,46,2,0,80
549,1492,358,1,2,1,3,37,2,2,100
550,1493,290,1,0,0,0,38,2,3,40
551,1494,778,3,0,0,2,24,2,4,40
552,1495,1003,3,1,1,1,51,2,0,80
553,1496,1212,4,1,1,1,56,0,0,100
554,1497,51,1,3,0,2,42,2,3,40
555,1498,584,2,2,0,3,29,1,3,60
558,1499,1313,0,3,1,0,63,1,1,80
559,1500,10,3,0,1,2,26,0,1,100
560,1501,627,3,3,0,3,27,1,4,40
561,1502,1395,0,2,2,3,46,1,1,100
562,1503,381,3,3,2,1,22,0,4,40
563,1504,479,3,0,0,2,23,0,4,60
564,1505,564,0,0,2,1,45,0,1,40
565,1506,571,2,2,0,1,39,1,2,60
566,1507,1116,1,0,0,1,39,0,2,100
567,1508,1077,4,1,0,0,35,0,1,60
569,1509,772,2,2,0,0,47,2,1,40
570,1510,621,4,1,2,1,68,2,4,100
571,1511,711,1,3,1,0,50,1,1,100
572,1512,909,0,1,0,1,40,1,4,60
573,1513,57,2,1,1,3,51,0,4,100
574,1514,876,1,0,2,2,68,1,3,60
575,1515,409,3,2,1,3,37,1,0,80
576,1516,139,4,2,2,2,31,0,4,40
577,1517,306,2,1,2,3,52,2,0,60
578,1518,115,2,0,2,3,64,0,3,40
580,1519,633,0,0,1,3,65,1,1,40
581,1520,102,2,3,0,0,59,1,4,80
582,1521,1333,4,1,0,2,59,2,1,60
583,1522,16,1,3,0,1,69,0,4,60
584,1523,967,3,2,0,1,20,2,0,100
585,1524,39,0,2,0,3,54,2,2,80
586,1525,488,3,2,1,1,56,0,0,40
587,1526,1364,2,1,1,1,35,2,0,100
588,1527,1289,2,2,2,1,36,1,2,100
589,1528,1020,4,3,1,1,54,0,2,80
591,1529,1300,3,1,0,2,38,2,3,80
592,1530,190,3,0,0,0,59,0,4,80
593,1531,691,2,1,2,1,25,2,2,100
594,1532,519,4,3,2,0,55,1,0,60
595,1533,150,4,0,0,2,51,2,2,100
596,1534,809,1,2,1,0,52,0,4,80
597,1535,1424,3,1,0,2,69,1,1,40
598,1536,1244,4,3,2,2,67,0,2,80
599,1537,528,2,3,1,1,49,2,1,40
600,1538,1429,2,1,2,2,31,0,0,60
602,1539,507,3,3,2,3,35,0,4,100
603,1540,1412,4,2,2,0,28,2,4,100
604,1541,263,4,0,2,3,53,1,2,40
605,1542,644,2,3,0,2,49,2,3,60
606,1543,1122,3,3,0,1,49,1,1,100
607,1544,1162,2,2,0,3,21,1,1,100
608,1545,464,4,3,0,1,26,1,2,80
609,1546,818,1,3,1,1,54,1,2,40
610,1547,736,4,1,2,3,51,0,1,80
611,1548,43,3,2,1,0,47,1,1,60
613,1549,1104,3,3,0,2,51,0,1,40
614,1550,1030,4,3,0,2,34,2,3,80
615,1551,394,3,3,0,2,29,0,2,40
616,1552,1146,4,3,1,1,26,1,0,100
617,1553,138,2,1,1,1,42,0,1,100
618,1554,1407,4,2,1,3,37,0,1,60
619,1555,1385,4,1,2,3,43,2,4,40
620,1556,462,4,2,0,3,22,1,0,60
621,1557,1060,0,2,0,2,45,2,1,80
622,1558,615,1,3,2,1,39,0,0,60
624,1559,892,1,3,0,0,54,0,2,60
625,1560,1283,1,0,0,0,52,0,1,40
626,1561,21,0,0,0,2,39,2,1,80
627,1562,614,0,1,0,3,21,1,3,100
628,1563,259,1,2,2,3,29,2,3,80
629,1564,869,2,2,2,2,44,2,3,100
630,1565,366,2,3,1,3,68,0,3,40
631,1566,178,3,0,1,2,33,1,4,80
632,1567,881,0,0,0,3,46,2,4,60
633,1568,445,0,2,0,2,39,2,1,100
635,1569,168,4,2,0,2,27,0,2,40
636,1570,195,2,0,2,1,66,0,1,60
637,1571,607,3,2,1,2,30,0,3,100
638,1572,43,1,1,2,0,31,0,0,60
639,1573,1297,0,2,0,1,52,2,4,100
640,1574,16,4,3,2,1,60,0,0,40
641,1575,759,1,1,0,0,59,0,4,80
642,1576,41,1,3,0,0,30,2,0,60
643,1577,491,0,3,0,3,24,2,3,40
644,1578,368,3,2,1,3,36,0,4,40
646,1579,1292,4,0,1,3,35,1,4,100
647,1580,1401,2,2,2,0,32,2,4,40
648,1581,371,2,1,0,1,36,2,1,100
649,1582,246,0,2,0,0,61,1,2,80
650,1583,337,3,2,2,2,27,0,1,100
651,1584,46,3,3,1,0,47,2,3,80
652,1585,1194,0,2,0,3,26,1,0,60
653,1586,570,2,3,0,3,23,1,2,80
654,1587,979,1,0,1,2,54,0,0,100
655,1588,1090,3,3,1,3,57,2,3,100
657,1589,429,4,0,0,3,47,0,2,80
658,1590,220,2,0,2,1,19,0,1,100
659,1591,1370,0,2,2,0,56,0,1,60
660,1592,1133,1,1,2,1,56,0,1,80
661,1593,65,3,2,0,1,40,2,4,40
662,1594,349,1,2,1,2,65,1,3,60
663,1595,863,3,2,1,2,44,2,0,40
664,1596,1005,4,0,0,1,69,0,4,80
665,1597,217,4,3,1,3,25,2,1,80
666,1598,1292,1,1,1,1,45,0,4,80
669,1599,256,2,0,1,0,34,1,4,40
670,1600,484,4,2,0,0,53,1,4,80
671,1601,1312,3,2,1,0,50,1,4,60
672,1602,298,3,1,2,0,29,1,4,60
673,1603,598,4,2,1,1,32,1,4,80
674,1604,222,1,1,0,2,60,2,4,40
675,1605,690,3,0,0,2,20,1,1,40
676,1606,629,2,0,2,3,58,1,0,40
677,1607,409,1,3,0,1,35,0,4,60
678,1608,1172,3,1,0,2,61,1,3,60
680,1609,244,3,0,0,0,60,0,4,60
681,1610,174,4,3,0,0,20,1,1,60
682,1611,657,1,2,2,2,69,2,0,80
683,1612,568,1,0,2,2,57,2,2,100
684,1613,153,0,2,0,2,23,2,1,80
685,1614,1014,2,2,1,1,35,1,3,100
686,1615,1161,2,3,1,1,22,2,4,40
687,1616,450,2,0,2,1,23,2,1,60
688,1617,639,2,1,1,0,59,0,2,40
689,1618,218,0,0,2,3,48,0,4,100
691,1619,1048,1,2,0,0,28,0,0,80
692,1620,571,2,3,2,0,66,1,1,80
693,1621,718,4,2,1,2,46,0,3,100
694,1622,786,3,1,2,1,68,1,4,100
695,1623,848,1,2,0,1,33,0,1,60
696,1624,461,2,2,0,0,37,1,0,80
697,1625,596,0,1,1,0,50,2,2,60
698,1626,859,0,2,1,3,51,1,0,60
699,1627,576,2,1,2,2,56,0,4,40
700,1628,248,4,0,0,0,46,1,3,60
702,1629,275,2,3,2,0,35,0,3,80
703,1630,150,3,1,1,2,55,1,3,80
704,1631,1034,2,1,2,3,34,0,1,80
705,1632,492,2,2,2,0,55,2,0,40
706,1633,1402,4,3,1,0,20,0,2,40
707,1634,681,2,3,2,0,21,0,3,80
708,1635,1318,0,2,0,1,25,1,3,80
709,1636,61,3,2,1,3,41,0,2,60
710,1637,367,3,0,0,3,25,2,2,80
711,1638,464,4,0,2,2,61,0,4,100
713,1639,75,0,2,0,0,63,1,1,60
714,1640,696,4,3,0,0,69,0,1,40
715,1641,490,1,0,0,0,57,0,3,100
716,1642,1048,0,3,2,3,41,0,4,80
717,1643,263,0,1,1,2,56,2,2,80
718,1644,470,1,3,1,2,60,1,2,80
719,1645,385,1,3,0,1,59,1,4,60
720,1646,991,3,0,2,0,18,1,4,100
721,1647,1237,2,0,1,2,49,0,0,80
722,1648,1268,3,3,2,2,64,1,4,40
724,1649,516,4,1,0,2,22,2,3,100
725,1650,726,3,1,0,3,22,0,2,80
726,1651,623,2,1,1,3,41,0,1,40
727,1652,1185,4,3,0,2,54,2,2,80
728,1653,1213,1,1,2,1,35,2,3,60
729,1654,1339,3,2,1,3,32,2,2,40
730,1655,275,1,1,2,0,64,2,0,60
731,1656,1353,2,3,0,3,35,1,0,100
732,1657,394,1,1,2,1,44,1,0,80
733,1658,966,2,2,2,0,28,2,2,40
735,1659,1033,2,1,2,0,66,2,2,40
736,1660,389,3,0,0,0,26,2,0,40
737,1661,1265,3,3,1,2,69,0,1,80
738,1662,1196,4,0,1,1,63,2,0,40
739,1663,1194,4,2,0,3,50,2,0,40
740,1664,776,4,2,0,3,68,0,0,40
741,1665,568,4,3,1,1,69,0,3,60
742,1666,102,4,1,1,3,63,2,3,80
743,1667,1317,4,3,2,1,57,0,3,40
744,1668,885,4,2,2,2,56,0,3,100
746,1669,553,1,1,0,3,30,0,2,100
747,1670,426,4,3,2,2,20,1,2,100
748,1671,989,0,2,1,0,59,2,3,100
749,1672,418,2,2,2,2,68,2,0,40
750,1673,1358,3,2,0,2,62,2,2,40
751,1674,669,1,0,2,2,43,0,2,100
752,1675,711,0,2,0,3,67,0,4,60
753,1676,1244,1,1,1,1,37,1,0,60
754,1677,1147,3,2,0,2,43,1,2,40
755,1678,595,1,0,2,3,36,0,1,60
757,1679,653,4,0,2,1,33,2,1,40
758,1680,898,4,0,2,3,32,0,0,100
759,1681,1029,0,3,2,2,53,2,4,60
760,1682,374,4,2,0,1,58,2,0,80
761,1683,980,4,0,2,3,30,1,2,100
762,1684,663,3,1,0,1,42,0,3,40
763,1685,855,0,1,0,0,29,1,4,40
764,1686,159,1,1,1,1,53,1,4,40
765,1687,1360,2,3,1,1,56,1,4,100
766,1688,1115,0,3,1,3,65,2,0,60
768,1689,713,1,1,1,2,43,2,2,100
769,1690,527,2,0,0,0,47,1,3,100
770,1691,803,4,1,2,2,33,1,1,40
771,1692,1031,1,3,1,1,45,0,0,60
772,1693,1182,3,2,0,2,18,2,3,100
773,1694,1160,2,1,0,2,48,0,1,40
774,1695,842,3,3,2,2,67,0,2,100
775,1696,235,1,3,2,1,34,1,4,100
776,1697,973,3,0,2,1,39,2,2,100
777,1698,249,0,3,2,2,29,1,2,40
780,1699,242,1,3,2,1,65,1,3,40
781,1700,649,3,3,1,0,63,2,0,40
782,1701,1280,1,0,0,0,68,0,4,80
783,1702,288,0,1,0,0,42,0,0,40
784,1703,1107,4,2,1,0,32,0,2,100
785,1704,1334,1,1,2,0,50,2,0,100
786,1705,133,1,2,1,3,48,1,3,40
787,1706,1303,2,3,2,1,62,1,4,40
788,1707,390,3,3,2,2,27,2,0,80
789,1708,1211,0,2,2,3,65,2,4,100
791,1709,1063,0,0,1,3,42,2,4,80
792,1710,999,2,0,0,3,19,0,2,100
793,1711,858,2,2,2,2,26,0,2,60
794,1712,490,0,0,2,0,40,0,0,40
795,1713,346,4,1,2,0,68,0,0,80
796,1714,1253,1,3,2,1,60,2,4,40
797,1715,1076,1,2,1,0,53,0,3,40
798,1716,1224,0,3,2,2,54,2,2,60
799,1717,540,3,0,0,3,56,1,4,100
800,1718,1395,1,0,2,1,18,2,0,40
802,1719,160,1,0,0,0,55,2,1,80
803,1720,424,3,1,1,2,28,1,2,40
804,1721,791,3,3,2,0,28,0,0,60
805,1722,1349,3,0,0,3,23,2,0,100
806,1723,1407,2,3,0,0,62,1,3,100
807,1724,817,2,0,2,3,54,1,2,80
808,1725,573,2,2,1,3,23,2,3,100
809,1726,1373,3,0,2,3,29,0,1,40
810,1727,1027,1,0,0,2,65,0,0,100
811,1728,1298,1,3,0,2,42,2,1,100
813,1729,451,4,0,0,3,22,2,1,80
814,1730,1008,2,0,1,0,39,1,1,80
815,1731,175,1,1,0,2,58,0,4,60
816,1732,697,3,1,1,3,65,2,0,40
817,1733,603,0,0,2,2,31,1,3,40
818,1734,883,3,2,1,2,51,2,4,100
819,1735,758,3,0,0,1,49,1,1,80
820,1736,1385,0,0,2,0,28,2,2,100
821,1737,91,0,0,1,1,43,2,2,100
822,1738,247,1,1,1,3,36,1,0,80
824,1739,1180,2,3,0,2,36,1,3,100
825,1740,411,3,1,2,0,19,1,0,100
826,1741,646,2,0,0,1,42,2,2,80
827,1742,61,4,3,2,0,33,0,1,80
828,1743,520,1,1,0,0,18,2,0,80
829,1744,1237,4,3,1,0,65,1,1,80
830,1745,504,1,2,2,3,50,2,0,60
831,1746,325,3,0,2,0,50,1,0,60
832,1747,765,4,0,0,0,42,0,2,80
833,1748,199,2,2,0,1,29,2,0,100
835,1749,134,1,3,2,0,41,2,2,40
836,1750,414,4,3,0,3,30,0,3,80
837,1751,1107,3,2,0,3,23,1,4,40
838,1752,73,0,1,0,1,30,1,3,60
839,1753,1150,1,1,2,3,41,1,4,40
840,1754,1184,2,3,0,3,42,1,3,60
841,1755,1437,3,0,2,0,59,2,1,80
842,1756,960,0,3,0,3,49,1,4,100
843,1757,964,1,1,2,1,56,2,0,40
844,1758,1211,1,1,1,1,25,1,0,80
846,1759,820,3,1,1,2,24,0,1,80
847,1760,156,0,2,2,3,49,2,3,100
848,1761,1284,2,0,1,2,54,0,1,100
849,1762,739,3,1,2,3,27,2,2,100
850,1763,1057,3,2,0,0,20,1,4,100
851,1764,175,1,3,0,1,58,2,2,40
852,1765,1080,4,2,2,0,34,0,3,100
853,1766,388,3,2,1,0,34,2,2,40
854,1767,261,0,2,1,3,28,2,3,80
855,1768,1435,1,1,2,0,34,1,3,100
857,1769,530,4,3,2,0,25,0,1,80
858,1770,353,3,1,0,0,30,1,3,40
859,1771,1123,4,3,1,0,46,1,1,60
860,1772,22,3,3,2,0,34,2,1,40
861,1773,127,2,1,0,2,24,0,1,80
862,1774,163,3,1,0,3,48,2,0,80
863,1775,4,3,1,1,1,64,0,0,100
864,1776,959,0,0,2,0,39,1,2,100
865,1777,213,1,2,0,1,63,1,2,40
866,1778,224,1,2,0,1,23,1,3,60
868,1779,1187,2,3,2,0,24,1,2,80
869,1780,905,3,3,2,0,36,0,0,40
870,1781,100,2,2,0,0,30,2,3,80
871,1782,817,4,0,1,2,37,1,2,60
872,1783,1261,1,3,2,0,58,2,2,80
873,1784,89,1,2,2,0,47,2,1,100
874,1785,701,2,0,1,1,62,0,0,40
875,1786,927,0,2,1,0,22,0,2,80
876,1787,629,3,3,1,0,53,0,3,80
877,1788,17,1,0,1,0,19,0,4,60
879,1789,114,0,2,0,1,63,2,2,60
880,1790,1282,4,3,0,3,42,2,1,40
881,1791,551,4,1,1,3,58,0,1,60
882,1792,1219,2,1,2,1,59,1,4,40
883,1793,656,0,3,0,1,30,2,2,80
884,1794,1101,2,2,0,2,63,0,0,80
885,1795,1076,2,3,0,0,57,1,0,60
886,1796,1306,4,3,2,0,21,1,0,100
887,1797,1041,4,2,0,1,55,2,3,40
888,1798,1217,3,2,0,2,29,0,4,60
891,1799,487,4,2,0,0,69,0,1,60
892,1800,1220,1,0,1,0,25,1,4,100
893,1801,1264,2,3,0,3,67,0,4,80
894,1802,460,2,2,2,1,44,1,0,100
895,1803,48,4,1,0,2,51,0,4,80
896,1804,199,2,3,2,2,61,2,0,40
897,1805,240,4,3,0,0,20,0,3,60
898,1806,307,4,1,2,1,29,0,2,100
899,1807,1076,0,3,2,0,50,0,2,80
900,1808,1255,2,3,1,0,68,1,4,100
902,1809,155,1,3,1,2,56,0,1,80
903,1810,1120,1,2,0,3,53,2,2,60
904,1811,850,0,2,1,3,38,2,1,40
905,1812,50,0,3,1,3,64,0,2,40
906,1813,942,0,0,0,1,22,0,0,80
907,1814,1246,4,0,0,0,41,2,3,60
908,1815,1031,2,1,0,1,61,1,4,80
909,1816,1096,2,1,2,2,38,2,0,40
910,1817,440,4,2,0,0,48,0,1,60
911,1818,1213,3,3,1,0,32,1,2,60
913,1819,276,2,3,0,0,24,2,0,60
914,1820,362,0,1,2,2,53,0,0,60
915,1821,1070,3,2,0,0,50,0,4,40
916,1822,1181,4,3,2,1,46,2,0,60
917,1823,1118,0,2,0,0,57,2,3,100
918,1824,835,2,2,1,3,26,1,4,40
919,1825,349,4,3,0,0,29,0,0,60
920,1826,770,1,0,2,0,39,1,3,80
921,1827,1302,1,3,1,1,41,0,0,60
922,1828,1284,2,2,0,1,52,2,1,40
924,1829,997,1,2,2,3,33,0,1,100
925,1830,1344,1,1,2,1,63,1,1,100
926,1831,427,2,2,1,0,29,2,0,40
927,1832,806,2,2,0,3,49,0,0,40
928,1833,1337,4,1,2,2,40,1,1,80
929,1834,710,0,0,0,2,20,2,4,100
930,1835,1020,0,3,1,1,20,1,3,100
931,1836,1189,4,0,1,3,26,1,4,100
932,1837,267,0,0,0,3,57,0,4,40
933,1838,761,2,3,1,0,53,0,4,100
935,1839,1053,4,3,1,0,55,2,4,80
936,1840,641,4,3,1,3,57,0,4,100
937,1841,92,1,1,0,3,19,1,1,60
938,1842,446,3,2,2,1,37,0,1,60
939,1843,150,2,0,2,2,66,2,2,40
940,1844,302,2,2,1,3,47,2,0,40
941,1845,1067,2,0,0,3,64,1,1,80
942,1846,1414,0,3,0,2,24,1,2,60
943,1847,494,1,0,0,2,48,2,0,80
944,1848,976,0,2,2,0,30,1,4,60
946,1849,668,1,3,0,3,41,2,2,40
947,1850,709,4,0,1,3,60,0,3,60
948,1851,210,2,1,1,2,47,2,2,40
949,1852,1173,0,3,1,0,59,1,2,80
950,1853,762,2,3,2,0,30,0,3,40
951,1854,1041,2,0,0,0,60,1,4,40
952,1855,869,4,3,2,0,30,1,4,80
953,1856,1124,0,1,0,3,54,1,1,80
954,1857,1185,1,0,2,0,34,1,4,40
955,1858,832,0,1,0,0,45,2,4,80
957,1859,371,3,0,1,2,41,0,0,80
958,1860,848,0,1,0,0,31,0,3,80
959,1861,682,0,0,0,0,46,2,0,100
960,1862,585,2,0,2,2,54,1,4,100
961,1863,358,4,2,2,3,21,2,2,100
962,1864,753,1,2,1,3,66,1,2,60
963,1865,918,0,2,1,1,68,1,4,80
964,1866,528,3,1,2,3,49,2,3,60
965,1867,1017,0,1,1,0,28,2,3,60
966,1868,251,0,2,1,2,19,0,2,80
968,1869,1273,2,2,1,2,18,1,0,80
969,1870,927,2,3,1,1,62,2,0,80
970,1871,1407,1,2,2,2,67,2,3,80
971,1872,951,1,3,0,0,69,1,2,60
972,1873,435,0,2,0,1,58,0,1,80
973,1874,81,1,0,1,0,33,2,3,80
974,1875,761,4,3,1,2,40,2,4,60
975,1876,1116,0,1,2,3,21,1,2,60
976,1877,574,1,2,2,3,52,2,2,100
977,1878,213,2,2,2,2,60,1,2,40
979,1879,61,2,2,2,3,69,1,0,80
980,1880,519,4,3,0,2,57,2,0,100
981,1881,105,1,3,1,0,55,1,4,60
982,1882,1267,3,1,2,1,46,2,2,60
983,1883,1257,0,2,1,3,28,2,3,60
984,1884,1109,3,2,0,2,27,2,4,60
985,1885,664,2,3,2,3,63,1,0,60
986,1886,402,0,0,0,2,60,2,1,60
987,1887,328,3,1,0,1,26,1,2,100
988,1888,784,0,3,1,2,45,0,2,60
990,1889,249,2,1,0,2,34,1,2,100
991,1890,1346,4,1,1,3,36,2,2,60
992,1891,328,3,1,2,0,32,0,0,60
993,1892,455,3,1,0,3,48,0,2,40
994,1893,60,1,3,2,2,67,0,3,40
995,1894,96,0,1,1,2,54,1,1,100
996,1895,695,4,2,0,1,34,0,1,40
997,1896,893,3,0,2,1,54,2,1,60
998,1897,797,4,0,1,1,26,1,2,80
999,1898,852,4,3,0,3,40,0,4,100
1002,1899,728,3,0,0,2,53,0,1,100
1003,1900,1431,1,0,0,1,53,2,0,100
1004,1901,772,2,0,0,2,38,1,2,40
1005,1902,1023,0,0,2,3,64,1,2,80
1006,1903,1373,0,2,2,0,22,1,3,60
1007,1904,723,0,0,2,1,45,2,1,60
1008,1905,1080,2,0,2,0,18,0,1,100
1009,1906,575,2,3,0,0,47,2,2,40
1010,1907,300,1,0,2,3,55,0,1,80
1011,1908,364,4,1,2,0,61,0,2,80
1013,1909,1206,3,1,0,2,21,1,4,80
1014,1910,545,3,2,2,2,55,1,2,80
1015,1911,640,0,2,0,1,57,0,3,60
1016,1912,1321,2,2,2,2,55,0,1,100
1017,1913,303,2,2,0,3,62,2,2,60
1018,1914,1176,4,2,1,3,43,1,2,40
1019,1915,1023,0,0,0,3,35,2,2,60
1020,1916,34,3,3,0,0,61,1,0,100
1021,1917,690,3,2,2,0,58,1,4,60
1022,1918,507,2,2,2,1,22,2,3,60
1024,1919,595,4,1,1,1,21,1,3,80
1025,1920,701,0,3,1,0,64,1,0,60
1026,1921,301,2,2,0,1,57,1,4,100
1027,1922,1026,1,0,2,0,69,2,0,60
1028,1923,211,2,3,1,1,62,0,2,60
1029,1924,483,4,0,2,3,27,0,0,40
1030,1925,1053,0,1,1,0,54,1,0,80
1031,1926,1112,0,2,2,2,43,1,1,60
1032,1927,296,0,2,0,2,65,0,0,80
1033,1928,1039,2,3,0,1,63,1,2,40
1035,1929,707,4,0,0,1,30,0,1,80
1036,1930,464,1,1,0,2,54,1,2,60
1037,1931,379,4,2,1,0,24,0,3,80
1038,1932,1421,2,1,1,2,51,2,3,100
1039,1933,412,1,3,1,0,54,0,2,100
1040,1934,1223,1,0,2,0,47,0,4,60
1041,1935,1067,3,1,1,0,33,2,4,80
1042,1936,851,2,2,2,1,37,0,1,40
1043,1937,1318,1,0,2,2,46,0,1,80
1044,1938,519,0,3,2,0,26,0,2,80
1046,1939,721,0,2,2,2,56,0,3,60
1047,1940,1433,0,3,0,2,41,1,3,60
1048,1941,460,3,1,2,0,28,2,4,40
1049,1942,1217,0,2,0,1,62,0,4,60
1050,1943,524,4,2,1,1,29,2,4,80
1051,1944,340,4,3,0,0,40,1,1,100
1052,1945,212,2,3,1,1,56,0,3,60
1053,1946,1223,4,3,2,3,67,0,4,100
1054,1947,370,3,3,1,3,55,0,4,100
1055,1948,240,3,1,0,3,65,0,1,80
1057,1949,683,4,3,1,3,21,0,4,60
1058,1950,528,1,1,2,0,21,0,4,100
1059,1951,979,0,0,2,3,43,2,4,40
1060,1952,65,2,3,2,2,62,1,3,80
1061,1953,65,2,1,1,2,44,0,0,40
1062,1954,1330,0,2,1,0,27,2,3,60
1063,1955,81,3,0,2,1,25,2,2,80
1064,1956,71,2,2,2,0,21,0,2,40
1065,1957,788,1,1,1,2,50,0,0,80
1066,1958,407,3,2,0,0,34,2,0,100
1068,1959,25,0,2,1,2,29,0,2,80
1069,1960,303,0,3,2,2,46,1,0,60
1070,1961,398,4,0,1,0,26,2,0,40
1071,1962,918,0,0,2,0,32,2,2,100
1072,1963,625,1,2,2,1,37,1,4,60
1073,1964,183,4,0,1,0,48,2,3,80
1074,1965,308,0,1,0,2,47,2,3,40
1075,1966,1106,1,2,0,3,42,2,2,80
1076,1967,843,0,3,0,2,45,2,0,40
1077,1968,446,3,0,2,1,48,1,2,60
1079,1969,477,2,2,1,1,48,2,4,60
1080,1970,1361,1,2,0,0,42,0,2,80
1081,1971,1070,2,1,1,2,45,1,0,40
1082,1972,1020,1,2,0,1,25,0,1,100
1083,1973,27,4,1,0,3,32,0,3,40
1084,1974,743,3,0,2,3,26,0,3,40
1085,1975,206,4,3,2,2,66,1,1,80
1086,1976,168,3,1,1,3,54,2,4,40
1087,1977,708,1,1,1,1,45,0,2,80
1088,1978,24,2,2,2,1,18,1,2,80
1090,1979,1214,4,1,1,0,21,0,1,60
1091,1980,1018,1,3,2,2,39,1,3,60
1092,1981,74,1,1,0,0,44,2,3,40
1093,1982,869,4,1,0,2,30,0,4,60
1094,1983,595,4,0,1,3,66,2,2,100
1095,1984,382,2,2,0,2,53,2,1,100
1096,1985,5,4,1,2,1,29,2,2,100
1097,1986,705,4,2,2,3,34,0,1,80
1098,1987,1033,1,0,1,0,28,1,2,40
1099,1988,1198,4,2,0,1,48,1,0,100
1101,1989,537,2,3,0,3,61,0,0,40
1102,1990,1204,3,3,0,3,49,2,3,40
1103,1991,533,3,3,2,1,41,1,4,60
1104,1992,1031,3,0,2,1,44,2,2,40
1105,1993,1031,4,2,1,1,64,2,4,100
1106,1994,731,4,0,0,2,30,0,0,40
1107,1995,822,2,2,0,0,52,1,4,40
1108,1996,217,1,3,1,3,21,0,3,40
1109,1997,222,3,0,1,3,30,1,1,60
1110,1998,963,1,1,1,2,57,0,0,80
1114,1999,28,3,1,1,2,47,2,2,40
1115,2000,1116,3,1,2,2,26,2,4,100
1116,2001,1417,1,3,0,1,37,1,1,100
1117,2002,1089,0,2,0,3,37,1,1,40
1118,2003,186,0,2,2,1,47,1,3,80
1119,2004,1187,0,0,2,1,54,0,0,40
1120,2005,1116,0,3,0,3,27,2,4,60
1121,2006,1200,4,3,1,3,31,1,4,40
1122,2007,548,2,3,0,2,22,1,2,80
1123,2008,1238,1,1,0,2,46,2,0,100
1125,2009,110,3,0,1,0,57,0,1,100
1126,2010,605,1,2,2,2,60,0,4,100
1127,2011,670,0,2,2,1,23,2,2,80
1128,2012,987,0,2,1,3,36,0,1,80
1129,2013,143,2,1,1,0,37,0,1,80
1130,2014,1277,4,3,1,0,42,0,3,60
1131,2015,1079,2,1,0,0,34,2,3,80
1132,2016,738,2,0,0,3,54,1,4,40
1133,2017,862,4,2,1,0,39,2,2,40
1134,2018,917,0,1,1,1,32,1,2,100
1136,2019,1393,2,1,2,0,27,1,2,60
1137,2020,134,4,2,1,2,61,1,1,100
1138,2021,719,4,1,2,2,46,1,1,60
1139,2022,1278,0,2,2,0,43,1,1,40
1140,2023,971,0,2,0,3,58,0,0,100
1141,2024,211,1,0,1,3,32,2,2,40
1142,2025,28,3,3,0,0,39,0,4,40
1143,2026,197,3,1,1,0,58,0,4,60
1144,2027,96,1,3,1,3,52,1,1,80
1145,2028,1333,4,2,2,3,53,1,3,100
1147,2029,992,1,2,2,1,29,2,2,80
1148,2030,1202,2,0,1,0,55,2,2,80
1149,2031,788,2,1,2,3,19,0,1,40
1150,2032,234,2,2,1,3,67,2,0,40
1151,2033,1163,3,3,1,2,32,1,4,80
1152,2034,921,1,1,2,0,30,2,0,40
1153,2035,472,4,0,2,0,30,1,4,100
1154,2036,407,3,3,1,2,66,1,4,60
1155,2037,1303,2,3,2,3,19,2,2,60
1156,2038,449,3,0,0,2,47,1,2,100
1158,2039,1011,0,2,1,0,38,0,1,80
1159,2040,1277,3,1,1,0,50,2,4,60
1160,2041,192,4,0,2,3,68,1,2,80
1161,2042,383,2,1,0,0,22,0,0,80
1162,2043,285,4,2,2,3,47,1,3,60
1163,2044,62,1,0,0,2,26,2,2,40
1164,2045,1146,2,1,1,1,67,1,1,40
1165,2046,1248,2,0,2,3,63,2,3,40
1166,2047,227,1,2,0,2,66,1,1,40
1167,2048,996,4,3,0,0,53,2,4,100
1169,2049,531,1,2,2,2,50,2,0,40
1170,2050,1322,4,3,0,3,60,1,0,40
1171,2051,1226,4,1,2,2,31,1,2,40
1172,2052,28,2,3,0,1,55,0,4,100
1173,2053,361,2,2,0,2,47,1,0,60
1174,2054,80,4,1,0,1,44,2,3,100
1175,2055,1097,4,2,2,0,42,0,0,40
1176,2056,370,1,3,0,1,19,2,4,80
1177,2057,787,1,3,1,0,61,1,1,40
1178,2058,1087,0,3,0,0,30,1,3,60
1180,2059,594,2,0,0,1,67,2,0,80
1181,2060,970,4,2,0,3,33,2,1,80
1182,2061,504,3,3,1,2,28,1,1,100
1183,2062,89,2,2,2,3,52,2,3,60
1184,2063,321,4,0,1,0,34,0,4,40
1185,2064,1256,4,1,2,0,47,2,1,40
1186,2065,946,4,2,2,2,69,0,1,80
1187,2066,819,3,1,1,0,67,0,0,80
1188,2067,1159,3,2,0,0,63,0,0,40
1189,2068,392,0,1,0,2,52,1,3,80
1191,2069,427,3,0,1,3,49,1,1,40
1192,2070,339,1,2,0,2,42,0,0,100
1193,2071,67,2,1,2,1,45,0,3,40
1194,2072,563,0,3,2,0,61,2,3,60
1195,2073,1393,4,1,1,3,23,1,0,80
1196,2074,633,1,0,1,3,37,1,0,100
1197,2075,1417,0,3,0,1,19,1,1,100
1198,2076,1137,3,3,2,3,66,2,2,100
1199,2077,514,1,0,2,0,64,2,1,80
1200,2078,508,0,3,2,1,56,0,2,80
1202,2079,1083,1,1,0,1,55,2,3,60
1203,2080,1232,4,0,0,2,56,2,0,100
1204,2081,571,0,1,1,0,33,1,2,40
1205,2082,748,3,2,0,1,23,2,2,60
1206,2083,161,3,1,2,2,44,0,4,80
1207,2084,58,2,3,2,0,38,2,3,60
1208,2085,923,3,2,1,0,33,1,0,60
1209,2086,1326,0,0,1,2,53,1,2,60
1210,2087,1399,4,3,1,1,59,0,3,60
1211,2088,920,1,0,2,3,25,2,2,100
1213,2089,146,0,2,0,3,43,2,2,60
1214,2090,577,1,0,2,1,46,1,1,80
1215,2091,1086,4,2,0,0,65,1,4,100
1216,2092,492,3,3,0,1,36,0,1,80
1217,2093,1342,2,3,2,2,27,0,2,40
1218,2094,186,2,3,1,1,35,0,0,100
1219,2095,1395,4,2,0,3,21,1,4,60
1220,2096,1114,4,1,1,3,36,2,4,40
1221,2097,209,3,0,1,1,63,0,0,60
1222,2098,167,4,0,1,1,32,2,3,60
1225,2099,1295,0,0,1,0,23,0,2,100
1226,2100,1294,3,2,2,0,20,1,1,100
1227,2101,1240,4,3,1,3,57,2,2,100
1228,2102,1336,0,2,0,1,20,2,2,40
1229,2103,274,2,0,0,1,32,2,2,60
1230,2104,1199,2,1,1,0,68,2,2,40
1231,2105,776,0,2,1,3,27,0,2,80
1232,2106,726,0,1,2,2,57,0,4,100
1233,2107,355,2,3,1,1,57,1,0,80
1234,2108,1415,2,3,0,3,56,1,2,100
1236,2109,50,3,1,1,0,67,2,1,80
1237,2110,217,2,0,0,1,66,0,0,40
1238,2111,1400,0,1,2,1,33,1,0,40
1239,2112,264,4,0,1,0,21,1,1,40
1240,2113,241,2,2,1,3,53,0,1,100
1241,2114,863,2,3,2,1,42,0,0,40
1242,2115,692,4,0,2,3,21,2,0,100
1243,2116,4,3,1,2,0,43,0,0,80
1244,2117,1311,0,0,1,2,46,2,3,100
1245,2118,928,1,1,1,3,32,0,4,100
1247,2119,1278,4,1,1,0,40,1,3,40
1248,2120,489,3,2,1,3,22,0,1,80
1249,2121,1274,0,2,0,1,27,2,1,60
1250,2122,1211,3,3,0,2,53,2,3,40
1251,2123,1413,3,1,2,2,48,0,0,60
1252,2124,674,3,3,2,1,23,0,3,40
1253,2125,116,3,0,1,1,55,2,3,60
1254,2126,599,2,2,2,3,54,0,4,80
1255,2127,1372,2,1,1,1,32,0,4,60
1256,2128,272,2,2,2,3,24,1,2,80
1258,2129,1327,2,1,2,2,41,2,4,80
1259,2130,644,0,0,2,3,63,1,0,40
1260,2131,1021,2,2,1,3,38,0,0,40
1261,2132,1337,3,2,1,2,52,0,2,80
1262,2133,1243,2,0,1,3,49,1,4,60
1263,2134,561,1,2,0,1,27,2,3,60
1264,2135,904,2,3,0,3,22,0,4,60
1265,2136,256,2,3,0,3,24,2,2,100
1266,2137,938,2,0,1,2,31,2,0,40
1267,2138,318,4,1,0,1,61,1,3,80
1269,2139,434,0,0,2,0,44,2,4,60
1270,2140,285,1,3,0,2,54,1,4,80
1271,2141,976,3,2,2,2,57,1,3,40
1272,2142,942,4,1,0,3,61,1,3,40
1273,2143,1048,1,2,0,3,21,1,4,60
1274,2144,803,2,2,2,3,24,1,1,40
1275,2145,650,1,3,0,2,64,0,4,40
1276,2146,1093,4,2,1,3,27,2,0,80
1277,2147,628,3,3,0,2,59,2,1,80
1278,2148,556,2,0,2,0,53,2,0,80
1280,2149,260,3,3,0,0,50,2,2,80
1281,2150,172,1,1,2,0,55,0,4,100
1282,2151,8,2,0,2,2,64,2,2,40
1283,2152,850,4,0,0,3,55,2,2,80
1284,2153,119,2,2,2,0,33,0,4,100
1285,2154,209,1,0,1,3,64,0,1,80
1286,2155,954,0,2,1,3,43,2,1,100
1287,2156,963,1,2,0,0,19,1,2,100
1288,2157,734,0,3,2,3,57,1,4,60
1289,2158,251,0,2,1,1,19,0,4,100
1291,2159,1137,1,2,2,1,25,0,1,100
1292,2160,288,3,2,1,1,34,1,3,100
1293,2161,100,4,0,1,1,59,2,2,80
1294,2162,603,2,3,1,2,33,0,0,80
1295,2163,189,2,0,0,0,49,2,0,40
1296,2164,64,2,2,0,0,69,2,0,40
1297,2165,153,3,2,0,2,62,2,4,80
1298,2166,752,2,2,1,2,23,0,0,80
1299,2167,712,1,3,1,1,31,1,1,80
1300,2168,1412,0,2,0,2,21,0,1,100
1302,2169,974,3,2,2,3,42,2,1,80
1303,2170,965,4,1,2,1,36,0,1,100
1304,2171,621,1,1,2,3,42,1,2,100
1305,2172,909,4,1,1,1,50,0,0,100
1306,2173,642,1,2,2,0,29,1,3,40
1307,2174,1330,0,1,1,3,64,2,1,80
1308,2175,1203,0,1,2,1,35,1,0,100
1309,2176,1371,2,2,0,3,26,0,1,60
1310,2177,940,2,3,1,2,52,0,3,100
1311,2178,629,4,3,1,2,19,1,3,80
1313,2179,1275,1,3,1,3,44,0,4,60
1314,2180,980,0,1,1,2,52,0,1,60
1315,2181,22,0,0,1,0,52,1,2,60
1316,2182,1133,1,0,1,1,39,0,3,100
1317,2183,932,2,2,1,2,62,0,3,60
1318,2184,598,2,2,1,2,59,2,0,80
1319,2185,339,1,3,0,3,20,2,3,40
1320,2186,399,1,2,1,2,65,2,0,100
1321,2187,499,2,2,0,3,66,2,1,40
1322,2188,838,1,0,2,2,37,0,3,40
1324,2189,1326,2,0,1,2,59,1,0,100
1325,2190,155,1,0,1,2,57,0,3,60
1326,2191,882,0,2,0,1,36,1,2,60
1327,2192,34,2,2,1,0,50,2,3,40
1328,2193,477,2,0,2,0,65,2,4,60
1329,2194,1286,4,1,0,3,46,0,2,60
1330,2195,223,0,1,1,3,36,2,0,100
1331,2196,448,0,1,1,1,28,2,1,100
1332,2197,761,4,2,1,1,62,1,0,40
1333,2198,1229,3,1,1,0,37,0,4,100
1336,2199,78,1,0,0,3,41,2,4,100
1337,2200,1297,3,3,2,1,54,1,0,100
1338,2201,304,0,1,2,3,50,0,3,40
1339,2202,571,2,1,1,1,69,0,2,60
1340,2203,146,3,3,0,2,24,2,1,100
1341,2204,1277,0,3,0,2,47,0,4,60
1342,2205,337,1,3,2,3,29,2,3,80
1343,2206,340,2,2,0,2,47,2,1,40
1344,2207,1070,1,1,0,0,33,1,1,80
1345,2208,1399,1,1,2,3,39,1,0,80
1347,2209,1369,4,2,1,1,47,0,3,100
1348,2210,549,1,3,2,1,43,1,0,60
1349,2211,252,0,0,1,1,39,2,4,40
1350,2212,960,3,3,2,3,52,2,1,100
1351,2213,503,0,0,0,3,57,2,0,40
1352,2214,838,2,1,0,3,54,0,4,100
1353,2215,247,0,0,0,2,48,2,4,80
1354,2216,623,1,1,1,0,30,1,3,40
1355,2217,157,2,0,2,1,65,1,2,80
1356,2218,321,0,2,2,1,27,0,2,100
1358,2219,882,4,2,0,2,46,0,4,40
1359,2220,1099,1,3,2,1,43,2,1,40
1360,2221,20,1,2,2,2,65,2,4,40
1361,2222,1374,3,0,0,2,52,2,3,40
1362,2223,775,2,0,0,2,60,0,2,80
1363,2224,1356,2,1,2,1,37,2,2,80
1364,2225,42,2,0,2,0,37,1,2,60
1365,2226,691,3,3,2,2,46,2,2,60
1366,2227,948,1,2,1,3,67,1,4,40
1367,2228,1427,4,1,1,2,27,1,1,60
1369,2229,533,4,3,2,0,31,2,1,60
1370,2230,427,4,2,2,1,19,1,2,80
1371,2231,590,2,0,1,2,20,0,0,40
1372,2232,974,2,1,2,3,26,0,4,40
1373,2233,476,4,2,0,1,60,2,2,100
1374,2234,465,2,0,0,2,55,2,0,60
1375,2235,329,0,1,2,1,48,1,3,80
1376,2236,1425,2,3,0,3,25,0,2,100
1377,2237,1010,0,2,0,2,58,1,3,40
1378,2238,1305,2,0,0,3,27,0,1,60
1380,2239,868,2,3,1,3,37,2,2,40
1381,2240,363,2,1,1,2,34,1,1,100
1382,2241,106,1,1,2,1,24,1,3,100
1383,2242,176,3,3,0,1,32,0,4,40
1384,2243,417,4,2,1,2,51,0,4,40
1385,2244,595,1,2,2,1,65,1,3,60
1386,2245,607,2,1,2,1,31,1,1,60
1387,2246,243,4,0,1,3,43,0,0,60
1388,2247,545,1,1,2,3,64,2,1,100
1389,2248,1360,2,1,0,1,66,1,4,100
1391,2249,1317,4,1,0,0,30,2,0,60
1392,2250,417,1,3,0,2,66,1,0,60
1393,2251,814,1,2,2,1,25,1,3,60
1394,2252,1110,3,3,1,3,43,0,2,80
1395,2253,807,4,2,2,0,60,1,4,40
1396,2254,1157,4,2,0,3,25,1,1,80
1397,2255,1155,2,3,1,2,48,0,0,60
1398,2256,1079,2,1,0,2,35,0,0,40
1399,2257,1318,3,3,2,2,59,1,3,100
1400,2258,1291,3,3,0,3,41,0,4,60
1402,2259,1424,1,0,1,2,52,1,1,60
1403,2260,525,1,0,0,0,65,1,0,40
1404,2261,322,0,0,1,2,22,2,1,80
1405,2262,1057,1,0,1,3,45,0,3,80
1406,2263,48,3,2,0,2,29,2,1,80
1407,2264,825,2,1,0,2,63,2,2,80
1408,2265,678,1,1,1,2,64,0,2,40
1409,2266,1193,4,0,2,3,59,2,4,60
1410,2267,505,4,1,1,1,31,1,1,100
1411,2268,485,3,3,2,3,65,0,0,60
1413,2269,230,1,0,2,1,40,0,2,80
1414,2270,1306,3,0,0,1,44,0,1,80
1415,2271,377,2,3,0,1,59,1,2,80
1416,2272,283,3,3,0,3,25,1,2,80
1417,2273,795,1,2,0,3,25,2,1,60
1418,2274,373,1,1,1,1,52,0,0,80
1419,2275,413,0,3,2,3,66,0,1,60
1420,2276,302,1,1,0,0,27,1,3,40
1421,2277,490,3,1,0,0,65,0,0,40
1422,2278,69,3,0,1,3,62,1,1,60
1424,2279,516,1,1,2,2,45,0,4,100
1425,2280,1303,0,2,1,0,25,2,1,80
1426,2281,1219,4,2,2,3,56,1,3,40
1427,2282,845,1,1,1,1,38,2,2,60
1428,2283,447,3,0,0,0,68,2,3,100
1429,2284,193,0,3,2,1,50,0,4,80
1430,2285,1255,3,1,2,2,55,0,1,60
1431,2286,1094,0,3,2,3,68,2,0,80
1432,2287,396,3,3,1,1,50,0,2,80
1433,2288,1375,2,3,2,0,23,0,4,60
1435,2289,1195,4,2,1,2,20,1,0,60
1436,2290,481,1,3,1,1,43,2,2,100
1437,2291,996,4,1,0,1,60,2,1,40
1438,2292,159,3,2,2,3,37,2,3,40
1439,2293,1201,3,2,1,1,35,1,3,80
1440,2294,727,2,1,1,2,57,1,1,80
1441,2295,360,1,3,0,1,20,2,2,80
1442,2296,349,4,3,2,1,58,0,1,100
1443,2297,970,3,3,2,2,67,0,2,40
1444,2298,105,4,2,0,0,35,2,4,40
1447,2299,231,1,1,1,1,19,0,3,100
1448,2300,1389,2,2,2,2,55,1,0,40
1449,2301,1398,4,2,1,2,46,2,3,80
1450,2302,136,3,2,1,3,59,0,4,80
1451,2303,917,0,2,0,1,31,0,3,100
1452,2304,600,2,0,0,3,29,2,4,100
1453,2305,723,2,2,0,2,19,2,4,80
1454,2306,1248,3,2,0,2,23,1,0,60
1455,2307,208,2,3,2,1,53,1,3,60
1456,2308,1434,2,3,2,2,67,1,1,100
1458,2309,319,1,2,0,3,42,2,2,80
1459,2310,195,3,2,0,3,61,1,3,40
1460,2311,728,4,3,1,3,67,1,4,100
1461,2312,1436,0,2,2,0,52,0,4,60
1462,2313,349,2,0,0,1,52,2,4,100
1463,2314,167,1,3,0,1,30,1,3,60
1464,2315,1321,3,3,1,3,65,2,1,40
1465,2316,265,0,2,2,0,68,1,1,60
1466,2317,1252,0,0,2,3,28,2,3,100
1467,2318,605,4,0,0,3,21,0,3,60
1469,2319,667,4,2,1,3,36,0,0,80
1470,2320,401,1,1,1,1,24,1,2,80
1471,2321,593,3,1,0,3,65,0,4,80
1472,2322,1206,3,1,0,3,26,2,0,80
1473,2323,652,0,3,1,3,35,0,2,100
1474,2324,985,4,1,2,1,53,1,2,100
1475,2325,544,0,1,0,0,37,2,2,80
1476,2326,1025,1,0,1,3,63,2,0,40
1477,2327,1309,0,2,0,3,44,2,1,80
1478,2328,692,0,0,1,0,61,2,1,80
1480,2329,680,0,2,2,1,32,0,4,60
1481,2330,11,2,3,0,0,61,0,4,60
1482,2331,362,3,0,1,2,27,1,1,60
1483,2332,666,3,1,1,2,65,1,1,60
1484,2333,794,0,1,0,3,50,0,2,100
1485,2334,1124,4,2,2,1,33,1,3,40
1486,2335,877,3,3,2,0,69,1,2,80
1487,2336,964,0,2,2,0,31,1,3,40
1488,2337,743,1,0,2,3,37,1,2,80
1489,2338,1106,2,1,2,2,26,1,1,60
1491,2339,521,2,2,2,2,18,1,4,100
1492,2340,902,4,0,2,2,34,2,1,40
1493,2341,129,1,2,0,1,26,2,2,40
1494,2342,27,0,2,2,2,62,2,3,40
1495,2343,1308,2,3,2,1,45,0,2,80
1496,2344,401,0,0,2,2,54,1,0,40
1497,2345,113,2,3,1,3,37,0,4,80
1498,2346,1086,3,3,1,0,61,0,2,80
1499,2347,949,2,3,0,2,59,1,4,60
1500,2348,597,0,3,0,0,25,1,0,80
1502,2349,1368,1,0,0,0,65,2,1,80
1503,2350,416,2,0,2,1,44,0,1,40
1504,2351,106,2,1,1,0,66,1,4,100
1505,2352,911,2,2,1,0,62,1,1,60
1506,2353,538,2,2,0,2,66,2,0,80
1507,2354,77,3,0,1,2,28,0,4,40
1508,2355,1383,4,2,2,3,32,0,1,60
1509,2356,1249,2,0,0,1,57,0,2,60
1510,2357,1071,2,3,2,1,41,1,2,40
1511,2358,854,4,2,2,2,21,1,0,60
1513,2359,1042,0,3,2,2,52,0,3,80
1514,2360,777,2,2,1,3,55,1,4,80
1515,2361,863,0,0,0,3,51,2,4,40
1516,2362,829,0,1,0,2,42,1,4,80
1517,2363,1169,2,0,2,1,68,1,0,60
1518,2364,212,0,3,1,2,42,2,1,60
1519,2365,1353,4,3,2,3,69,1,1,60
1520,2366,947,0,0,2,0,44,0,2,100
1521,2367,1184,0,0,1,1,43,1,0,60
1522,2368,825,3,1,1,3,51,1,3,100
1524,2369,1280,0,1,1,3,46,0,1,60
1525,2370,1186,1,2,1,1,35,1,0,40
1526,2371,902,3,1,1,1,51,2,3,40
1527,2372,475,2,1,2,2,56,2,2,80
1528,2373,285,1,1,0,0,25,0,4,80
1529,2374,883,4,2,0,1,38,2,2,60
1530,2375,745,0,0,0,2,47,0,3,80
1531,2376,262,2,3,0,1,45,0,4,40
1532,2377,72,4,0,1,0,22,1,3,80
1533,2378,471,3,3,1,0,41,0,4,100
1535,2379,916,0,2,1,1,42,1,3,60
1536,2380,631,3,0,1,0,56,0,0,80
1537,2381,1022,0,3,1,1,55,0,2,60
1538,2382,1132,1,1,1,0,69,0,4,80
1539,2383,282,1,0,1,2,21,0,0,80
1540,2384,453,2,1,1,2,63,0,4,80
1541,2385,890,4,0,2,2,31,0,0,80
1542,2386,922,3,1,1,2,19,2,3,60
1543,2387,418,2,1,2,1,51,2,4,80
1544,2388,546,0,0,2,2,49,2,0,100
1546,2389,780,3,3,1,3,24,0,2,100
1547,2390,45,1,2,1,3,35,1,4,80
1548,2391,195,4,2,1,1,20,0,1,80
1549,2392,108,4,0,2,3,53,2,0,80
1550,2393,254,3,0,2,1,42,1,2,100
1551,2394,111,0,2,2,3,65,1,0,80
1552,2395,105,2,0,1,1,44,2,3,40
1553,2396,416,0,3,0,2,50,1,1,100
1554,2397,557,4,0,1,3,29,0,4,60
1555,2398,1430,0,1,0,1,27,2,1,100
1558,2399,419,0,1,0,2,24,1,3,100
1559,2400,693,0,3,2,3,38,0,2,40
1560,2401,980,2,3,0,3,61,0,2,80
1561,2402,1181,1,1,2,1,58,0,0,100
1562,2403,1263,4,0,1,0,38,0,1,80
1563,2404,376,0,1,0,3,38,2,0,80
1564,2405,981,2,2,1,3,43,2,4,100
1565,2406,309,1,0,1,3,41,0,3,60
1566,2407,46,3,2,0,2,41,2,3,60
1567,2408,1406,3,0,1,1,26,1,1,100
1569,2409,1014,0,2,2,3,49,0,0,40
1570,2410,1181,4,3,0,3,55,0,2,40
1571,2411,1031,0,0,0,2,28,1,2,80
1572,2412,727,4,2,1,1,18,2,4,80
1573,2413,1089,2,3,1,2,64,2,0,60
1574,2414,1176,2,3,1,1,48,2,4,100
1575,2415,337,0,1,1,2,42,2,1,60
1576,2416,552,0,0,2,2,60,1,3,100
1577,2417,298,3,3,2,3,47,1,2,60
1578,2418,59,4,0,1,3,45,1,1,100
1580,2419,1150,3,2,2,0,63,1,4,60
1581,2420,990,1,2,2,2,47,0,1,60
1582,2421,208,1,2,2,2,25,1,4,100
1583,2422,444,0,3,1,3,37,0,0,40
1584,2423,305,2,0,0,3,18,1,4,80
1585,2424,115,4,0,1,1,56,2,3,100
1586,2425,1430,1,1,2,1,63,2,2,80
1587,2426,1004,0,1,2,2,62,2,2,60
1588,2427,709,3,1,0,0,32,1,3,40
1589,2428,1159,3,1,2,2,56,0,2,60
1591,2429,884,3,2,0,2,64,2,1,60
1592,2430,1146,4,2,0,2,60,0,4,60
1593,2431,681,3,1,1,0,32,1,2,40
1594,2432,1124,2,1,2,1,68,2,4,60
1595,2433,573,3,0,2,2,27,0,2,40
1596,2434,747,1,0,0,0,21,0,0,60
1597,2435,171,0,2,2,3,30,2,3,40
1598,2436,833,3,1,2,0,18,0,0,100
1599,2437,283,3,3,0,1,39,2,2,100
1600,2438,1092,2,3,0,2,37,1,1,80
1602,2439,217,1,0,2,0,41,1,4,80
1603,2440,1204,4,1,0,3,59,1,4,60
1604,2441,752,4,1,2,3,43,1,3,80
1605,2442,726,1,2,0,3,32,2,4,100
1606,2443,861,4,3,1,2,46,1,4,100
1607,2444,405,0,2,2,2,54,1,2,40
1608,2445,833,4,3,0,2,50,0,2,80
1609,2446,634,3,1,0,0,30,2,1,40
1610,2447,1158,1,2,2,1,46,0,3,80
1611,2448,1185,3,2,1,0,51,2,0,40
1613,2449,1201,1,2,0,2,28,1,3,100
1614,2450,7,4,1,2,2,35,0,3,100
1615,2451,237,4,1,0,3,54,1,0,40
1616,2452,676,1,2,0,3,48,2,4,80
1617,2453,834,4,1,0,1,46,0,1,80
1618,2454,68,2,0,0,2,27,2,3,40
1619,2455,167,4,2,1,3,20,0,0,60
1620,2456,61,1,1,0,1,25,1,3,60
1621,2457,1269,0,0,2,2,21,2,4,60
1622,2458,21,4,3,2,0,46,2,2,60
1624,2459,1244,3,3,1,0,19,2,3,40
1625,2460,629,3,0,2,0,18,1,3,100
1626,2461,164,2,2,2,3,50,1,2,60
1627,2462,1308,4,3,2,3,39,2,2,80
1628,2463,471,0,1,0,2,25,1,2,40
1629,2464,164,2,1,0,0,55,0,0,40
1630,2465,341,4,2,2,3,55,2,1,100
1631,2466,54,3,3,1,2,40,0,3,100
1632,2467,1090,1,2,2,0,33,0,2,80
1633,2468,1064,3,1,0,1,41,0,3,80
1635,2469,171,3,3,0,1,47,0,1,100
1636,2470,802,4,0,0,2,57,0,0,80
1637,2471,1282,2,3,0,2,63,1,2,60
1638,2472,802,1,0,2,3,68,0,3,40
1639,2473,158,0,1,0,2,67,2,3,80
1640,2474,1178,3,3,0,0,56,2,0,60
1641,2475,108,3,2,1,1,59,1,2,60
1642,2476,591,0,2,2,2,26,1,0,40
1643,2477,1410,3,3,0,3,24,0,0,80
1644,2478,1349,3,2,1,3,57,1,3,60
1646,2479,510,4,3,2,1,49,2,4,80
1647,2480,891,0,3,1,2,26,2,3,100
1648,2481,716,1,1,2,0,46,2,4,80
1649,2482,1278,3,3,0,2,29,1,1,100
1650,2483,866,3,2,0,0,31,1,1,100
1651,2484,657,1,3,2,0,38,1,0,60
1652,2485,1424,4,2,2,2,66,0,0,80
1653,2486,1022,0,1,2,3,34,0,3,40
1654,2487,755,4,2,2,2,69,2,2,100
1655,2488,3,2,1,2,0,22,0,3,40
1657,2489,1160,0,2,2,1,26,1,4,60
1658,2490,1190,3,1,2,1,36,1,2,40
1659,2491,680,4,2,1,2,24,1,4,100
1660,2492,917,1,2,1,1,69,1,3,60
1661,2493,208,2,3,0,2,50,2,0,100
1662,2494,683,3,1,0,1,47,2,3,40
1663,2495,521,3,1,0,0,27,0,4,60
1664,2496,1359,0,0,1,0,45,0,0,40
1665,2497,1352,1,1,0,3,56,1,4,60
1666,2498,1055,3,3,1,2,51,2,3,60
1669,2499,894,3,3,0,1,21,2,2,100
1670,2500,218,2,0,2,0,44,1,2,100
1671,2501,548,0,0,1,3,69,1,1,60
1672,2502,1250,2,2,1,2,40,0,2,60
1673,2503,288,1,0,0,1,25,1,2,60
1674,2504,8,2,0,2,3,60,2,4,100
1675,2505,804,2,2,0,3,39,0,4,80
1676,2506,774,4,3,0,0,21,2,4,80
1677,2507,131,4,0,1,1,22,0,2,100
1678,2508,1130,1,0,1,0,18,2,1,60
1680,2509,745,2,3,1,1,32,1,1,80
1681,2510,594,2,0,0,1,49,1,1,100
1682,2511,1247,2,0,0,2,37,2,0,80
1683,2512,18,0,2,2,0,49,2,3,80
1684,2513,207,2,2,1,3,66,0,0,40
1685,2514,1227,3,2,0,1,30,2,3,80
1686,2515,673,0,1,0,1,65,0,4,40
1687,2516,661,0,1,0,1,67,0,4,60
1688,2517,267,1,3,2,1,64,0,2,40
1689,2518,876,0,1,1,0,24,0,1,40
1691,2519,508,2,1,2,1,27,1,3,80
1692,2520,1362,2,3,1,0,66,0,4,60
1693,2521,695,3,2,0,3,25,1,1,100
1694,2522,73,0,3,0,0,57,1,1,100
1695,2523,1358,2,0,1,2,42,1,2,60
1696,2524,971,3,3,1,3,22,0,0,40
1697,2525,597,0,1,0,2,41,2,1,60
1698,2526,660,1,3,0,0,57,1,1,40
1699,2527,468,1,2,0,0,61,0,2,100
1700,2528,648,4,2,1,2,39,2,1,60
1702,2529,1296,1,1,1,3,44,0,2,80
1703,2530,192,3,2,0,0,31,1,1,40
1704,2531,1429,2,0,0,2,34,2,1,80
1705,2532,599,3,3,0,2,64,2,4,100
1706,2533,1275,1,3,2,0,61,0,4,60
1707,2534,150,0,1,2,1,45,0,4,80
1708,2535,1220,4,2,0,1,56,1,4,80
1709,2536,185,1,3,0,0,37,2,1,60
1710,2537,790,3,1,0,1,36,1,3,100
1711,2538,875,2,3,1,3,25,0,2,100
1713,2539,58,2,0,1,3,59,2,2,100
1714,2540,679,1,3,0,0,35,2,4,60
1715,2541,1270,0,3,0,2,41,1,3,100
1716,2542,1088,1,0,1,0,30,0,0,60
1717,2543,343,4,2,0,2,37,0,4,40
1718,2544,1102,4,1,0,3,59,0,1,60
1719,2545,896,4,0,0,3,38,0,3,100
1720,2546,706,3,0,0,2,57,2,4,100
1721,2547,97,3,2,1,0,68,2,0,40
1722,2548,1020,3,3,1,3,42,1,3,60
1724,2549,156,2,1,0,3,34,2,1,80
1725,2550,734,3,1,1,2,69,1,3,100
1726,2551,279,0,1,2,1,68,0,3,60
1727,2552,872,4,2,2,0,40,2,1,40
1728,2553,402,2,1,0,1,62,0,2,100
1729,2554,1163,0,0,1,3,47,0,2,80
1730,2555,1057,3,0,0,0,30,1,2,80
1731,2556,664,3,1,0,3,52,1,3,40
1732,2557,752,2,2,2,1,23,1,3,40
1733,2558,370,0,2,2,1,30,0,3,100
1735,2559,799,2,1,1,3,68,0,3,60
1736,2560,1378,3,2,0,1,41,2,3,80
1737,2561,383,3,3,0,1,51,0,1,60
1738,2562,138,3,2,2,2,55,2,0,100
1739,2563,859,4,2,2,2,51,1,1,40
1740,2564,1122,1,1,2,0,68,0,0,60
1741,2565,228,0,0,0,3,47,0,1,80
1742,2566,1181,2,0,1,2,32,1,2,100
1743,2567,650,4,2,1,2,62,2,2,40
1744,2568,1330,2,2,1,1,28,2,2,40
1746,2569,1001,4,2,0,3,67,1,0,100
1747,2570,1169,4,3,2,1,57,2,1,60
1748,2571,484,1,1,0,1,46,0,3,40
1749,2572,67,0,1,0,1,53,2,0,100
1750,2573,1371,0,0,1,0,44,0,4,100
1751,2574,839,3,3,2,2,18,1,0,60
1752,2575,938,1,3,2,2,51,2,4,100
1753,2576,622,4,0,2,3,41,2,2,60
1754,2577,42,4,0,1,2,24,0,4,80
1755,2578,297,3,1,0,0,59,0,1,100
1757,2579,1036,0,0,1,0,42,1,1,60
1758,2580,717,1,2,2,0,43,2,0,60
1759,2581,678,0,0,0,2,19,1,4,80
1760,2582,639,1,2,2,3,67,2,4,40
1761,2583,1244,4,1,0,3,56,0,2,60
1762,2584,22,0,0,2,0,44,0,0,60
1763,2585,737,1,1,2,3,57,1,4,60
1764,2586,344,1,3,2,3,54,0,3,80
1765,2587,476,2,2,1,1,28,2,0,80
1766,2588,1435,0,2,1,2,59,2,4,60
1768,2589,1108,2,2,1,0,40,0,3,60
1769,2590,68,0,0,2,1,33,0,4,40
1770,2591,1001,2,0,0,2,23,1,3,100
1771,2592,1188,0,0,2,0,66,1,1,80
1772,2593,439,4,0,2,2,35,0,2,100
1773,2594,1031,4,3,0,1,26,0,0,60
1774,2595,381,1,2,1,1,24,0,0,60
1775,2596,143,1,1,2,1,22,0,3,80
1776,2597,749,3,0,1,0,40,1,0,60
1777,2598,1120,2,3,2,0,32,0,4,40
1780,2599,1075,3,2,1,3,48,2,3,40
1781,2600,540,2,3,0,1,68,2,1,80
1782,2601,755,3,0,1,0,43,1,2,40
1783,2602,504,1,2,0,2,49,1,0,40
1784,2603,829,0,3,1,1,61,1,1,40
1785,2604,589,3,0,0,2,28,1,1,40
1786,2605,347,4,0,2,2,23,1,4,40
1787,2606,764,0,3,1,2,61,0,3,60
1788,2607,588,3,2,0,2,66,0,3,100
1789,2608,406,1,3,1,3,69,0,0,100
1791,2609,119,3,2,1,3,45,1,1,80
1792,2610,1253,4,1,0,3,69,0,4,60
1793,2611,37,2,3,0,0,30,1,4,40
1794,2612,550,4,3,0,1,46,2,2,80
1795,2613,157,3,1,0,2,33,0,4,40
1796,2614,1192,2,3,0,3,45,1,3,40
1797,2615,654,4,0,2,3,60,1,1,100
1798,2616,679,4,1,2,3,59,1,1,60
1799,2617,678,2,2,2,0,39,0,4,60
1800,2618,540,0,1,2,3,37,0,3,80
1802,2619,1226,3,3,1,1,51,0,4,60
1803,2620,1225,2,2,1,0,33,0,3,40
1804,2621,897,0,2,1,0,69,0,4,40
1805,2622,1225,2,0,0,1,32,2,0,100
1806,2623,89,2,3,2,2,43,0,2,60
1807,2624,515,0,3,0,0,18,1,4,100
1808,2625,911,2,3,2,3,40,0,0,40
1809,2626,91,1,3,2,2,61,0,4,60
1810,2627,92,3,1,2,3,53,2,1,40
1811,2628,1051,0,3,2,3,39,1,0,100
1813,2629,120,2,3,1,0,24,0,4,60
1814,2630,519,4,3,2,3,41,0,3,80
1815,2631,1061,1,0,1,2,23,0,2,40
1816,2632,145,3,0,1,3,37,0,1,100
1817,2633,1432,4,2,1,1,58,1,1,100
1818,2634,1262,2,2,1,1,33,2,2,40
1819,2635,10,0,0,0,2,42,0,1,60
1820,2636,734,3,1,1,3,65,1,3,60
1821,2637,1072,4,2,0,1,63,0,0,60
1822,2638,817,2,0,2,1,65,1,1,60
1824,2639,1247,1,0,2,1,44,2,0,80
1825,2640,565,3,1,1,3,36,1,4,60
1826,2641,1017,3,1,2,1,30,1,4,40
1827,2642,1276,4,2,2,0,56,0,0,40
1828,2643,1114,4,0,2,0,30,0,3,60
1829,2644,352,0,3,1,3,66,2,3,60
1830,2645,376,0,3,0,2,25,0,1,60
1831,2646,460,2,3,1,0,46,0,4,40
1832,2647,329,4,2,0,0,24,0,0,80
1833,2648,1205,2,2,2,1,68,1,4,60
1835,2649,441,0,2,0,2,29,2,2,100
1836,2650,572,4,0,1,2,61,0,0,40
1837,2651,1000,4,2,2,1,47,1,1,40
1838,2652,44,0,1,0,3,31,2,1,40
1839,2653,1107,0,0,0,3,67,1,2,60
1840,2654,402,0,0,0,3,32,0,3,80
1841,2655,984,2,1,0,0,37,0,2,60
1842,2656,106,0,3,1,1,38,1,2,60
1843,2657,139,4,0,0,2,55,0,3,80
1844,2658,536,1,1,0,1,65,1,2,40
1846,2659,65,0,3,1,0,22,1,0,40
1847,2660,1295,3,1,0,0,24,0,3,60
1848,2661,1059,2,1,2,0,42,2,1,60
1849,2662,738,4,0,1,3,38,2,3,80
1850,2663,493,3,1,1,2,69,0,4,40
1851,2664,695,1,2,1,2,68,2,2,100
1852,2665,1287,0,0,0,3,38,1,2,80
1853,2666,472,4,2,1,2,58,1,1,40
1854,2667,573,0,2,2,0,28,2,4,100
1855,2668,815,0,3,2,0,40,1,3,40
1857,2669,1182,2,3,1,3,68,1,0,80
1858,2670,217,3,1,0,0,69,2,1,100
1859,2671,263,1,1,0,3,66,0,2,40
1860,2672,75,0,3,2,1,53,0,4,60
1861,2673,1022,4,0,1,2,63,0,1,60
1862,2674,86,2,2,2,0,42,1,0,80
1863,2675,832,2,1,2,0,46,2,4,60
1864,2676,892,4,2,2,2,45,2,0,60
1865,2677,1273,3,3,1,2,53,1,2,100
1866,2678,402,2,0,0,2,38,0,0,40
1868,2679,486,2,2,2,3,18,1,1,40
1869,2680,1050,0,3,1,0,53,0,0,80
1870,2681,941,1,1,2,3,56,1,4,60
1871,2682,962,2,1,1,0,66,0,1,40
1872,2683,1393,1,2,2,0,30,1,3,100
1873,2684,283,4,1,0,3,32,2,3,80
1874,2685,1216,0,2,1,0,57,2,4,100
1875,2686,177,2,1,1,0,28,0,2,80
1876,2687,908,4,2,1,2,22,2,3,100
1877,2688,951,0,3,0,1,18,2,2,100
1879,2689,57,1,1,2,0,50,0,0,80
1880,2690,419,4,3,2,0,31,2,2,40
1881,2691,1361,3,3,2,1,40,2,1,100
1882,2692,779,3,0,2,0,64,2,4,80
1883,2693,399,1,0,1,2,26,0,1,40
1884,2694,1399,0,1,1,0,66,0,1,60
1885,2695,247,3,1,1,0,38,0,4,100
1886,2696,407,0,3,0,0,46,0,3,40
1887,2697,1097,1,0,1,0,34,2,4,80
1888,2698,1178,4,2,0,1,67,1,3,80
1891,2699,500,0,2,1,0,33,0,2,60
1892,2700,575,2,1,2,3,30,0,3,60
1893,2701,885,3,3,0,1,32,1,4,60
1894,2702,1186,2,0,1,0,31,0,3,100
1895,2703,1292,0,3,1,3,38,1,4,40
1896,2704,920,0,0,0,1,56,1,3,80
1897,2705,1071,0,1,0,2,53,2,0,40
1898,2706,683,3,0,2,0,56,2,0,40
1899,2707,674,3,3,1,0,27,1,0,80
1900,2708,151,2,1,0,3,25,1,1,80
1902,2709,850,1,1,0,0,26,2,4,60
1903,2710,71,4,3,0,2,42,0,1,80
1904,2711,910,2,2,0,3,68,0,0,60
1905,2712,179,0,2,2,1,57,2,2,40
1906,2713,1371,0,3,1,1,54,0,3,40
1907,2714,1030,2,3,1,2,23,1,0,60
1908,2715,1296,1,1,2,0,29,0,0,80
1909,2716,819,4,3,1,1,37,1,3,100
1910,2717,1037,0,0,2,2,55,1,0,60
1911,2718,1049,2,0,0,0,54,1,2,40
1913,2719,590,1,2,2,1,30,1,0,40
1914,2720,1044,2,1,0,0,67,2,1,60
1915,2721,75,2,0,1,3,60,0,1,60
1916,2722,821,3,3,2,2,62,0,4,40
1917,2723,27,2,0,1,0,53,1,2,60
1918,2724,564,0,3,1,2,32,2,1,100
1919,2725,777,4,1,0,3,48,1,3,100
1920,2726,326,4,2,2,0,19,1,1,80
1921,2727,301,1,3,2,3,18,2,3,100
1922,2728,1112,2,1,1,1,67,1,1,80
1924,2729,615,3,1,0,3,28,1,0,80
1925,2730,216,0,2,0,3,41,0,1,100
1926,2731,957,2,3,0,2,29,0,3,60
1927,2732,977,4,2,1,2,69,2,1,40
1928,2733,810,1,3,0,1,33,2,0,40
1929,2734,40,4,2,0,3,59,2,1,60
1930,2735,1369,1,3,1,3,49,1,3,80
1931,2736,1070,4,2,0,0,68,0,4,60
1932,2737,323,0,1,1,2,66,1,1,100
1933,2738,664,0,0,0,2,68,1,2,40
1935,2739,1354,1,2,1,3,38,1,1,40
1936,2740,1009,4,3,0,1,58,2,0,100
1937,2741,1199,4,1,1,2,60,2,4,80
1938,2742,488,3,1,1,0,68,0,1,60
1939,2743,25,4,1,1,0,68,2,2,40
1940,2744,300,3,1,1,0,67,0,3,60
1941,2745,270,4,2,0,1,41,2,0,60
1942,2746,1387,1,1,1,0,46,0,2,40
1943,2747,408,4,0,2,0,69,2,0,80
1944,2748,297,0,3,0,3,54,2,4,80
1946,2749,425,2,3,1,2,31,2,3,60
1947,2750,973,2,2,0,2,52,0,2,80
1948,2751,880,4,0,0,1,49,2,4,100
1949,2752,1106,4,1,1,1,66,0,3,80
1950,2753,762,2,3,1,0,68,0,3,60
1951,2754,571,2,1,1,3,53,1,3,60
1952,2755,938,4,1,1,0,27,0,0,40
1953,2756,1423,1,0,0,0,34,1,2,80
1954,2757,1336,1,2,1,1,27,1,0,40
1955,2758,157,0,0,2,1,52,0,4,60
1957,2759,1301,2,0,2,1,25,0,1,60
1958,2760,747,3,0,2,1,49,2,1,80
1959,2761,1402,0,3,2,1,59,1,3,100
1960,2762,454,0,1,0,2,22,0,2,100
1961,2763,916,2,1,0,1,24,2,2,40
1962,2764,664,1,2,1,1,26,0,3,80
1963,2765,972,4,2,1,2,37,2,3,40
1964,2766,789,3,0,1,2,57,0,3,40
1965,2767,124,4,2,2,3,27,0,4,60
1966,2768,917,3,2,2,3,19,0,2,40
1968,2769,1369,3,1,1,3,45,2,2,100
1969,2770,1377,2,0,0,3,40,0,1,60
1970,2771,495,3,3,2,1,25,2,3,40
1971,2772,358,3,0,1,2,18,1,2,100
1972,2773,352,3,2,2,0,31,0,4,100
1973,2774,403,2,1,2,1,64,1,3,80
1974,2775,901,4,0,1,2,62,1,0,100
1975,2776,599,4,0,0,1,18,0,2,80
1976,2777,1402,3,3,1,2,50,1,2,80
1977,2778,792,1,2,0,1,30,2,0,60
1979,2779,82,3,1,2,3,62,2,3,40
1980,2780,637,1,3,0,2,57,1,4,100
1981,2781,1107,3,1,2,1,20,1,1,80
1982,2782,695,4,3,2,1,48,0,4,100
1983,2783,1151,0,1,2,3,38,2,0,60
1984,2784,468,2,1,0,0,55,0,3,40
1985,2785,1150,4,1,0,1,64,1,2,80
1986,2786,888,0,0,1,3,33,0,4,40
1987,2787,690,2,0,1,2,59,1,0,40
1988,2788,1197,1,0,0,2,50,1,1,80
1990,2789,291,4,3,1,2,54,1,0,100
1991,2790,233,2,3,0,0,46,0,1,60
1992,2791,1112,0,0,1,0,55,1,3,100
1993,2792,503,1,2,0,3,62,0,1,80
1994,2793,515,4,3,2,2,18,0,4,100
1995,2794,1211,1,1,1,2,59,1,1,100
1996,2795,1215,0,3,0,3,31,1,1,60
1997,2796,244,4,0,2,1,49,2,3,40
1998,2797,817,2,1,0,0,43,0,0,80
1999,2798,459,4,0,1,0,27,1,1,100
2002,2799,1208,3,0,2,3,43,1,0,60
2003,2800,577,3,1,1,1,51,1,3,80
2004,2801,628,0,0,1,0,45,1,1,60
2005,2802,958,1,3,1,1,19,0,4,60
2006,2803,730,1,2,0,0,29,1,2,60
2007,2804,1003,1,3,2,2,50,2,3,40
2008,2805,685,0,0,2,0,51,0,0,40
2009,2806,295,3,0,1,0,39,1,3,60
2010,2807,160,4,1,2,1,23,2,2,40
2011,2808,1189,1,1,1,2,48,0,3,80
2013,2809,1011,1,1,1,2,18,0,3,60
2014,2810,656,3,2,0,0,64,1,0,100
2015,2811,1092,4,1,1,2,28,0,0,40
2016,2812,1353,2,3,2,2,57,2,3,100
2017,2813,1296,4,1,0,1,55,0,4,100
2018,2814,33,2,1,1,3,63,0,3,60
2019,2815,396,1,3,0,3,34,1,3,40
2020,2816,648,3,2,1,3,29,2,0,80
2021,2817,532,0,3,0,1,29,2,1,100
2022,2818,1033,0,2,1,3,63,0,1,80
2024,2819,175,0,2,0,0,41,0,1,80
2025,2820,1074,2,3,2,0,24,1,1,60
2026,2821,128,4,1,1,1,67,1,1,40
2027,2822,515,1,2,0,2,44,0,1,40
2028,2823,1031,1,1,1,0,18,1,3,60
2029,2824,144,0,2,1,2,69,1,1,80
2030,2825,1419,3,1,2,2,68,1,1,40
2031,2826,845,4,0,1,2,65,0,2,100
2032,2827,863,0,1,1,0,49,0,4,60
2033,2828,338,1,3,0,1,18,0,2,40
2035,2829,308,3,3,2,0,45,1,4,40
2036,2830,805,0,3,1,3,58,0,4,40
2037,2831,767,4,1,0,2,69,1,4,100
2038,2832,1125,4,3,0,3,50,0,0,40
2039,2833,59,1,3,1,1,21,1,0,80
2040,2834,374,2,3,0,3,55,2,3,40
2041,2835,1168,0,0,0,3,20,1,4,40
2042,2836,777,3,2,2,3,54,0,2,60
2043,2837,737,2,1,0,3,68,0,0,100
2044,2838,706,3,1,2,2,51,1,3,40
2046,2839,959,4,1,0,1,69,1,0,40
2047,2840,699,3,0,0,0,57,1,4,40
2048,2841,867,0,1,0,3,27,0,4,100
2049,2842,993,3,1,2,2,54,0,4,60
2050,2843,15,0,3,1,0,65,0,3,80
2051,2844,256,0,1,0,2,63,2,4,100
2052,2845,113,0,2,2,3,18,2,1,60
2053,2846,1070,4,1,0,1,27,0,1,60
2054,2847,972,4,1,2,2,54,1,0,100
2055,2848,1381,1,2,1,2,49,0,0,80
2057,2849,1387,3,2,2,3,34,1,1,100
2058,2850,953,3,3,2,2,42,1,0,100
2059,2851,1262,1,3,0,2,45,2,1,40
2060,2852,392,3,0,0,0,27,2,1,80
2061,2853,1302,1,0,0,0,30,2,1,60
2062,2854,246,4,0,1,2,57,0,3,60
2063,2855,1322,0,1,0,2,69,0,1,100
2064,2856,407,1,3,2,1,38,0,0,80
2065,2857,1360,0,0,0,2,50,1,3,60
2066,2858,935,1,3,2,0,30,0,0,80
2068,2859,1047,3,3,1,0,53,1,0,60
2069,2860,244,2,3,0,3,32,1,0,40
2070,2861,698,0,0,2,0,40,2,4,40
2071,2862,695,0,3,2,1,21,0,1,40
2072,2863,210,0,3,0,2,63,1,3,60
2073,2864,1340,4,0,2,1,50,1,4,100
2074,2865,616,1,3,0,3,25,2,0,60
2075,2866,604,3,2,0,3,54,2,0,60
2076,2867,129,1,3,0,0,64,1,0,80
2077,2868,738,0,2,0,2,23,1,4,80
2079,2869,415,1,1,0,2,20,1,0,40
2080,2870,1393,1,1,2,0,47,1,3,80
2081,2871,515,1,2,2,2,28,2,3,60
2082,2872,54,3,2,0,0,30,1,4,60
2083,2873,317,0,0,0,3,29,0,2,100
2084,2874,101,3,2,0,2,65,1,3,60
2085,2875,71,3,2,0,0,50,2,3,80
2086,2876,32,4,2,1,1,38,1,3,80
2087,2877,362,4,3,2,3,62,1,3,100
2088,2878,1127,3,1,2,0,25,2,2,40
2090,2879,476,0,2,1,0,29,0,3,40
2091,2880,102,4,2,1,0,55,0,0,40
2092,2881,1137,3,2,1,0,52,0,2,60
2093,2882,43,2,2,1,1,18,0,3,60
2094,2883,636,1,0,2,1,35,2,3,60
2095,2884,16,4,1,0,2,23,0,4,100
2096,2885,545,4,3,0,1,58,1,3,100
2097,2886,214,2,3,2,3,65,1,4,100
2098,2887,1370,1,3,2,1,44,2,3,40
2099,2888,291,4,0,2,0,21,0,4,60
2101,2889,998,4,3,0,2,25,2,2,60
2102,2890,1042,2,1,2,1,42,2,4,80
2103,2891,1017,0,3,0,2,29,0,3,40
2104,2892,471,4,3,2,3,50,0,2,60
2105,2893,959,1,3,2,0,66,0,0,100
2106,2894,175,4,2,0,0,51,2,4,100
2107,2895,781,0,2,0,3,21,1,2,80
2108,2896,1155,0,3,2,2,59,0,3,60
2109,2897,382,4,1,2,3,30,0,1,100
2110,2898,62,3,2,2,1,63,1,1,100
2113,2899,767,0,2,1,1,47,1,0,60
2114,2900,5,3,0,2,3,59,2,2,100
2115,2901,718,0,3,2,1,19,0,3,60
2116,2902,466,4,3,1,3,45,1,2,60
2117,2903,1129,0,2,0,3,36,2,4,40
2118,2904,838,0,2,0,1,55,1,3,60
2119,2905,555,1,2,1,2,41,0,3,40
2120,2906,141,4,3,0,3,61,1,4,100
2121,2907,42,1,3,2,1,51,0,0,80
2122,2908,963,1,2,0,0,50,0,2,80
2124,2909,685,2,2,0,1,48,2,1,60
2125,2910,589,3,1,1,0,22,0,0,60
2126,2911,777,2,2,2,3,47,1,2,80
2127,2912,430,3,3,1,3,34,2,1,100
2128,2913,700,4,2,0,1,42,0,3,60
2129,2914,400,4,0,0,2,24,1,4,80
2130,2915,945,2,1,1,0,31,2,3,80
2131,2916,1314,0,0,0,1,47,1,0,40
2132,2917,761,4,0,2,0,42,2,0,40
2133,2918,286,4,2,2,3,25,0,4,80
2135,2919,403,4,1,2,2,67,2,1,100
2136,2920,1321,3,1,2,3,44,0,3,100
2137,2921,953,3,2,1,0,59,0,4,80
2138,2922,787,3,2,0,2,60,1,4,60
2139,2923,126,2,2,0,1,61,2,3,60
2140,2924,1067,1,1,2,2,30,1,4,100
2141,2925,1072,4,0,0,1,53,0,0,80
2142,2926,1009,0,1,1,2,62,0,3,60
2143,2927,1074,3,1,0,2,42,1,1,100
2144,2928,312,0,3,0,2,25,0,1,40
2146,2929,1275,3,0,1,3,62,2,4,80
2147,2930,1129,0,2,2,1,69,1,1,60
2148,2931,154,2,0,0,2,23,1,0,80
2149,2932,1329,3,0,2,3,66,0,2,80
2150,2933,810,2,2,0,2,47,0,1,40
2151,2934,385,2,2,2,2,45,2,1,80
2152,2935,964,3,1,1,0,57,2,4,60
2153,2936,1243,2,1,0,1,48,2,0,80
2154,2937,476,2,1,2,0,28,1,1,80
2155,2938,638,0,1,0,0,35,0,0,80
2157,2939,30,2,0,2,3,48,1,0,80
2158,2940,1022,1,1,0,1,59,1,0,60
2159,2941,1397,1,2,0,0,68,1,0,100
2160,2942,1195,4,1,2,3,65,2,2,100
2161,2943,1329,4,0,1,2,38,2,1,60
2162,2944,1264,1,0,1,0,30,1,3,100
2163,2945,786,1,3,2,3,46,1,0,80
2164,2946,1009,0,1,1,2,22,0,0,80
2165,2947,891,3,1,0,1,49,1,2,60
2166,2948,1145,2,0,2,0,64,2,2,100
2168,2949,919,4,0,1,0,41,0,3,100
2169,2950,836,2,1,2,3,19,2,0,60
2170,2951,1209,1,1,1,0,30,0,4,100
2171,2952,1212,2,0,1,1,47,2,4,40
2172,2953,690,3,0,1,1,20,0,2,80
2173,2954,356,4,2,2,0,58,2,3,60
2174,2955,1415,3,0,1,2,45,1,3,60
2175,2956,207,0,0,2,2,23,1,4,40
2176,2957,1031,3,1,0,0,21,1,4,40
2177,2958,1277,1,2,0,0,56,0,4,40
2179,2959,1223,2,0,0,3,31,1,4,60
2180,2960,838,4,0,2,3,54,0,0,80
2181,2961,992,3,3,0,0,45,2,2,40
2182,2962,1144,0,2,2,3,42,0,0,60
2183,2963,1208,4,0,2,0,41,1,2,100
2184,2964,859,2,1,2,2,24,1,1,40
2185,2965,860,0,3,2,2,24,0,0,80
2186,2966,715,0,0,1,1,58,0,2,40
2187,2967,199,0,3,0,0,52,1,1,60
2188,2968,576,4,0,2,1,46,1,2,100
2190,2969,712,4,3,0,0,36,2,4,60
2191,2970,1091,3,1,1,0,53,0,0,80
2192,2971,996,0,0,1,1,64,2,0,80
2193,2972,265,0,2,0,3,22,0,4,80
2194,2973,1418,2,3,2,2,65,1,1,80
2195,2974,362,4,1,1,3,29,1,3,40
2196,2975,1415,3,0,0,3,49,2,1,60
2197,2976,249,2,3,0,3,25,2,0,100
2198,2977,941,1,2,0,3,62,2,4,60
2199,2978,577,0,1,2,1,42,1,0,40
2201,2979,611,2,3,1,1,53,0,3,80
2202,2980,736,1,1,1,2,55,1,3,80
2203,2981,1111,2,1,2,1,60,0,2,40
2204,2982,264,3,3,0,3,60,1,4,60
2205,2983,1269,2,2,2,1,44,2,0,100
2206,2984,1140,0,3,2,1,34,1,3,100
2207,2985,898,4,0,2,1,45,2,4,80
2208,2986,1395,2,1,2,1,21,1,3,80
2209,2987,1236,4,0,2,3,58,0,4,80
2210,2988,714,0,3,2,1,31,2,4,40
2212,2989,1350,4,0,1,2,33,2,1,60
2213,2990,1379,3,3,2,0,28,1,1,80
2214,2991,493,3,0,1,1,62,1,1,80
2215,2992,1259,0,2,0,0,63,1,3,60
2216,2993,22,3,0,2,3,34,0,2,80
2217,2994,956,4,1,2,2,65,1,3,60
2218,2995,1385,1,2,2,1,18,0,1,60
2219,2996,164,3,0,0,3,28,0,2,80
2220,2997,531,1,1,1,0,29,1,3,80
2221,2998,488,0,2,1,0,41,1,2,100
2225,2999,47,3,3,0,0,24,0,1,80
2226,3000,258,1,3,2,3,61,0,0,60
2227,3001,1399,1,0,1,0,38,2,1,100
2228,3002,51,2,2,1,2,26,1,1,100
2229,3003,416,3,1,2,0,18,0,3,40
2230,3004,128,2,1,1,3,58,2,4,80
2231,3005,789,4,0,2,0,60,2,3,100
2232,3006,1402,3,3,1,3,49,2,3,40
2233,3007,643,2,3,2,2,22,0,2,60
2234,3008,916,2,3,2,2,46,0,1,80
2236,3009,698,2,3,0,2,67,0,2,100
2237,3010,212,2,0,1,2,53,1,1,80
2238,3011,1160,2,3,0,2,62,2,2,60
2239,3012,1277,4,2,2,0,40,1,3,100
2240,3013,11,2,1,1,1,59,0,3,40
2241,3014,819,3,1,0,1,36,2,3,100
2242,3015,556,4,0,2,1,48,0,0,100
2243,3016,1239,2,2,1,0,20,0,1,60
2244,3017,1024,4,3,1,0,44,1,1,80
2245,3018,916,2,2,1,0,25,1,2,60
2247,3019,700,2,0,1,2,35,1,2,80
2248,3020,730,0,0,0,3,26,2,3,60
2249,3021,533,1,1,1,3,22,1,2,40
2250,3022,735,3,0,2,0,51,2,4,40
2251,3023,714,1,0,0,2,59,0,4,40
2252,3024,1034,4,1,1,0,30,1,3,60
2253,3025,926,4,3,1,0,28,0,3,100
2254,3026,194,1,3,2,0,45,0,4,60
2255,3027,728,4,3,2,0,48,1,3,100
2256,3028,1150,3,2,1,1,42,1,1,40
2258,3029,1089,1,0,1,2,38,2,1,100
2259,3030,398,2,2,1,1,37,2,1,40
2260,3031,419,3,0,1,2,55,0,2,80
2261,3032,624,4,1,0,1,44,2,2,40
2262,3033,8,4,0,2,2,26,1,3,40
2263,3034,166,1,2,1,3,30,0,1,100
2264,3035,1079,4,0,1,1,66,1,4,100
2265,3036,1385,4,1,1,2,68,1,1,80
2266,3037,1227,0,1,0,0,61,0,1,40
2267,3038,773,4,2,2,1,56,0,2,40
2269,3039,1231,0,1,0,3,46,2,4,80
2270,3040,534,3,1,0,1,60,1,1,80
2271,3041,319,0,1,1,2,32,2,1,100
2272,3042,1272,1,3,2,3,41,1,4,80
2273,3043,541,0,3,0,3,39,1,1,80
2274,3044,117,4,3,1,0,49,1,4,60
2275,3045,1203,4,0,2,0,26,1,0,40
2276,3046,741,0,0,2,3,57,1,1,60
2277,3047,797,3,0,2,3,57,2,0,40
2278,3048,1253,3,1,1,3,31,1,0,80
2280,3049,464,4,1,2,1,57,2,3,100
2281,3050,1215,3,1,2,1,63,2,4,60
2282,3051,677,0,0,0,0,30,1,0,40
2283,3052,653,1,0,1,1,21,2,0,100
2284,3053,739,1,2,1,1,49,0,2,60
2285,3054,201,4,2,1,2,66,2,3,100
2286,3055,1018,1,1,0,0,30,2,1,100
2287,3056,943,3,2,1,1,53,1,3,80
2288,3057,76,3,3,1,3,21,0,0,80
2289,3058,563,4,1,1,1,68,2,0,80
2291,3059,30,2,2,0,0,58,0,1,60
2292,3060,1225,4,2,0,3,34,2,0,40
2293,3061,8,1,0,2,2,37,2,3,100
2294,3062,1264,0,1,0,0,64,2,0,40
2295,3063,416,4,2,2,3,64,0,1,40
2296,3064,1090,3,2,2,3,55,1,3,100
2297,3065,278,2,0,2,3,28,0,4,60
2298,3066,431,2,0,0,0,57,2,3,40
2299,3067,826,1,3,0,3,62,2,2,80
2300,3068,1145,0,1,2,3,64,1,4,80
2302,3069,1060,1,2,1,1,37,0,4,80
2303,3070,751,0,0,1,0,34,2,3,100
2304,3071,436,0,1,2,1,21,0,2,60
2305,3072,856,1,1,0,2,27,0,3,40
2306,3073,1164,0,3,1,3,37,2,3,80
2307,3074,633,4,3,0,3,20,2,4,40
2308,3075,355,3,0,0,0,27,0,3,40
2309,3076,0,1,2,2,0,28,1,1,60
2310,3077,1227,4,3,2,0,28,2,4,60
2311,3078,239,4,3,1,3,59,1,2,60
2313,3079,1015,2,2,2,1,43,2,4,80
2314,3080,1287,4,3,1,2,53,2,0,60
2315,3081,1057,3,3,2,3,43,2,1,40
2316,3082,135,4,0,2,0,44,0,1,60
2317,3083,799,3,1,2,3,20,0,1,100
2318,3084,1268,1,3,1,2,34,0,1,100
2319,3085,397,3,3,0,3,49,1,3,100
2320,3086,33,4,1,2,3,33,1,4,100
2321,3087,188,2,3,0,3,38,2,0,80
2322,3088,340,0,0,0,0,55,1,0,40
2324,3089,226,0,2,1,3,68,2,0,80
2325,3090,602,3,2,2,3,61,0,3,80
2326,3091,286,3,0,2,2,19,2,1,60
2327,3092,161,3,3,0,1,37,2,4,40
2328,3093,1379,0,1,0,2,18,2,0,100
2329,3094,926,4,0,1,2,69,1,3,60
2330,3095,48,0,3,0,2,68,2,1,80
2331,3096,1068,1,0,0,1,68,1,4,80
2332,3097,655,1,0,0,2,34,1,0,40
2333,3098,1024,2,1,0,2,18,1,3,40
2336,3099,1074,4,1,1,0,53,2,0,100
2337,3100,1409,1,0,0,3,36,0,4,100
2338,3101,516,2,2,0,0,63,2,4,100
2339,3102,958,2,3,0,1,64,1,2,80
2340,3103,612,2,0,0,2,58,2,0,80
2341,3104,709,0,0,0,1,26,2,3,100
2342,3105,1166,3,0,0,0,38,0,1,60
2343,3106,1330,4,3,1,1,25,2,1,100
2344,3107,789,1,0,0,1,55,2,1,100
2345,3108,1331,0,2,0,3,48,1,0,80
2347,3109,1029,0,3,1,2,46,0,4,40
2348,3110,460,0,1,1,3,58,0,2,100
2349,3111,682,4,2,0,3,59,2,2,60
2350,3112,989,3,2,2,3,23,0,3,80
2351,3113,1141,0,1,2,3,40,2,3,40
2352,3114,913,0,1,2,3,50,0,0,40
2353,3115,1263,1,3,2,0,69,0,0,100
2354,3116,257,2,3,0,2,49,1,0,80
2355,3117,951,3,0,0,3,27,0,2,40
2356,3118,29,1,2,2,3,27,0,0,60
2358,3119,888,4,3,1,3,52,1,0,80
2359,3120,662,1,3,0,0,19,1,0,60
2360,3121,670,4,1,0,0,36,0,3,60
2361,3122,357,2,3,0,0,39,1,4,40
2362,3123,316,4,2,1,3,31,1,3,100
2363,3124,417,1,2,1,3,60,0,1,100
2364,3125,124,3,0,1,1,59,2,2,80
2365,3126,1202,1,1,1,1,57,1,0,80
2366,3127,1350,0,1,0,3,33,0,4,60
2367,3128,1108,3,2,2,3,38,2,4,100
2369,3129,111,4,0,0,3,25,0,4,100
2370,3130,141,1,3,0,2,19,1,2,60
2371,3131,1244,4,0,0,0,28,1,1,80
2372,3132,1272,3,1,2,1,60,0,3,100
2373,3133,1042,1,2,0,1,24,2,1,60
2374,3134,843,1,2,2,0,41,1,0,60
2375,3135,899,3,2,1,2,26,2,0,40
2376,3136,270,3,1,2,0,69,2,0,40
2377,3137,712,1,0,2,2,23,1,2,100
2378,3138,1147,4,1,0,1,58,0,2,100
2380,3139,168,4,1,0,2,23,2,2,100
2381,3140,594,3,1,2,0,62,1,2,100
2382,3141,1262,1,2,2,2,55,1,1,40
2383,3142,431,3,3,0,3,25,2,3,60
2384,3143,607,2,0,2,0,19,0,2,80
2385,3144,1209,3,1,1,1,25,1,0,40
2386,3145,1299,4,0,0,3,61,2,0,100
2387,3146,1185,0,1,1,1,53,1,4,100
2388,3147,1386,1,2,0,2,61,2,1,100
2389,3148,1073,3,1,2,0,35,2,2,80
2391,3149,947,0,0,0,3,44,1,4,100
2392,3150,309,0,1,0,2,23,2,4,40
2393,3151,123,1,0,0,3,68,0,2,80
2394,3152,671,0,2,0,0,28,0,3,80
2395,3153,1030,3,3,0,3,26,1,4,100
2396,3154,905,0,2,0,2,63,2,2,60
2397,3155,1284,1,0,2,1,26,1,0,40
2398,3156,1255,1,1,0,3,62,2,2,60
2399,3157,1376,3,0,0,1,21,2,4,80
2400,3158,45,2,0,1,1,35,0,2,40
2402,3159,167,2,2,2,2,64,0,0,100
2403,3160,721,3,0,1,2,61,1,2,40
2404,3161,816,2,3,2,1,67,0,0,100
2405,3162,156,1,3,1,0,63,0,2,40
2406,3163,8,4,1,0,3,42,2,3,60
2407,3164,830,2,2,1,0,58,1,2,80
2408,3165,1093,1,2,1,0,30,2,4,100
2409,3166,772,3,0,2,1,50,2,0,40
2410,3167,922,1,2,1,1,57,1,2,100
2411,3168,66,2,3,1,1,26,1,0,80
2413,3169,127,4,3,0,3,60,0,1,60
2414,3170,1006,2,3,2,1,46,0,2,100
2415,3171,527,1,3,2,0,24,1,2,100
2416,3172,558,4,2,1,0,44,1,4,100
2417,3173,319,1,0,2,2,53,1,4,100
2418,3174,665,1,0,0,3,54,0,1,40
2419,3175,122,2,1,2,0,35,0,4,80
2420,3176,158,2,1,0,3,45,0,1,40
2421,3177,751,0,2,2,0,69,2,1,100
2422,3178,873,0,3,2,1,52,0,0,40
2424,3179,229,1,2,2,0,53,2,1,60
2425,3180,1291,0,2,1,3,42,2,1,40
2426,3181,773,0,2,2,2,64,1,3,100
2427,3182,128,0,1,0,2,44,1,1,60
2428,3183,761,4,3,0,3,51,2,1,60
2429,3184,773,0,2,2,3,38,1,1,60
2430,3185,1134,4,0,0,0,51,0,4,100
2431,3186,954,1,0,2,0,33,1,2,40
2432,3187,763,3,3,2,1,62,1,0,40
2433,3188,135,4,0,0,2,26,0,0,60
2435,3189,178,2,0,1,0,60,1,0,60
2436,3190,715,1,0,0,0,48,1,1,100
2437,3191,329,1,3,1,0,22,1,3,100
2438,3192,912,0,3,1,3,54,2,1,60
2439,3193,947,0,0,1,0,32,2,0,80
2440,3194,807,0,3,1,2,52,2,0,40
2441,3195,821,3,2,1,0,38,2,3,60
2442,3196,324,0,0,0,1,26,1,3,100
2443,3197,1353,4,1,1,0,65,1,4,60
2444,3198,316,2,2,0,3,59,1,2,60
2447,3199,625,1,3,2,0,38,2,1,100
2448,3200,1388,0,1,1,3,69,1,3,80
2449,3201,1256,3,1,2,1,63,2,1,80
2450,3202,1299,3,1,2,1,42,0,0,60
2451,3203,179,2,2,1,1,22,2,3,60
2452,3204,124,2,0,1,3,62,2,3,40
2453,3205,1043,1,0,1,3,53,1,0,60
2454,3206,152,2,2,0,1,48,1,4,100
2455,3207,618,0,1,2,0,61,1,4,80
2456,3208,254,3,1,1,2,48,2,2,60
2458,3209,1009,3,2,1,0,51,2,2,80
2459,3210,701,2,3,0,1,58,2,0,60
2460,3211,687,4,0,0,1,49,0,4,80
2461,3212,1232,3,0,2,2,55,1,2,80
2462,3213,1088,0,3,2,2,68,1,4,40
2463,3214,68,2,2,2,0,61,0,1,100
2464,3215,1299,0,1,0,1,57,2,2,40
2465,3216,2,3,0,1,3,67,1,3,80
2466,3217,150,2,3,1,1,28,1,3,100
2467,3218,599,4,3,2,0,59,2,3,40
2469,3219,705,3,0,1,2,39,0,1,80
2470,3220,972,2,0,1,3,61,2,1,80
2471,3221,32,4,3,2,2,65,0,2,60
2472,3222,6,1,3,1,0,61,1,1,60
2473,3223,195,1,2,0,3,53,0,0,80
2474,3224,913,0,3,0,0,53,0,0,80
2475,3225,218,2,2,0,1,54,1,0,100
2476,3226,105,3,3,2,2,63,2,0,40
2477,3227,175,0,3,1,3,68,0,2,100
2478,3228,323,0,1,2,2,35,2,0,60
2480,3229,433,4,0,0,0,51,1,1,60
2481,3230,93,0,3,1,0,28,0,2,80
2482,3231,398,0,2,2,0,25,0,2,40
2483,3232,833,1,1,0,2,55,2,2,60
2484,3233,779,2,1,0,3,31,1,4,80
2485,3234,594,0,0,2,0,59,0,2,60
2486,3235,829,1,0,1,1,29,2,1,40
2487,3236,324,4,0,0,1,35,2,3,100
2488,3237,1226,1,2,1,0,32,0,2,80
2489,3238,759,1,1,0,2,68,2,4,80
2491,3239,138,0,1,0,0,38,0,4,60
2492,3240,348,3,2,0,0,28,0,4,80
2493,3241,663,0,3,0,1,21,0,2,80
2494,3242,658,2,2,1,1,50,2,1,100
2495,3243,931,3,2,1,1,26,2,1,100
2496,3244,798,2,3,2,0,20,0,2,40
2497,3245,1319,1,2,1,0,66,1,0,100
2498,3246,1183,0,0,0,0,62,0,2,40
2499,3247,116,0,1,0,0,48,0,3,100
2500,3248,522,2,3,2,3,52,0,1,60
2502,3249,936,3,0,0,3,34,2,0,40
2503,3250,879,2,0,0,3,42,2,0,100
2504,3251,844,0,0,0,2,53,1,0,40
2505,3252,290,4,3,0,3,23,1,4,40
2506,3253,1234,1,0,2,0,64,2,2,100
2507,3254,1309,1,0,2,1,68,0,1,60
2508,3255,489,2,1,1,3,60,1,0,40
2509,3256,1327,4,1,0,3,42,0,4,60
2510,3257,622,3,2,0,1,28,1,0,60
2511,3258,24,1,0,2,2,25,1,3,100
2513,3259,497,1,0,0,2,23,0,4,60
2514,3260,900,2,1,2,3,54,0,1,60
2515,3261,722,1,1,2,1,28,2,4,40
2516,3262,517,1,3,0,1,28,2,2,40
2517,3263,333,4,0,2,3,68,1,3,80
2518,3264,120,4,3,2,2,35,2,2,100
2519,3265,1435,0,2,2,1,51,2,3,100
2520,3266,236,0,3,1,2,43,2,1,60
2521,3267,405,3,3,0,2,20,1,1,80
2522,3268,909,3,2,0,3,25,0,4,60
2524,3269,629,2,2,0,3,36,1,4,40
2525,3270,519,0,1,1,0,55,2,2,80
2526,3271,710,1,1,2,2,55,2,3,40
2527,3272,68,1,3,1,1,42,1,4,100
2528,3273,1415,4,0,2,3,45,1,2,100
2529,3274,824,0,1,2,1,55,2,4,80
2530,3275,282,1,3,0,0,65,0,1,60
2531,3276,329,0,3,1,2,20,0,2,100
2532,3277,207,0,2,1,2,26,1,1,100
2533,3278,671,2,1,1,3,61,0,3,60
2535,3279,1300,3,3,2,3,68,0,2,40
2536,3280,753,2,1,0,3,25,2,4,40
2537,3281,1250,3,2,1,1,57,0,4,40
2538,3282,154,0,1,1,2,58,0,1,40
2539,3283,1158,4,0,0,3,30,0,2,100
2540,3284,430,2,2,1,3,23,2,2,40
2541,3285,192,3,2,0,1,69,0,2,80
2542,3286,1402,4,1,2,0,22,2,4,40
2543,3287,621,2,2,0,2,69,0,1,40
2544,3288,70,0,3,0,2,21,0,3,100
2546,3289,690,4,1,1,2,25,1,2,80
2547,3290,84,0,3,2,2,52,2,4,80
2548,3291,735,3,0,2,0,61,2,4,40
2549,3292,338,0,3,2,3,61,0,0,100
2550,3293,754,4,0,2,0,44,1,3,100
2551,3294,1309,3,0,0,3,55,0,2,40
2552,3295,299,4,3,2,1,24,0,3,60
2553,3296,108,3,3,1,0,52,2,2,40
2554,3297,884,4,2,2,0,50,2,3,60
2555,3298,876,4,1,1,3,63,0,1,60
2558,3299,1080,4,3,0,2,35,1,0,80
2559,3300,826,2,2,2,2,67,1,3,80
2560,3301,960,1,2,1,3,47,1,0,80
2561,3302,456,2,1,2,2,30,0,0,80
2562,3303,456,1,0,1,0,66,1,1,80
2563,3304,286,0,0,2,1,57,2,4,80
2564,3305,693,4,2,0,0,66,2,4,60
2565,3306,1089,1,0,0,1,27,1,4,60
2566,3307,755,4,0,0,1,48,1,2,40
2567,3308,1159,1,2,0,3,50,2,3,40
2569,3309,625,3,3,1,0,65,1,0,100
2570,3310,488,1,0,0,0,30,0,4,60
2571,3311,343,2,3,2,2,53,0,4,60
2572,3312,577,1,2,2,0,22,1,1,60
2573,3313,458,1,2,2,0,32,1,0,60
2574,3314,675,0,0,0,1,34,0,1,100
2575,3315,312,3,2,0,2,38,2,0,40
2576,3316,1433,2,0,2,3,35,0,1,40
2577,3317,224,0,1,2,1,39,0,1,60
2578,3318,1358,1,0,0,0,20,0,4,100
2580,3319,775,0,1,2,1,42,1,1,100
2581,3320,1362,0,3,0,0,26,1,3,80
2582,3321,331,4,3,1,2,37,1,1,80
2583,3322,442,0,1,2,2,62,1,1,100
2584,3323,1072,0,1,1,1,30,0,2,100
2585,3324,726,0,2,1,0,41,0,3,80
2586,3325,253,3,0,1,1,47,0,1,100
2587,3326,1200,2,0,0,1,29,0,0,60
2588,3327,18,4,1,2,3,22,2,2,80
2589,3328,971,1,3,1,0,31,1,4,80
2591,3329,788,4,1,2,3,52,0,0,40
2592,3330,538,4,3,0,2,45,0,2,40
2593,3331,984,2,1,2,1,67,2,0,80
2594,3332,707,4,1,0,1,58,1,1,40
2595,3333,838,0,2,0,0,18,0,1,80
2596,3334,1048,4,2,1,1,18,1,3,100
2597,3335,607,2,1,0,2,48,2,2,100
2598,3336,1240,1,2,0,1,47,1,1,100
2599,3337,189,4,3,2,2,25,0,3,100
2600,3338,835,0,0,1,1,41,2,3,60
2602,3339,911,4,0,0,3,48,0,1,40
2603,3340,326,0,2,0,3,43,0,4,80
2604,3341,596,1,3,1,3,62,0,3,80
2605,3342,1148,0,3,2,1,64,0,2,40
2606,3343,1047,1,3,1,3,60,2,1,80
2607,3344,1359,0,3,1,0,38,1,4,60
2608,3345,347,0,2,0,0,65,0,3,60
2609,3346,714,0,2,0,0,55,2,2,80
2610,3347,872,4,3,0,1,46,2,4,60
2611,3348,297,4,1,0,1,31,1,4,80
2613,3349,1202,1,3,1,0,42,0,3,80
2614,3350,308,2,1,1,3,35,0,0,100
2615,3351,1251,2,2,2,3,63,0,1,60
2616,3352,1074,4,2,2,3,42,0,2,100
2617,3353,1149,3,2,0,1,59,1,1,40
2618,3354,861,0,3,0,0,43,1,0,100
2619,3355,686,1,0,2,2,19,1,1,100
2620,3356,1165,4,2,0,3,51,0,2,60
2621,3357,327,1,1,2,2,18,1,4,80
2622,3358,500,2,2,0,1,28,2,0,100
2624,3359,1043,1,1,1,1,20,2,2,100
2625,3360,238,0,0,2,0,64,1,1,80
2626,3361,399,4,3,1,1,64,1,4,40
2627,3362,473,0,0,0,2,31,1,1,40
2628,3363,1310,1,0,2,3,62,1,2,80
2629,3364,815,1,1,1,1,34,2,1,80
2630,3365,471,0,3,2,2,27,2,1,100
2631,3366,393,1,0,1,1,43,2,3,40
2632,3367,761,2,0,1,2,34,0,1,60
2633,3368,782,1,1,0,2,50,0,3,60
2635,3369,125,3,2,1,2,41,2,0,100
2636,3370,778,2,1,1,0,31,0,0,60
2637,3371,478,4,1,0,2,38,1,3,60
2638,3372,1217,2,0,1,2,24,2,0,80
2639,3373,579,4,1,0,2,44,0,2,40
2640,3374,1093,1,0,1,1,38,0,0,100
2641,3375,210,4,1,2,0,42,2,3,60
2642,3376,309,0,1,0,3,66,2,0,60
2643,3377,566,3,1,2,2,60,0,0,100
2644,3378,493,4,2,2,3,67,0,4,40
2646,3379,1319,0,2,1,3,46,1,3,100
2647,3380,925,0,0,0,3,18,2,2,100
2648,3381,287,0,3,2,3,23,1,3,40
2649,3382,1317,1,1,0,1,41,2,3,80
2650,3383,901,3,1,2,1,65,1,4,60
2651,3384,1389,2,2,0,0,20,2,0,100
2652,3385,55,3,2,2,0,32,1,2,100
2653,3386,1157,1,1,1,1,51,0,2,80
2654,3387,412,3,3,1,2,53,0,4,60
2655,3388,322,0,0,2,3,55,2,3,40
2657,3389,703,0,2,0,1,43,2,3,100
2658,3390,203,4,0,2,1,20,2,1,100
2659,3391,845,1,2,2,3,37,2,0,100
2660,3392,593,4,1,2,0,45,0,1,60
2661,3393,1071,1,2,1,3,69,0,2,60
2662,3394,1411,1,1,0,1,30,1,1,40
2663,3395,620,4,1,0,3,53,2,1,80
2664,3396,193,3,0,2,0,40,2,4,100
2665,3397,1345,3,2,1,3,66,0,1,40
2666,3398,131,4,1,2,0,61,1,0,80
2669,3399,877,1,1,0,2,52,2,3,40
2670,3400,1347,0,2,2,3,60,0,4,40
2671,3401,272,1,0,2,3,61,1,0,80
2672,3402,1079,0,1,0,0,62,0,1,80
2673,3403,292,2,2,0,0,49,2,3,60
2674,3404,1128,1,2,2,2,40,2,3,40
2675,3405,1354,1,3,0,2,28,2,0,100
2676,3406,508,2,3,0,2,56,2,0,40
2677,3407,1364,1,3,1,2,37,0,1,80
2678,3408,315,4,0,1,2,36,1,1,40
2680,3409,260,3,3,0,0,41,2,3,40
2681,3410,1102,1,0,0,1,29,1,1,40
2682,3411,194,2,2,0,0,58,2,4,60
2683,3412,1027,2,2,2,3,50,0,1,100
2684,3413,515,1,2,1,3,52,2,1,40
2685,3414,881,4,0,1,3,68,1,3,60
2686,3415,117,0,2,1,0,23,0,2,60
2687,3416,764,4,1,2,0,34,1,0,100
2688,3417,1297,4,3,2,2,57,2,2,80
2689,3418,1205,2,3,0,2,51,2,2,100
2691,3419,1123,3,3,2,3,63,1,3,40
2692,3420,66,1,2,0,0,58,0,3,80
2693,3421,65,3,3,0,0,42,1,1,40
2694,3422,1040,1,3,0,0,55,2,4,80
2695,3423,796,2,3,1,1,23,1,3,60
2696,3424,450,1,1,0,1,64,1,1,60
2697,3425,838,0,3,0,0,63,1,1,100
2698,3426,1290,3,0,1,2,58,2,4,60
2699,3427,1148,1,3,2,0,22,0,3,40
2700,3428,833,3,2,2,3,21,2,3,80
2702,3429,599,3,0,2,2,43,2,0,80
2703,3430,858,1,1,1,0,33,1,4,40
2704,3431,926,2,3,0,2,54,2,1,60
2705,3432,1217,3,1,2,2,55,0,0,100
2706,3433,976,4,0,1,2,53,2,3,40
2707,3434,651,2,1,1,3,19,2,4,60
2708,3435,13,3,2,0,1,68,1,1,40
2709,3436,999,2,0,0,0,61,1,2,60
2710,3437,960,0,3,0,0,18,1,4,100
2711,3438,381,2,3,0,1,49,0,0,100
2713,3439,1435,1,1,0,2,40,1,0,40
2714,3440,183,3,3,0,2,47,0,0,40
2715,3441,64,4,2,0,3,55,1,2,80
2716,3442,1213,4,3,0,2,40,2,3,80
2717,3443,309,0,0,1,1,43,2,2,40
2718,3444,1267,3,1,0,1,48,1,3,100
2719,3445,834,4,1,2,3,69,1,0,60
2720,3446,966,4,2,0,3,53,2,4,80
2721,3447,1125,2,0,2,0,41,1,4,100
2722,3448,424,2,1,1,1,54,0,0,80
2724,3449,380,4,0,0,0,60,1,3,80
2725,3450,810,2,3,1,2,24,2,4,40
2726,3451,722,1,2,1,3,45,2,3,60
2727,3452,518,0,3,0,3,41,0,4,80
2728,3453,609,4,1,2,1,28,0,0,80
2729,3454,1342,2,0,1,1,19,0,0,40
2730,3455,494,0,2,2,2,67,2,3,100
2731,3456,1124,3,2,2,2,36,2,1,80
2732,3457,1088,2,3,2,3,36,0,4,60
2733,3458,1306,2,2,0,3,45,2,1,40
2735,3459,268,0,2,1,0,48,2,2,40
2736,3460,124,4,1,2,2,27,0,3,100
2737,3461,90,2,3,2,3,32,0,0,60
2738,3462,521,0,1,0,1,50,2,4,80
2739,3463,1292,2,1,2,1,21,1,4,60
2740,3464,1193,2,2,2,0,40,1,2,80
2741,3465,465,2,1,0,1,67,2,4,100
2742,3466,1249,4,2,1,1,37,1,3,40
2743,3467,1273,2,2,1,2,48,1,1,40
2744,3468,824,2,2,2,2,67,0,1,40
2746,3469,801,4,0,1,3,56,2,2,60
2747,3470,95,3,1,0,0,25,2,4,60
2748,3471,922,4,1,0,0,49,0,4,100
2749,3472,1061,2,3,0,3,27,2,2,80
2750,3473,1249,1,1,0,0,23,1,2,60
2751,3474,1120,3,1,2,3,19,0,1,40
2752,3475,271,1,3,0,1,51,1,1,40
2753,3476,128,3,0,2,1,58,2,1,80
2754,3477,323,3,0,1,2,64,2,0,80
2755,3478,629,2,1,1,2,24,2,2,60
2757,3479,19,4,1,2,0,50,2,4,100
2758,3480,834,1,1,1,3,47,1,1,80
2759,3481,138,0,0,1,3,41,1,1,80
2760,3482,875,4,2,0,1,38,1,2,40
2761,3483,294,0,0,1,2,67,2,2,80
2762,3484,809,2,2,0,0,54,0,1,60
2763,3485,13,1,2,0,2,31,0,3,100
2764,3486,546,2,1,2,0,51,2,2,40
2765,3487,108,0,3,1,3,24,1,3,40
2766,3488,974,4,2,1,1,51,2,1,40
2768,3489,1358,1,3,2,2,46,1,2,60
2769,3490,54,0,3,1,2,22,0,1,40
2770,3491,368,2,3,1,2,63,2,0,100
2771,3492,488,2,3,1,2,52,0,1,60
2772,3493,1239,1,2,1,1,31,0,1,80
2773,3494,164,4,3,2,3,66,2,4,60
2774,3495,1240,2,1,0,3,34,0,0,60
2775,3496,236,3,3,0,3,54,2,0,80
2776,3497,1039,2,1,1,3,24,0,3,40
2777,3498,1187,3,3,1,0,48,1,1,100
2780,3499,497,0,0,1,2,67,1,3,60
2781,3500,925,3,3,2,3,63,1,0,40
2782,3501,1067,0,2,0,1,62,0,0,40
2783,3502,896,4,1,2,1,59,0,0,60
2784,3503,964,2,0,2,3,38,1,0,40
2785,3504,951,3,2,2,3,39,1,3,60
2786,3505,108,0,0,0,2,18,0,3,40
2787,3506,36,1,1,0,0,53,2,2,60
2788,3507,1212,2,3,2,3,61,2,0,40
2789,3508,1134,3,0,0,2,42,1,3,40
2791,3509,275,1,2,0,1,57,1,3,100
2792,3510,465,1,2,1,3,40,1,3,40
2793,3511,1307,3,3,2,3,44,0,3,40
2794,3512,26,0,0,2,1,48,2,0,80
2795,3513,885,3,0,2,0,34,1,2,80
2796,3514,302,1,2,2,0,57,0,2,60
2797,3515,435,3,3,1,0,42,1,4,60
2798,3516,795,4,0,2,2,32,2,1,60
2799,3517,659,4,1,0,1,60,0,4,80
2800,3518,126,0,0,0,0,64,0,1,80
2802,3519,472,3,3,0,0,65,0,2,100
2803,3520,756,4,1,0,0,29,1,2,60
2804,3521,806,3,1,2,0,34,2,3,80
2805,3522,442,3,1,0,2,66,0,4,100
2806,3523,593,4,1,1,3,49,2,3,60
2807,3524,1143,1,2,1,0,54,0,4,80
2808,3525,1026,4,1,2,1,21,0,4,60
2809,3526,1157,2,1,1,2,44,0,0,100
2810,3527,75,3,3,0,0,36,1,4,80
2811,3528,421,2,2,2,0,49,0,2,40
2813,3529,416,0,2,0,0,47,2,1,80
2814,3530,827,0,2,0,1,29,1,0,60
2815,3531,260,2,0,0,3,38,0,2,40
2816,3532,515,3,1,1,1,27,2,2,40
2817,3533,955,3,1,1,3,21,2,4,40
2818,3534,959,2,0,1,1,48,2,2,80
2819,3535,235,0,1,0,0,40,2,0,60
2820,3536,1203,2,2,0,3,58,2,1,80
2821,3537,154,2,1,0,0,29,0,2,60
2822,3538,1420,3,1,1,1,51,2,2,80
2824,3539,927,4,1,2,3,64,2,2,60
2825,3540,1198,0,0,2,0,66,2,4,60
2826,3541,276,2,3,2,0,34,1,4,80
2827,3542,549,4,1,1,3,31,0,3,60
2828,3543,1128,0,1,0,2,32,2,0,100
2829,3544,1031,4,2,1,3,53,0,3,80
2830,3545,374,2,3,0,2,64,2,3,80
2831,3546,699,4,3,2,1,48,0,0,80
2832,3547,328,1,3,0,0,29,2,0,60
2833,3548,1106,3,3,2,3,59,2,2,80
2835,3549,891,1,1,1,1,65,2,0,40
2836,3550,312,1,0,2,0,29,1,2,60
2837,3551,5,2,0,1,2,52,2,1,60
2838,3552,257,0,3,0,3,54,0,0,80
2839,3553,848,4,2,1,2,25,1,2,80
2840,3554,1016,1,2,1,1,69,2,4,60
2841,3555,1340,0,3,0,1,26,1,3,40
2842,3556,85,0,0,0,1,24,0,1,100
2843,3557,182,3,2,1,1,35,1,1,80
2844,3558,688,1,2,2,2,64,0,4,40
2846,3559,1191,4,0,1,1,52,1,0,80
2847,3560,715,3,3,2,3,52,0,3,80
2848,3561,407,4,2,0,2,42,2,3,60
2849,3562,764,2,3,1,2,21,2,0,100
2850,3563,971,1,2,1,1,51,2,4,80
2851,3564,398,3,3,0,1,66,2,3,80
2852,3565,200,0,3,2,3,67,2,2,40
2853,3566,259,2,1,0,3,67,0,3,100
2854,3567,234,3,1,0,0,34,2,4,80
2855,3568,1325,1,2,1,0,43,2,0,80
2857,3569,358,1,3,2,0,69,1,4,80
2858,3570,441,1,2,0,1,20,0,1,60
2859,3571,1372,3,3,1,2,38,1,0,100
2860,3572,1248,2,1,1,2,44,1,3,40
2861,3573,723,3,3,0,2,67,1,3,100
2862,3574,367,1,0,2,3,62,2,2,60
2863,3575,130,3,1,2,1,18,2,2,80
2864,3576,769,3,0,1,3,47,0,0,100
2865,3577,884,0,3,0,1,37,1,4,80
2866,3578,1303,1,3,1,0,60,1,4,80
2868,3579,873,3,3,0,2,68,0,1,60
2869,3580,683,4,1,1,1,55,2,0,100
2870,3581,1151,1,1,1,0,36,1,2,60
2871,3582,1126,3,2,2,2,50,2,3,60
2872,3583,718,2,2,0,3,19,0,1,40
2873,3584,1357,3,3,1,1,27,2,2,80
2874,3585,681,2,0,0,2,51,2,4,40
2875,3586,1180,1,1,1,3,43,1,3,100
2876,3587,928,0,2,2,2,59,0,1,40
2877,3588,1234,3,1,2,2,59,0,2,40
2879,3589,1089,3,0,1,2,38,2,1,100
2880,3590,710,0,3,0,3,62,1,2,60
2881,3591,455,0,1,1,1,34,1,1,60
2882,3592,279,1,2,1,0,43,1,1,40
2883,3593,660,0,1,0,0,35,0,3,60
2884,3594,1145,1,0,1,2,56,1,4,100
2885,3595,1239,4,0,2,2,27,2,4,100
2886,3596,104,4,2,2,2,26,0,4,100
2887,3597,768,0,3,1,1,53,1,0,40
2888,3598,790,4,0,0,3,48,0,4,80
2891,3599,153,4,2,1,1,19,2,2,60
2892,3600,1164,4,0,1,0,67,2,1,40
2893,3601,499,1,3,2,0,63,2,3,40
2894,3602,196,1,3,1,1,36,0,1,40
2895,3603,466,1,1,0,0,58,1,0,60
2896,3604,642,3,3,2,1,51,1,0,100
2897,3605,1296,4,0,0,0,36,0,0,80
2898,3606,1378,4,0,1,2,32,0,4,40
2899,3607,439,0,0,2,3,32,0,0,80
2900,3608,1277,3,2,0,2,47,1,3,80
2902,3609,979,1,3,2,0,22,1,1,80
2903,3610,874,0,2,1,1,32,1,3,100
2904,3611,540,2,1,0,1,44,0,0,60
2905,3612,1261,3,2,0,2,60,1,1,60
2906,3613,932,4,1,2,2,37,2,4,60
2907,3614,376,1,3,0,1,24,0,3,40
2908,3615,679,1,2,0,2,64,1,2,100
2909,3616,1407,0,1,2,0,41,2,3,100
2910,3617,841,0,1,0,2,24,2,4,80
2911,3618,1348,4,2,1,2,36,1,3,80
2913,3619,1196,3,1,2,3,51,2,2,100
2914,3620,124,2,2,1,3,37,2,1,40
2915,3621,1241,3,1,2,1,43,1,0,80
2916,3622,676,1,3,2,1,35,2,3,40
2917,3623,591,2,3,0,2,22,2,0,60
2918,3624,1043,0,0,2,1,48,0,4,40
2919,3625,940,1,2,2,2,25,2,4,60
2920,3626,305,1,1,0,0,28,2,4,80
2921,3627,118,1,3,2,3,20,0,4,60
2922,3628,1048,4,3,1,3,47,2,2,40
2924,3629,1075,1,3,2,1,53,2,4,40
2925,3630,699,0,3,0,1,66,0,0,80
2926,3631,86,1,1,0,2,55,2,1,40
2927,3632,1242,0,0,0,3,56,1,3,80
2928,3633,179,1,1,0,3,37,2,4,40
2929,3634,27,3,1,2,1,33,2,3,80
2930,3635,968,2,1,2,1,35,1,2,60
2931,3636,199,4,3,0,0,45,0,1,80
2932,3637,328,1,0,0,1,56,1,2,80
2933,3638,993,4,3,2,0,29,2,4,60
2935,3639,1009,0,0,1,1,33,1,4,60
2936,3640,820,0,1,0,0,18,1,3,40
2937,3641,1346,4,0,1,1,29,1,2,60
2938,3642,1032,2,2,1,0,46,2,2,80
2939,3643,620,2,2,0,0,49,1,3,40
2940,3644,733,4,2,0,1,49,0,4,100
2941,3645,470,4,2,0,0,35,1,0,60
2942,3646,453,3,3,2,3,38,0,2,40
2943,3647,620,1,1,2,3,65,2,3,100
2944,3648,677,0,3,0,2,61,2,0,100
2946,3649,985,3,2,0,1,60,2,4,40
2947,3650,992,3,3,1,2,55,2,3,80
2948,3651,446,1,2,2,2,42,0,3,40
2949,3652,1087,1,2,0,1,61,0,3,60
2950,3653,981,4,1,0,0,35,0,3,40
2951,3654,1226,2,3,2,2,64,0,3,60
2952,3655,396,0,0,2,1,25,2,3,80
2953,3656,522,0,3,1,1,50,2,1,40
2954,3657,825,2,1,2,1,55,0,3,100
2955,3658,763,3,3,1,2,22,2,2,100
2957,3659,1157,1,2,1,2,38,0,4,40
2958,3660,649,1,0,2,1,57,2,0,60
2959,3661,622,2,3,0,3,38,0,2,60
2960,3662,408,0,0,2,2,25,1,4,40
2961,3663,862,3,2,1,2,63,0,4,100
2962,3664,309,3,2,0,3,62,2,4,60
2963,3665,820,4,2,0,0,67,0,4,100
2964,3666,1043,0,1,2,0,45,2,2,100
2965,3667,726,4,2,1,2,48,1,3,40
2966,3668,505,2,1,1,2,59,1,4,60
2968,3669,377,1,1,1,2,35,2,1,60
2969,3670,366,1,2,2,0,61,2,4,40
2970,3671,629,0,2,0,0,60,1,0,100
2971,3672,626,2,3,1,2,68,1,1,100
2972,3673,1184,2,3,1,1,19,2,0,100
2973,3674,1060,3,3,0,1,36,2,3,60
2974,3675,210,4,2,2,3,58,0,4,100
2975,3676,531,0,1,0,0,58,1,4,60
2976,3677,612,1,3,2,3,21,0,0,100
2977,3678,789,2,0,2,3,38,2,0,60
2979,3679,203,4,2,2,3,52,1,3,40
2980,3680,1046,1,1,1,1,40,1,1,100
2981,3681,592,2,3,0,2,22,1,3,80
2982,3682,819,1,3,0,1,51,1,3,80
2983,3683,390,4,2,1,0,60,2,4,60
2984,3684,609,0,1,2,3,46,0,4,40
2985,3685,1314,1,2,1,1,66,1,3,80
2986,3686,647,4,0,2,0,58,1,3,60
2987,3687,966,4,3,2,2,57,2,0,100
2988,3688,1264,0,1,1,2,35,2,0,40
2990,3689,540,3,2,2,0,56,2,2,60
2991,3690,21,1,2,0,1,68,2,1,100
2992,3691,268,2,0,0,1,59,2,4,80
2993,3692,1260,3,2,2,3,50,1,0,60
2994,3693,1117,3,0,0,2,66,1,1,80
2995,3694,98,2,1,2,0,60,1,0,60
2996,3695,872,1,2,1,0,27,1,4,40
2997,3696,1087,0,0,2,2,49,0,4,100
2998,3697,1411,1,2,1,2,61,1,0,60
2999,3698,1263,1,2,1,1,20,1,1,100
3002,3699,1066,1,2,2,1,69,1,3,100
3003,3700,909,4,0,2,2,52,1,3,100
3004,3701,545,0,0,1,3,29,0,0,40
3005,3702,493,1,2,0,1,42,1,3,80
3006,3703,620,4,0,1,2,64,0,4,100
3007,3704,1125,3,0,2,0,40,0,3,40
3008,3705,636,1,2,2,0,45,0,2,40
3009,3706,305,3,2,1,0,68,0,3,40
3010,3707,1034,0,2,1,3,33,1,4,60
3011,3708,1231,3,0,1,1,28,2,2,80
3013,3709,941,4,3,0,0,39,1,1,100
3014,3710,1345,0,1,2,3,64,2,1,80
3015,3711,428,4,3,2,3,21,0,1,100
3016,3712,1041,1,3,2,0,31,0,1,60
3017,3713,310,2,3,1,3,57,2,3,40
3018,3714,186,0,2,2,2,66,0,3,100
3019,3715,1195,2,3,0,0,20,1,3,60
3020,3716,1268,0,1,1,0,34,0,4,60
3021,3717,635,4,0,0,1,44,0,3,60
3022,3718,556,1,0,1,2,30,0,1,80
3024,3719,765,3,2,0,2,54,1,2,60
3025,3720,416,1,0,2,2,58,1,4,40
3026,3721,675,4,2,2,1,52,2,3,80
3027,3722,277,4,3,2,0,65,2,4,100
3028,3723,891,3,3,0,1,39,0,0,80
3029,3724,820,1,0,1,2,45,1,2,40
3030,3725,434,1,1,0,1,58,0,0,80
3031,3726,273,2,1,0,2,27,2,0,80
3032,3727,852,1,3,1,1,59,0,3,40
3033,3728,932,1,1,0,1,68,1,4,60
3035,3729,710,3,2,0,0,31,2,2,100
3036,3730,1050,2,3,1,0,21,0,2,80
3037,3731,1366,2,2,0,1,39,2,0,60
3038,3732,721,2,1,2,2,23,0,0,80
3039,3733,278,4,2,2,1,24,1,1,80
3040,3734,719,1,1,0,0,34,0,2,60
3041,3735,173,3,2,2,0,50,0,2,100
3042,3736,1325,2,2,0,3,23,1,1,80
3043,3737,697,3,1,0,2,69,1,1,100
3044,3738,1107,2,1,0,0,20,0,4,40
3046,3739,470,1,3,0,1,18,1,2,40
3047,3740,1194,4,3,2,1,54,0,1,100
3048,3741,812,4,3,2,2,69,0,2,60
3049,3742,981,0,0,0,1,41,1,2,80
3050,3743,479,0,2,1,2,36,1,4,60
3051,3744,519,4,2,2,2,20,1,1,80
3052,3745,1044,1,2,0,3,31,0,1,100
3053,3746,200,4,1,1,3,36,1,3,100
3054,3747,291,2,3,2,1,33,2,0,100
3055,3748,593,4,1,2,1,52,1,1,100
3057,3749,949,1,1,1,2,30,0,4,80
3058,3750,77,1,1,0,3,67,2,2,80
3059,3751,1214,1,3,1,1,27,1,3,40
3060,3752,938,4,3,1,3,46,2,1,100
3061,3753,699,4,2,2,1,67,0,2,40
3062,3754,724,4,1,0,1,61,1,0,60
3063,3755,1340,4,3,1,1,66,0,3,40
3064,3756,470,2,3,2,2,63,2,0,60
3065,3757,1372,3,3,1,3,19,2,1,60
3066,3758,91,1,2,1,0,44,2,4,60
3068,3759,196,1,3,2,0,19,1,0,80
3069,3760,30,2,2,0,2,60,0,4,100
3070,3761,694,4,3,0,1,61,1,4,80
3071,3762,899,0,0,0,2,55,1,4,100
3072,3763,1207,4,1,1,3,28,2,4,40
3073,3764,1234,1,2,0,1,58,2,1,80
3074,3765,535,3,1,0,0,57,0,4,40
3075,3766,600,1,2,2,3,57,1,2,100
3076,3767,106,2,2,2,3,49,2,0,80
3077,3768,1241,0,3,1,2,22,1,0,60
3079,3769,1032,4,3,0,0,32,1,3,40
3080,3770,974,2,0,2,0,30,1,2,60
3081,3771,672,0,3,2,1,50,2,3,100
3082,3772,14,4,3,1,2,45,2,2,100
3083,3773,469,0,3,0,2,54,1,0,40
3084,3774,235,3,1,1,3,20,0,3,40
3085,3775,288,2,0,1,3,55,0,1,40
3086,3776,1119,3,1,2,2,60,0,2,40
3087,3777,1184,2,2,1,2,66,1,1,80
3088,3778,534,3,1,1,0,22,1,2,40
3090,3779,321,4,2,1,2,69,2,0,80
3091,3780,999,1,0,1,0,19,0,4,60
3092,3781,674,0,1,2,3,57,0,2,60
3093,3782,914,0,3,2,3,62,2,4,40
3094,3783,69,1,2,0,3,20,0,2,40
3095,3784,525,2,3,0,0,64,0,1,100
3096,3785,960,3,2,1,2,55,2,0,60
3097,3786,10,3,1,2,2,49,0,4,60
3098,3787,999,3,0,2,0,20,1,0,100
3099,3788,363,4,2,1,1,49,2,1,80
3101,3789,857,4,1,2,0,48,1,3,40
3102,3790,551,3,1,2,0,61,1,2,60
3103,3791,1228,1,3,1,3,43,0,4,100
3104,3792,85,0,0,0,0,48,0,1,40
3105,3793,259,1,0,2,2,69,0,0,80
3106,3794,863,0,0,1,0,30,0,0,100
3107,3795,301,4,3,0,2,66,0,3,80
3108,3796,751,0,1,2,3,59,1,0,40
3109,3797,498,2,3,1,0,62,2,2,100
3110,3798,755,0,3,1,1,69,2,4,100
3113,3799,1183,4,3,0,0,57,1,3,60
3114,3800,858,0,1,0,0,67,0,0,80
3115,3801,920,2,0,2,2,47,1,0,100
3116,3802,802,0,2,2,2,53,1,3,100
3117,3803,602,1,3,2,2,31,1,4,80
3118,3804,943,2,1,1,3,18,0,3,60
3119,3805,1015,2,0,0,3,45,1,3,60
3120,3806,177,0,0,0,3,69,2,3,80
3121,3807,1361,1,2,0,0,66,2,4,60
3122,3808,837,0,1,0,3,48,2,0,80
3124,3809,217,0,1,0,1,60,1,2,60
3125,3810,728,2,0,0,1,33,0,0,60
3126,3811,793,0,1,1,0,25,2,3,80
3127,3812,995,2,2,2,2,37,2,4,60
3128,3813,907,0,1,0,1,66,0,2,80
3129,3814,743,3,2,0,0,51,0,4,80
3130,3815,406,0,2,0,0,48,1,0,60
3131,3816,1432,4,0,2,2,45,2,4,40
3132,3817,936,3,0,0,2,65,2,3,40
3133,3818,573,2,2,1,1,36,0,4,80
3135,3819,597,2,2,1,1,26,2,1,40
3136,3820,186,3,1,2,0,67,2,4,80
3137,3821,499,4,3,1,1,60,0,3,80
3138,3822,624,1,3,0,1,34,1,4,40
3139,3823,1387,0,2,2,2,26,0,2,60
3140,3824,1267,4,1,2,3,61,2,4,100
3141,3825,10,0,0,1,0,46,0,2,40
3142,3826,480,1,2,2,2,49,2,4,60
3143,3827,24,2,3,0,1,27,1,0,40
3144,3828,269,0,1,0,2,69,1,2,80
3146,3829,827,4,2,1,0,62,2,4,80
3147,3830,1251,3,3,2,3,24,1,0,60
3148,3831,931,2,1,2,1,60,2,2,60
3149,3832,1088,3,1,2,2,51,0,4,40
3150,3833,536,3,2,1,1,47,1,4,100
3151,3834,30,3,2,0,0,21,0,2,80
3152,3835,72,0,1,2,2,20,2,4,80
3153,3836,1338,1,1,1,2,36,2,2,80
3154,3837,672,0,1,1,3,44,2,2,100
3155,3838,411,1,1,0,1,22,2,1,80
3157,3839,115,0,1,2,1,24,2,2,80
3158,3840,4,0,1,0,3,22,1,2,60
3159,3841,938,2,0,1,3,47,2,3,40
3160,3842,295,2,3,1,1,61,0,0,60
3161,3843,655,3,3,1,0,35,2,2,40
3162,3844,167,3,0,1,1,53,2,0,80
3163,3845,1358,0,2,2,1,52,0,4,40
3164,3846,655,1,0,0,1,24,1,0,40
3165,3847,1074,1,3,0,3,36,2,2,80
3166,3848,340,2,3,2,0,23,1,2,60
3168,3849,302,3,2,2,3,55,1,4,60
3169,3850,915,4,3,0,2,39,2,1,100
3170,3851,1261,1,0,2,1,63,2,4,80
3171,3852,517,4,0,2,1,69,0,0,60
3172,3853,209,1,3,1,2,34,1,4,40
3173,3854,1309,3,3,2,2,18,2,2,40
3174,3855,118,3,3,1,1,41,2,1,40
3175,3856,573,2,0,2,2,29,0,4,40
3176,3857,868,2,3,1,0,56,0,2,100
3177,3858,664,0,3,1,1,55,0,3,60
3179,3859,1026,0,0,0,1,33,1,3,40
3180,3860,1380,3,1,2,2,47,0,2,100
3181,3861,950,1,1,1,0,35,1,4,60
3182,3862,580,2,3,2,2,47,0,3,80
3183,3863,802,2,2,1,1,62,2,3,100
3184,3864,1121,0,3,0,0,50,0,2,40
3185,3865,105,1,2,1,3,64,0,3,60
3186,3866,849,1,3,2,1,60,0,1,80
3187,3867,815,0,1,1,0,57,2,3,100
3188,3868,1220,0,2,0,3,32,1,1,60
3190,3869,996,0,2,0,2,63,0,2,40
3191,3870,149,4,1,1,0,57,2,3,80
3192,3871,604,3,2,1,2,30,0,2,40
3193,3872,372,3,2,0,0,68,2,4,100
3194,3873,865,4,3,2,0,41,0,0,40
3195,3874,405,3,3,0,1,30,2,4,80
3196,3875,1351,4,2,0,0,44,1,3,100
3197,3876,856,3,1,1,0,27,2,1,100
3198,3877,515,1,0,0,3,39,2,4,100
3199,3878,1186,3,2,0,2,24,1,1,80
3201,3879,394,3,1,0,1,21,2,2,60
3202,3880,128,3,2,0,3,38,1,0,100
3203,3881,13,1,2,0,1,19,2,2,80
3204,3882,108,3,2,2,2,47,0,4,40
3205,3883,395,1,1,2,0,22,2,2,60
3206,3884,825,4,1,0,3,36,2,0,80
3207,3885,1169,2,2,0,0,19,1,1,100
3208,3886,1041,2,3,1,0,42,0,2,100
3209,3887,287,4,3,2,3,60,2,2,40
3210,3888,1340,4,2,0,1,56,2,1,80
3212,3889,734,4,1,1,1,57,1,2,60
3213,3890,556,0,2,0,3,49,1,1,100
3214,3891,1188,4,0,1,1,55,0,4,60
3215,3892,868,0,3,0,2,57,2,4,100
3216,3893,1422,4,0,2,0,20,2,2,80
3217,3894,712,0,1,1,2,67,1,0,80
3218,3895,629,2,3,0,3,43,1,3,80
3219,3896,971,2,2,2,1,66,1,1,80
3220,3897,568,4,2,1,1,21,0,1,80
3221,3898,187,1,2,0,3,40,2,4,40
3224,3899,645,2,2,1,1,48,2,0,100
3225,3900,833,4,2,0,0,35,1,0,80
3226,3901,1032,4,2,2,0,56,2,3,60
3227,3902,571,1,2,1,3,28,1,0,40
3228,3903,862,2,1,1,1,61,1,0,60
3229,3904,1098,4,1,1,3,54,1,3,40
3230,3905,475,3,2,0,1,22,1,0,100
3231,3906,1294,3,0,1,0,37,1,2,100
3232,3907,185,4,1,2,3,24,1,3,100
3233,3908,186,2,3,2,2,53,1,3,80
3235,3909,1313,1,2,2,3,44,0,0,80
3236,3910,524,1,2,1,3,29,1,1,60
3237,3911,1370,1,0,2,1,36,0,4,100
3238,3912,742,2,3,0,1,55,2,2,80
3239,3913,800,4,3,2,1,53,1,1,60
3240,3914,1054,2,3,2,0,42,0,3,40
3241,3915,1058,0,2,2,0,57,0,4,60
3242,3916,438,1,2,2,1,49,1,2,80
3243,3917,816,4,0,1,1,24,0,4,80
3244,3918,121,2,2,2,2,26,2,0,100
3246,3919,1076,4,1,0,0,18,0,4,80
3247,3920,688,3,2,1,3,61,1,2,100
3248,3921,1093,0,2,0,1,68,0,1,80
3249,3922,88,4,1,2,1,24,0,3,100
3250,3923,537,1,2,2,3,66,2,2,100
3251,3924,960,0,0,0,0,43,2,0,40
3252,3925,388,4,0,2,0,45,2,4,60
3253,3926,146,2,3,0,0,30,1,1,100
3254,3927,192,2,0,0,1,69,0,0,60
3255,3928,1194,2,1,0,3,53,2,4,80
3257,3929,1377,1,2,0,2,63,0,3,80
3258,3930,301,3,2,0,2,68,2,1,60
3259,3931,514,4,2,0,1,27,2,3,80
3260,3932,542,3,2,1,2,32,0,3,60
3261,3933,264,0,1,1,2,62,2,0,100
3262,3934,1268,3,3,0,3,57,1,1,100
3263,3935,553,2,1,2,1,69,1,4,80
3264,3936,355,0,1,1,0,28,0,4,80
3265,3937,1295,4,3,1,1,49,0,0,100
3266,3938,521,1,2,0,0,55,2,3,100
3268,3939,14,0,1,1,2,68,0,1,60
3269,3940,1426,1,3,2,0,61,2,2,100
3270,3941,671,3,2,2,2,67,2,3,60
3271,3942,1128,3,3,2,2,53,2,4,60
3272,3943,242,3,0,2,0,64,1,0,100
3273,3944,1206,2,1,1,1,46,0,2,100
3274,3945,604,4,3,2,0,25,2,2,60
3275,3946,180,3,3,0,2,67,2,3,80
3276,3947,617,3,2,1,2,69,2,1,80
3277,3948,782,3,0,1,0,22,0,1,40
3279,3949,917,2,0,1,0,33,1,1,40
3280,3950,571,2,2,1,2,47,2,2,80
3281,3951,354,4,2,2,1,23,0,1,60
3282,3952,947,3,3,0,0,24,2,4,100
3283,3953,10,0,3,0,1,63,2,2,40
3284,3954,701,4,0,0,1,53,0,3,100
3285,3955,122,2,1,1,3,53,0,1,80
3286,3956,1197,2,2,0,2,66,0,4,80
3287,3957,288,2,0,1,2,61,0,1,60
3288,3958,1047,1,1,1,2,52,0,4,40
3290,3959,672,2,0,1,2,38,2,3,40
3291,3960,450,1,2,0,3,34,1,0,80
3292,3961,1370,3,2,1,1,64,0,1,80
3293,3962,1427,4,2,0,1,45,0,3,60
3294,3963,1420,2,2,0,1,22,1,3,80
3295,3964,750,2,3,2,1,36,2,3,100
3296,3965,1194,4,0,2,1,56,2,2,40
3297,3966,953,3,2,1,0,45,1,1,40
3298,3967,1143,3,2,0,3,22,2,4,40
3299,3968,1297,1,1,2,3,32,1,4,100
3301,3969,292,1,1,2,3,34,0,1,100
3302,3970,812,2,0,2,0,61,2,3,40
3303,3971,692,2,0,2,1,38,1,4,100
3304,3972,1317,4,0,0,1,25,1,2,60
3305,3973,646,2,1,0,1,50,2,3,100
3306,3974,968,4,0,2,2,39,2,2,60
3307,3975,860,2,2,1,0,28,0,2,60
3308,3976,505,1,2,2,2,54,2,3,80
3309,3977,1386,0,0,2,3,35,0,3,80
3310,3978,1268,2,0,0,2,56,2,0,60
3312,3979,746,4,3,2,1,21,0,2,40
3313,3980,1330,3,0,0,0,38,0,3,80
3314,3981,17,4,1,2,2,68,1,2,100
3315,3982,403,1,0,2,2,35,2,4,80
3316,3983,557,0,2,2,1,46,2,0,40
3317,3984,648,0,2,1,2,49,2,0,100
3318,3985,1258,2,3,0,3,39,2,3,60
3319,3986,1128,2,1,1,3,30,0,0,80
3320,3987,235,1,3,2,1,34,1,1,80
3321,3988,1409,3,3,1,3,52,1,1,40
3323,3989,1338,0,3,0,1,68,2,3,80
3324,3990,982,0,0,0,3,53,2,0,100
3325,3991,375,1,2,1,0,68,2,3,60
3326,3992,16,1,0,0,3,43,2,3,100
3327,3993,205,2,2,0,2,20,0,3,80
3328,3994,863,3,2,0,3,60,0,1,80
3329,3995,521,1,1,0,1,26,1,3,40
3330,3996,501,1,3,1,0,66,1,3,60
3331,3997,864,2,0,1,1,49,0,3,80
3332,3998,968,4,2,2,3,25,2,3,100
3336,3999,292,1,3,1,1,48,1,1,80
3337,4000,664,3,3,0,3,33,2,0,80
3338,4001,93,1,0,2,0,38,2,1,60
3339,4002,984,4,1,1,0,20,2,2,100
3340,4003,1434,3,2,0,3,34,2,4,80
3341,4004,306,0,0,1,3,19,2,2,40
3342,4005,316,4,0,2,3,61,2,1,100
3343,4006,736,1,3,2,3,25,0,4,60
3344,4007,1298,3,2,1,1,43,2,3,80
3345,4008,710,2,3,2,1,24,1,4,100
3347,4009,836,1,3,2,2,64,2,3,80
3348,4010,697,4,0,2,2,62,1,4,80
3349,4011,243,4,1,2,1,44,0,2,80
3350,4012,524,2,1,2,1,24,2,3,100
3351,4013,1165,0,0,0,3,47,0,0,100
3352,4014,980,1,2,1,0,66,2,2,100
3353,4015,553,3,2,2,3,68,0,3,60
3354,4016,632,4,1,1,0,48,0,1,60
3355,4017,1219,0,3,1,3,29,2,2,40
3356,4018,850,0,3,1,3,66,2,1,100
3358,4019,167,3,2,2,2,19,0,4,60
3359,4020,140,2,0,2,1,21,2,3,80
3360,4021,1224,3,2,1,1,39,2,1,60
3361,4022,1221,3,0,2,3,34,0,1,40
3362,4023,801,4,3,2,3,25,2,2,60
3363,4024,657,1,2,1,1,42,0,3,40
3364,4025,262,0,2,2,1,26,1,2,60
3365,4026,1373,0,1,0,0,67,1,3,80
3366,4027,517,2,3,1,2,27,0,0,80
3367,4028,297,0,2,2,3,48,1,3,100
3369,4029,1054,0,1,2,3,40,2,0,40
3370,4030,458,1,2,2,2,52,1,4,60
3371,4031,692,3,3,0,0,28,0,2,100
3372,4032,790,1,2,0,3,18,0,2,80
3373,4033,405,1,1,2,1,69,1,1,40
3374,4034,1048,0,3,0,1,31,0,4,100
3375,4035,1057,3,3,1,1,34,1,2,100
3376,4036,1342,4,0,2,2,44,2,2,60
3377,4037,1181,1,2,1,1,47,1,4,40
3378,4038,497,2,2,0,1,68,2,1,40
3380,4039,1393,1,1,2,3,45,0,2,40
3381,4040,661,0,0,2,1,61,1,2,60
3382,4041,1044,1,1,1,1,53,0,2,80
3383,4042,405,0,1,2,1,43,0,0,100
3384,4043,470,2,1,0,2,26,2,2,100
3385,4044,1063,1,2,0,0,42,1,1,100
3386,4045,853,2,1,2,3,33,0,4,100
3387,4046,1085,1,2,0,3,23,1,4,100
3388,4047,291,3,0,1,1,41,1,3,100
3389,4048,1280,3,0,2,0,62,0,2,100
3391,4049,756,2,3,2,2,36,1,2,40
3392,4050,672,4,3,0,2,33,0,4,40
3393,4051,667,2,2,2,0,68,0,4,60
3394,4052,316,3,0,2,3,27,1,3,40
3395,4053,1321,4,3,0,0,60,0,3,80
3396,4054,123,1,0,0,1,56,0,1,100
3397,4055,478,0,1,2,1,50,1,3,60
3398,4056,851,3,2,2,2,52,0,3,40
3399,4057,948,0,1,1,3,44,2,0,60
3400,4058,231,3,2,0,2,66,1,4,80
3402,4059,1024,1,3,1,2,34,0,3,40
3403,4060,84,0,0,0,2,44,2,1,60
3404,4061,394,2,1,1,3,67,2,3,60
3405,4062,521,1,1,0,3,56,0,1,100
3406,4063,362,1,0,0,0,33,1,3,60
3407,4064,833,4,3,2,2,24,1,4,100
3408,4065,902,0,1,2,3,58,2,3,40
3409,4066,1348,1,0,2,0,43,0,2,60
3410,4067,742,2,1,0,0,34,1,0,60
3411,4068,584,0,3,1,2,47,2,2,100
3413,4069,722,2,0,1,3,46,2,4,100
3414,4070,1114,4,1,2,3,33,2,0,60
3415,4071,602,2,0,0,2,62,2,4,100
3416,4072,875,1,1,1,3,48,0,0,80
3417,4073,1247,3,2,2,2,27,2,2,80
3418,4074,585,4,3,2,2,56,2,2,40
3419,4075,1390,2,2,0,0,68,1,0,100
3420,4076,764,1,0,0,3,43,2,3,100
3421,4077,50,0,3,0,1,50,1,3,100
3422,4078,177,4,0,1,0,20,2,2,40
3424,4079,248,4,0,1,0,32,1,3,100
3425,4080,788,0,2,1,2,48,1,4,80
3426,4081,219,3,3,0,0,18,1,4,60
3427,4082,900,4,0,2,0,30,0,1,40
3428,4083,1070,0,1,1,2,45,1,0,40
3429,4084,685,4,2,2,2,37,2,2,40
3430,4085,1007,3,1,2,3,52,2,0,60
3431,4086,391,2,2,0,1,40,0,0,80
3432,4087,191,3,0,2,3,54,0,4,80
3433,4088,355,3,3,0,1,39,0,2,60
3435,4089,231,3,3,0,1,27,0,2,40
3436,4090,382,0,0,2,2,53,2,1,60
3437,4091,98,3,1,0,3,35,1,4,60
3438,4092,76,1,3,1,1,19,2,0,100
3439,4093,1324,1,0,1,1,49,0,3,60
3440,4094,733,1,3,0,1,37,0,1,80
3441,4095,492,0,3,0,1,50,2,3,100
3442,4096,227,3,1,0,2,40,2,2,40
3443,4097,527,0,2,2,0,28,2,2,80
3444,4098,1189,2,3,2,2,29,1,3,60
3447,4099,739,4,2,1,2,37,2,3,60
3448,4100,1035,3,0,0,3,52,0,3,100
3449,4101,1309,2,2,1,1,68,2,3,60
3450,4102,1036,1,0,2,3,57,2,2,80
3451,4103,262,1,2,1,1,38,2,1,40
3452,4104,536,4,2,1,2,43,1,2,100
3453,4105,746,3,0,1,0,39,2,1,80
3454,4106,396,4,2,2,1,67,1,0,60
3455,4107,865,4,1,1,1,68,0,1,60
3456,4108,1164,3,3,0,1,42,2,0,100
3458,4109,424,0,1,1,0,59,0,2,80
3459,4110,88,0,3,1,3,18,1,0,60
3460,4111,1005,2,2,1,3,39,1,1,60
3461,4112,1136,4,1,2,2,26,1,2,60
3462,4113,496,4,1,1,3,31,1,4,40
3463,4114,473,3,3,0,1,28,2,1,80
3464,4115,200,4,0,1,3,32,2,2,60
3465,4116,779,0,1,1,2,24,0,1,80
3466,4117,99,0,1,0,1,35,2,2,100
3467,4118,1042,0,3,2,2,36,2,3,80
3469,4119,516,0,0,2,2,25,2,2,80
3470,4120,1124,2,3,0,3,35,0,3,100
3471,4121,806,0,0,2,2,68,2,3,40
3472,4122,920,4,2,2,1,32,0,1,100
3473,4123,1356,4,3,0,3,52,0,1,80
3474,4124,477,4,2,1,2,58,1,0,100
3475,4125,63,3,1,1,2,52,1,3,80
3476,4126,1155,0,3,1,2,40,0,2,80
3477,4127,378,4,2,2,2,46,0,4,60
3478,4128,1256,2,3,2,1,56,0,1,40
3480,4129,520,2,2,0,2,63,2,1,60
3481,4130,618,3,2,0,2,69,0,2,80
3482,4131,95,3,0,2,0,24,0,4,60
3483,4132,63,0,0,1,1,69,2,3,40
3484,4133,510,2,2,2,3,48,2,0,80
3485,4134,615,4,1,0,0,34,2,0,80
3486,4135,1133,3,1,2,2,48,2,1,100
3487,4136,113,0,2,2,3,18,0,0,80
3488,4137,1172,4,3,0,3,29,1,2,60
3489,4138,505,1,3,1,1,62,0,2,100
3491,4139,765,2,1,1,3,60,0,1,100
3492,4140,337,0,3,1,1,53,0,3,60
3493,4141,666,2,3,0,1,45,2,1,40
3494,4142,1313,1,3,2,1,45,2,1,80
3495,4143,263,4,0,0,0,43,2,0,40
3496,4144,179,1,0,0,0,39,0,0,100
3497,4145,516,0,1,1,2,61,0,3,100
3498,4146,860,2,1,2,3,50,1,1,60
3499,4147,1102,0,0,0,0,41,2,4,100
3500,4148,840,3,3,0,2,35,1,3,100
3502,4149,227,4,3,2,3,36,0,0,100
3503,4150,846,1,3,2,2,47,2,2,80
3504,4151,762,4,2,1,2,32,2,4,100
3505,4152,1372,0,1,0,1,51,0,1,80
3506,4153,965,3,2,0,0,57,2,4,100
3507,4154,1076,4,0,1,3,45,2,1,60
3508,4155,67,0,2,2,1,36,1,3,40
3509,4156,339,2,1,2,2,26,1,4,100
3510,4157,792,1,3,2,0,35,2,1,100
3511,4158,36,4,2,0,1,23,0,1,40
3513,4159,502,1,1,1,1,68,2,3,80
3514,4160,964,1,0,2,2,19,2,4,80
3515,4161,1395,3,0,1,3,62,1,1,100
3516,4162,274,0,0,0,0,29,0,1,100
3517,4163,1385,2,0,2,0,63,1,2,40
3518,4164,417,4,2,0,2,50,0,0,100
3519,4165,709,0,3,1,1,37,0,0,80
3520,4166,1390,1,2,2,0,29,1,0,60
3521,4167,374,3,3,0,1,61,1,1,60
3522,4168,98,0,0,0,3,33,2,2,40
3524,4169,1267,3,2,1,1,26,2,3,100
3525,4170,842,1,2,0,1,52,0,0,80
3526,4171,561,2,0,2,3,54,0,3,80
3527,4172,223,1,1,1,0,46,2,2,80
3528,4173,8,4,1,1,3,52,1,1,80
3529,4174,467,0,3,0,2,50,1,4,80
3530,4175,1027,1,1,1,2,43,1,4,100
3531,4176,1183,3,3,0,0,43,0,2,100
3532,4177,128,1,1,0,1,19,2,3,40
3533,4178,1230,4,2,1,3,49,2,2,40
3535,4179,299,1,3,1,2,38,2,2,100
3536,4180,1099,4,0,0,1,41,2,3,100
3537,4181,1073,3,0,0,2,42,1,4,100
3538,4182,1199,0,0,0,2,29,1,3,80
3539,4183,1203,0,3,2,1,61,0,2,100
3540,4184,388,1,1,0,0,24,0,1,100
3541,4185,875,2,3,0,2,36,0,2,80
3542,4186,542,4,0,1,2,40,0,3,100
3543,4187,292,3,0,2,0,34,1,2,100
3544,4188,863,3,0,2,3,50,1,2,100
3546,4189,608,2,2,2,1,64,1,3,60
3547,4190,1386,2,1,2,2,24,2,0,40
3548,4191,752,1,2,2,2,51,1,3,40
3549,4192,1147,4,1,1,0,39,0,1,100
3550,4193,694,3,3,2,3,33,2,1,60
3551,4194,167,4,1,2,0,62,0,4,100
3552,4195,475,3,3,1,2,35,1,2,80
3553,4196,670,2,2,0,2,31,0,1,60
3554,4197,604,2,1,2,0,26,1,1,80
3555,4198,293,0,2,2,0,40,2,2,80
3558,4199,1023,0,1,0,1,30,2,2,60
3559,4200,565,4,0,1,2,67,2,2,80
3560,4201,920,1,1,2,1,33,0,1,40
3561,4202,703,1,3,2,3,49,0,2,60
3562,4203,343,0,2,2,0,36,2,4,80
3563,4204,1377,3,1,0,2,67,2,1,40
3564,4205,490,1,3,2,0,41,1,1,60
3565,4206,1094,1,1,0,0,26,2,2,40
3566,4207,902,1,1,2,2,67,0,2,40
3567,4208,444,3,3,2,2,33,1,4,80
3569,4209,1211,2,2,0,1,47,1,3,60
3570,4210,430,3,1,1,2,30,1,2,40
3571,4211,317,2,1,2,0,62,0,2,40
3572,4212,649,4,3,2,1,24,0,2,60
3573,4213,103,2,3,0,3,58,2,3,40
3574,4214,656,4,2,1,3,67,0,1,40
3575,4215,212,3,1,2,0,23,2,3,80
3576,4216,554,2,2,0,0,62,1,0,80
3577,4217,469,2,0,0,1,64,0,2,80
3578,4218,1070,1,0,2,2,22,0,3,100
3580,4219,654,3,1,2,2,48,1,3,40
3581,4220,600,4,3,2,0,34,0,4,60
3582,4221,983,0,3,1,1,33,2,4,60
3583,4222,607,1,0,0,2,18,1,3,100
3584,4223,376,4,2,0,0,31,1,3,40
3585,4224,1361,4,1,1,2,33,1,1,60
3586,4225,1390,2,1,1,0,56,2,0,100
3587,4226,933,4,3,1,1,26,1,0,60
3588,4227,283,3,3,0,3,47,1,2,60
3589,4228,1141,1,1,2,3,48,1,4,100
3591,4229,550,1,0,0,3,61,2,2,100
3592,4230,1038,0,0,0,3,22,0,2,40
3593,4231,303,3,0,0,1,51,2,1,80
3594,4232,28,2,1,0,3,50,0,3,100
3595,4233,798,2,3,2,3,19,0,4,40
3596,4234,976,1,0,0,0,21,2,1,80
3597,4235,579,4,1,1,1,52,2,4,80
3598,4236,909,2,3,1,1,24,2,2,40
3599,4237,1394,0,0,2,2,64,2,4,100
3600,4238,968,4,1,0,3,53,1,3,60
3602,4239,264,3,3,2,2,27,0,4,40
3603,4240,1027,0,0,1,1,49,0,4,40
3604,4241,432,2,3,1,2,19,0,0,60
3605,4242,926,2,0,1,1,28,1,3,80
3606,4243,1100,1,1,2,3,42,2,3,100
3607,4244,138,1,2,0,3,26,1,0,100
3608,4245,220,2,0,0,1,56,1,0,80
3609,4246,1099,4,2,0,0,64,1,0,60
3610,4247,401,1,1,1,0,28,2,4,60
3611,4248,1023,4,1,2,2,37,0,4,60
3613,4249,764,2,2,2,3,55,0,0,60
3614,4250,125,0,3,1,1,50,0,1,60
3615,4251,381,2,1,1,3,43,1,3,40
3616,4252,160,2,0,1,1,40,0,3,100
3617,4253,1088,4,0,0,0,52,1,3,40
3618,4254,1377,3,0,0,0,62,2,1,40
3619,4255,33,4,0,1,0,53,0,0,80
3620,4256,749,4,3,1,2,49,1,2,100
3621,4257,1094,3,1,0,2,53,0,3,40
3622,4258,1260,1,2,1,1,68,1,2,40
3624,4259,257,2,2,1,2,37,1,3,40
3625,4260,251,4,2,1,2,19,0,0,80
3626,4261,210,4,2,0,2,23,0,3,80
3627,4262,1386,3,2,1,0,54,1,3,60
3628,4263,1066,1,1,2,2,39,0,1,80
3629,4264,366,3,3,0,3,60,1,3,100
3630,4265,1236,2,2,0,0,28,2,2,60
3631,4266,555,2,2,1,0,52,0,2,100
3632,4267,420,0,3,1,3,53,1,0,100
3633,4268,545,3,0,0,0,34,2,4,100
3635,4269,217,3,1,1,3,24,0,4,100
3636,4270,593,0,2,2,0,34,2,0,100
3637,4271,1199,1,2,2,2,19,1,2,80
3638,4272,188,0,3,2,2,67,0,0,100
3639,4273,1036,1,2,1,1,64,1,2,80
3640,4274,469,3,0,2,1,54,0,4,80
3641,4275,533,0,2,2,0,23,1,1,60
3642,4276,664,0,3,1,3,37,0,0,40
3643,4277,1262,3,1,1,2,23,1,2,100
3644,4278,751,0,1,1,1,54,2,2,80
3646,4279,348,0,2,0,1,67,0,2,100
3647,4280,128,4,0,1,1,67,2,4,40
3648,4281,31,3,2,1,2,59,0,1,80
3649,4282,355,2,1,1,3,26,1,2,100
3650,4283,586,3,1,2,0,21,2,0,60
3651,4284,925,3,1,0,1,30,0,0,40
3652,4285,1361,0,2,2,1,38,2,1,80
3653,4286,779,0,3,1,3,22,1,3,60
3654,4287,1103,1,1,0,2,27,1,0,40
3655,4288,1238,2,3,0,2,35,1,4,60
3657,4289,811,1,0,0,0,31,0,2,40
3658,4290,277,1,1,2,0,61,2,1,100
3659,4291,665,2,3,1,3,23,0,1,100
3660,4292,1202,0,3,0,3,42,1,2,40
3661,4293,1346,4,2,2,1,25,1,0,40
3662,4294,95,4,0,1,2,23,0,1,80
3663,4295,1383,1,2,2,2,43,2,3,100
3664,4296,327,0,2,1,1,20,1,1,40
3665,4297,100,1,2,2,1,23,2,3,60
3666,4298,542,0,3,1,2,66,1,0,60
3669,4299,629,2,1,0,3,18,0,0,80
3670,4300,1007,3,0,2,2,29,2,0,40
3671,4301,713,1,0,1,1,40,0,1,100
3672,4302,61,0,2,1,3,61,2,3,40
3673,4303,1089,2,2,2,1,45,2,1,80
3674,4304,1324,3,3,0,2,59,0,4,100
3675,4305,503,2,2,1,3,32,1,3,60
3676,4306,591,2,0,1,2,25,0,0,40
3677,4307,625,2,0,2,1,22,0,3,40
3678,4308,609,4,1,0,2,43,0,4,80
3680,4309,283,3,2,2,3,26,1,2,60
3681,4310,311,2,0,2,2,30,0,3,100
3682,4311,669,1,1,2,0,43,0,2,60
3683,4312,970,3,2,2,0,24,2,0,60
3684,4313,327,0,3,2,0,61,2,2,60
3685,4314,257,2,0,2,0,62,2,1,80
3686,4315,623,3,3,2,3,26,1,3,80
3687,4316,1181,4,1,1,2,26,0,4,80
3688,4317,134,4,2,0,2,55,0,3,100
3689,4318,532,3,1,1,2,58,2,1,40
3691,4319,358,4,1,2,0,60,0,3,100
3692,4320,307,4,0,0,0,33,1,1,80
3693,4321,574,3,1,1,0,60,0,1,100
3694,4322,61,4,0,1,0,21,0,0,80
3695,4323,1031,2,1,2,2,25,1,3,40
3696,4324,1329,2,0,1,2,58,2,4,60
3697,4325,755,2,0,2,0,39,2,0,80
3698,4326,1031,2,3,2,2,65,0,2,40
3699,4327,1360,1,3,1,1,69,2,2,100
3700,4328,1024,1,3,0,3,56,2,0,100
3702,4329,1415,1,0,2,2,28,2,2,100
3703,4330,843,0,3,2,0,34,1,3,80
3704,4331,1056,2,2,0,2,49,2,2,40
3705,4332,199,1,0,0,2,33,2,4,60
3706,4333,193,1,3,0,0,26,2,0,60
3707,4334,546,0,1,0,3,55,2,3,60
3708,4335,552,1,2,1,0,48,2,2,80
3709,4336,1434,3,3,0,3,25,1,1,40
3710,4337,1435,0,3,2,3,19,1,3,80
3711,4338,694,1,3,2,3,51,1,2,60
3713,4339,358,2,1,2,3,34,2,4,80
3714,4340,886,1,1,0,3,45,1,2,80
3715,4341,1362,4,3,2,2,55,1,4,100
3716,4342,388,4,1,2,0,65,0,4,100
3717,4343,1255,3,2,0,1,60,2,4,60
3718,4344,605,1,2,0,1,21,2,4,80
3719,4345,1210,2,1,2,1,67,2,3,40
3720,4346,779,4,1,0,2,66,1,2,60
3721,4347,501,4,3,1,1,28,1,0,40
3722,4348,199,4,1,1,1,45,0,1,80
3724,4349,893,3,0,2,1,66,0,3,100
3725,4350,668,4,0,0,3,52,2,0,60
3726,4351,1420,4,3,1,2,62,1,0,40
3727,4352,1070,3,0,0,1,19,2,3,80
3728,4353,1313,0,1,1,2,61,2,3,80
3729,4354,476,1,2,1,3,58,2,0,60
3730,4355,734,0,0,1,1,55,0,1,40
3731,4356,44,3,2,0,2,52,1,2,60
3732,4357,638,1,2,1,2,53,2,0,40
3733,4358,985,2,2,0,1,31,2,0,60
3735,4359,789,4,2,2,2,30,1,0,100
3736,4360,855,4,2,1,2,42,2,3,80
3737,4361,505,3,0,0,3,47,2,1,40
3738,4362,96,0,1,2,3,21,1,4,40
3739,4363,1007,2,3,1,0,41,2,1,80
3740,4364,389,3,2,0,3,25,1,2,100
3741,4365,1279,4,0,0,1,46,0,3,40
3742,4366,55,1,0,2,1,33,0,0,60
3743,4367,1306,1,0,0,2,58,2,1,100
3744,4368,329,4,0,1,0,33,0,0,60
3746,4369,1295,2,1,2,0,61,1,2,60
3747,4370,85,3,1,2,0,68,0,0,40
3748,4371,1387,1,2,0,1,20,2,4,80
3749,4372,799,3,1,1,1,24,1,3,100
3750,4373,1326,1,2,1,2,18,2,4,80
3751,4374,617,1,3,1,2,43,0,3,100
3752,4375,767,1,0,0,3,31,0,1,60
3753,4376,210,1,0,2,3,23,2,2,40
3754,4377,332,4,0,1,2,55,2,1,40
3755,4378,1335,3,1,1,0,27,1,3,60
3757,4379,592,0,0,0,0,24,0,2,60
3758,4380,738,0,0,0,0,21,2,3,60
3759,4381,494,2,2,1,1,49,0,0,80
3760,4382,523,1,1,0,1,66,1,0,100
3761,4383,23,3,0,2,2,51,2,0,100
3762,4384,491,2,1,1,3,44,0,4,80
3763,4385,972,3,3,2,0,55,2,1,40
3764,4386,1122,0,0,1,0,25,1,0,40
3765,4387,809,0,1,2,2,33,0,1,60
3766,4388,1041,3,3,2,0,22,2,0,60
3768,4389,1015,3,0,0,1,64,2,0,80
3769,4390,309,1,1,1,1,41,0,0,40
3770,4391,236,3,2,1,0,58,1,3,60
3771,4392,1048,0,2,2,1,35,2,3,60
3772,4393,190,0,0,1,2,33,1,3,80
3773,4394,352,3,3,1,1,24,2,1,100
3774,4395,456,1,1,1,1,45,1,2,80
3775,4396,1327,4,1,2,3,54,0,2,60
3776,4397,869,0,1,1,3,31,2,0,100
3777,4398,802,3,2,1,3,51,1,1,80
3780,4399,1344,3,1,0,2,46,0,4,60
3781,4400,97,1,2,2,1,23,0,0,100
3782,4401,12,1,1,0,2,19,0,4,100
3783,4402,320,4,0,2,1,51,2,3,80
3784,4403,789,3,0,1,1,67,2,0,60
3785,4404,809,3,0,2,0,21,1,0,80
3786,4405,396,4,2,0,2,65,1,2,100
3787,4406,253,4,0,2,0,39,1,3,100
3788,4407,1378,2,3,0,3,37,2,3,40
3789,4408,985,0,2,2,2,40,2,1,100
3791,4409,584,2,3,2,2,45,1,3,60
3792,4410,65,4,0,2,0,33,0,2,80
3793,4411,1090,0,2,2,3,45,2,1,60
3794,4412,403,0,1,2,0,32,1,2,40
3795,4413,1042,1,0,1,1,58,2,0,100
3796,4414,1303,1,1,2,2,55,2,1,60
3797,4415,1116,2,0,1,3,47,0,4,80
3798,4416,1183,1,2,2,1,60,0,0,60
3799,4417,598,3,3,1,3,67,0,0,40
3800,4418,5,2,2,2,3,36,2,2,100
3802,4419,689,0,1,2,3,56,2,4,40
3803,4420,223,3,2,1,2,53,1,0,60
3804,4421,962,3,2,1,2,44,2,4,60
3805,4422,719,3,1,1,2,57,2,2,100
3806,4423,1222,1,0,0,2,40,1,2,40
3807,4424,1135,1,1,0,2,47,2,2,40
3808,4425,729,0,2,2,0,60,0,4,100
3809,4426,19,0,1,2,3,56,2,3,60
3810,4427,133,1,2,2,2,45,1,1,80
3811,4428,102,4,0,1,1,50,2,0,60
3813,4429,997,1,0,2,0,40,0,1,80
3814,4430,424,2,0,1,1,27,0,1,100
3815,4431,1330,2,3,2,1,54,0,0,40
3816,4432,785,2,2,1,2,23,2,0,100
3817,4433,1232,0,3,2,3,45,0,1,80
3818,4434,921,1,3,2,0,67,1,2,40
3819,4435,201,3,2,2,0,38,0,2,60
3820,4436,694,1,3,1,3,48,1,3,40
3821,4437,511,0,0,2,1,66,1,2,80
3822,4438,1431,1,0,2,3,64,2,3,80
3824,4439,239,3,0,0,3,67,0,1,100
3825,4440,191,0,0,2,3,59,1,2,60
3826,4441,1005,4,2,2,0,61,0,3,80
3827,4442,389,4,1,1,1,43,0,0,60
3828,4443,28,4,3,2,2,39,1,3,40
3829,4444,367,3,0,0,2,23,0,0,40
3830,4445,1236,3,0,1,3,58,2,0,80
3831,4446,383,4,0,0,2,63,0,1,100
3832,4447,510,3,1,0,2,59,2,0,40
3833,4448,1086,3,0,2,0,26,1,3,60
3835,4449,938,2,3,0,2,23,2,2,60
3836,4450,1076,2,3,0,0,46,1,3,100
3837,4451,824,2,3,2,3,29,2,2,60
3838,4452,1337,4,3,2,2,44,1,4,60
3839,4453,1296,1,1,2,3,22,1,4,100
3840,4454,918,0,1,2,2,43,2,1,100
3841,4455,201,1,2,0,1,18,2,3,80
3842,4456,297,0,3,1,3,52,0,1,80
3843,4457,1022,3,2,1,0,26,2,0,60
3844,4458,47,1,0,2,3,27,1,3,60
3846,4459,585,1,1,1,0,18,0,3,60
3847,4460,82,4,2,2,2,24,2,4,80
3848,4461,271,0,3,1,1,40,1,1,60
3849,4462,999,2,0,2,1,27,0,2,40
3850,4463,683,3,0,2,0,33,1,0,60
3851,4464,332,2,2,0,0,43,1,0,40
3852,4465,84,4,3,2,1,60,0,1,60
3853,4466,138,1,3,2,1,34,2,2,40
3854,4467,410,1,2,1,0,53,1,4,40
3855,4468,426,1,1,1,0,63,1,2,60
3857,4469,503,3,1,2,3,24,0,3,80
3858,4470,370,3,0,2,2,47,0,2,40
3859,4471,1011,1,0,2,1,59,1,0,40
3860,4472,609,2,0,0,0,29,1,2,60
3861,4473,300,1,3,1,2,69,0,1,80
3862,4474,1250,1,1,2,2,68,0,0,40
3863,4475,1160,2,0,1,1,54,0,0,100
3864,4476,985,1,3,2,0,64,0,1,100
3865,4477,808,0,1,1,0,69,2,0,100
3866,4478,1265,4,1,2,1,42,0,0,100
3868,4479,1398,4,0,1,0,43,2,2,60
3869,4480,81,1,0,2,0,46,0,0,80
3870,4481,0,2,1,1,3,37,2,4,100
3871,4482,114,4,1,1,0,63,0,1,40
3872,4483,1029,2,0,0,0,32,1,0,40
3873,4484,1193,4,2,1,0,41,0,2,60
3874,4485,289,2,1,1,3,25,2,4,60
3875,4486,332,2,3,1,3,21,1,3,100
3876,4487,221,2,1,2,1,32,0,4,80
3877,4488,1322,1,3,2,3,20,1,2,80
3879,4489,934,3,1,0,0,34,2,2,80
3880,4490,1407,4,1,2,0,61,2,4,80
3881,4491,112,1,2,1,3,27,2,3,40
3882,4492,733,2,2,0,1,52,1,3,80
3883,4493,1263,1,3,0,2,27,0,1,60
3884,4494,69,4,3,1,1,20,0,4,80
3885,4495,493,3,1,2,3,44,2,1,40
3886,4496,1111,1,0,1,1,61,1,4,80
3887,4497,1378,4,1,1,2,35,2,2,80
3888,4498,1030,3,2,1,0,53,1,3,100
3891,4499,826,1,1,0,2,52,1,0,40
3892,4500,329,0,2,2,1,67,2,0,80
3893,4501,167,0,0,1,2,42,1,2,60
3894,4502,537,1,3,1,0,53,0,4,40
3895,4503,1332,4,2,1,1,44,0,4,100
3896,4504,1327,0,3,0,3,18,0,4,80
3897,4505,118,4,1,1,2,41,1,1,40
3898,4506,1180,4,1,2,0,30,0,4,40
3899,4507,513,1,1,0,1,34,0,4,100
3900,4508,1378,0,1,2,0,52,1,0,60
3902,4509,8,1,0,1,0,65,0,3,60
3903,4510,1322,3,3,2,1,22,2,1,60
3904,4511,896,3,2,2,0,33,1,3,60
3905,4512,793,2,3,0,3,61,0,1,40
3906,4513,47,1,2,2,1,46,1,0,60
3907,4514,760,3,0,0,2,21,0,0,80
3908,4515,1030,0,0,0,2,56,1,3,80
3909,4516,1067,0,3,0,2,49,0,2,60
3910,4517,1116,2,3,0,2,30,2,4,60
3911,4518,641,2,2,2,3,66,0,1,100
3913,4519,1365,1,0,2,1,29,0,4,100
3914,4520,1046,4,1,2,0,58,2,3,40
3915,4521,664,2,0,1,3,51,2,1,80
3916,4522,1196,3,0,1,2,38,0,2,80
3917,4523,389,3,2,0,0,61,1,2,60
3918,4524,1134,2,3,1,2,66,2,2,100
3919,4525,282,3,0,1,3,55,1,2,100
3920,4526,691,3,2,2,1,34,1,1,40
3921,4527,1436,4,3,0,2,41,1,1,40
3922,4528,1433,1,1,1,2,31,2,2,40
3924,4529,322,3,0,2,1,56,0,2,100
3925,4530,634,0,0,1,0,54,0,0,40
3926,4531,608,1,3,0,0,21,0,1,100
3927,4532,402,1,2,1,3,20,1,0,100
3928,4533,1320,4,0,1,3,29,2,2,80
3929,4534,596,0,3,0,0,32,2,0,80
3930,4535,1130,2,0,0,1,58,1,1,60
3931,4536,501,3,1,1,3,59,1,2,80
3932,4537,259,2,2,2,2,54,1,2,60
3933,4538,939,0,0,1,0,29,0,0,60
3935,4539,808,1,0,2,1,32,2,3,40
3936,4540,691,0,1,0,3,49,0,1,60
3937,4541,379,1,3,2,2,58,1,0,100
3938,4542,266,1,2,0,0,58,0,1,100
3939,4543,952,3,1,0,2,42,0,0,60
3940,4544,665,3,0,2,3,69,2,0,40
3941,4545,838,4,3,1,2,46,1,4,100
3942,4546,126,2,0,0,0,46,0,2,60
3943,4547,1370,2,1,0,1,33,1,4,100
3944,4548,506,4,0,1,2,55,1,4,80
3946,4549,1114,2,3,1,3,21,2,0,100
3947,4550,1301,3,0,1,0,65,2,2,100
3948,4551,801,4,3,2,3,59,2,4,80
3949,4552,675,0,2,2,3,34,0,1,100
3950,4553,476,4,2,0,0,32,2,4,80
3951,4554,1194,3,2,2,1,61,1,3,80
3952,4555,971,3,0,2,3,39,1,3,40
3953,4556,1122,2,2,1,1,26,2,2,80
3954,4557,574,2,2,0,0,61,1,4,60
3955,4558,540,1,2,2,0,63,0,2,80
3957,4559,1432,2,2,0,1,58,2,2,100
3958,4560,1381,1,1,1,3,53,2,1,100
3959,4561,635,3,2,2,2,22,2,3,100
3960,4562,341,1,3,2,0,24,1,0,40
3961,4563,249,3,2,1,2,25,0,2,100
3962,4564,308,0,0,0,2,31,1,0,80
3963,4565,1257,3,2,2,2,27,1,3,60
3964,4566,1079,4,0,0,0,55,2,1,60
3965,4567,805,1,3,0,2,25,1,1,40
3966,4568,589,0,1,0,0,51,2,3,80
3968,4569,405,2,3,0,3,39,0,0,60
3969,4570,955,0,0,1,0,53,1,1,60
3970,4571,524,4,0,1,0,20,0,0,40
3971,4572,1189,3,0,1,0,21,2,4,80
3972,4573,116,3,2,0,3,39,0,3,80
3973,4574,1263,4,1,0,1,54,0,2,60
3974,4575,1158,4,3,0,1,53,1,1,100
3975,4576,909,3,1,2,0,56,1,1,100
3976,4577,1028,4,2,0,3,68,0,1,40
3977,4578,112,1,0,1,2,33,1,1,60
3979,4579,645,4,1,2,0,22,2,1,100
3980,4580,776,3,2,0,1,63,1,0,40
3981,4581,1368,1,3,1,2,66,1,2,80
3982,4582,90,4,2,2,2,23,0,1,80
3983,4583,850,4,0,2,1,64,1,2,80
3984,4584,40,1,1,2,1,27,2,2,80
3985,4585,409,1,1,2,1,52,1,0,100
3986,4586,680,0,2,1,0,32,2,4,100
3987,4587,164,3,1,0,2,61,1,4,60
3988,4588,1390,3,0,0,1,30,0,0,60
3990,4589,612,4,2,1,3,48,2,0,40
3991,4590,589,2,1,1,0,61,1,0,60
3992,4591,594,4,1,1,2,30,1,2,60
3993,4592,1109,2,0,2,0,33,2,4,100
3994,4593,845,2,1,1,0,61,0,3,60
3995,4594,1425,1,0,0,0,69,2,2,40
3996,4595,1172,1,0,2,0,58,1,2,60
3997,4596,483,1,2,1,2,49,0,3,100
3998,4597,580,3,2,2,2,27,2,3,80
3999,4598,286,4,3,1,2,33,0,3,60
4002,4599,1249,3,2,0,0,45,2,4,80
4003,4600,989,3,1,0,3,44,0,4,100
4004,4601,20,4,3,1,1,58,0,0,60
4005,4602,163,0,2,2,0,47,2,1,80
4006,4603,558,3,0,2,1,46,0,0,40
4007,4604,1097,1,2,1,0,64,0,1,80
4008,4605,1370,2,2,0,1,18,2,1,100
4009,4606,98,3,0,0,3,28,0,2,60
4010,4607,1310,1,3,0,0,66,0,4,40
4011,4608,1328,4,3,2,1,29,0,2,100
4013,4609,573,1,1,0,0,28,1,4,80
4014,4610,717,4,0,2,1,64,1,1,40
4015,4611,891,4,3,1,0,51,2,4,60
4016,4612,551,4,1,2,2,66,0,0,100
4017,4613,105,2,2,2,3,47,0,2,80
4018,4614,1248,0,3,1,1,42,2,2,100
4019,4615,622,1,3,0,0,40,0,1,80
4020,4616,911,4,1,0,2,50,0,0,80
4021,4617,1166,1,1,1,3,54,2,4,80
4022,4618,128,0,0,0,0,44,1,4,40
4024,4619,536,4,2,0,2,30,2,1,60
4025,4620,1325,1,3,2,0,44,2,4,60
4026,4621,1125,4,1,2,2,27,0,2,100
4027,4622,1133,1,0,1,2,53,2,3,80
4028,4623,17,3,2,2,1,65,0,4,60
4029,4624,209,0,0,2,2,56,2,3,60
4030,4625,299,2,1,1,3,54,0,1,40
4031,4626,1435,4,3,0,0,37,1,1,40
4032,4627,595,1,2,2,2,63,2,4,80
4033,4628,357,1,2,0,0,18,2,3,100
4035,4629,1172,0,0,0,3,20,0,3,60
4036,4630,71,4,3,1,0,64,1,1,100
4037,4631,654,1,2,0,0,31,2,4,80
4038,4632,1167,4,0,2,0,63,1,0,60
4039,4633,1014,2,3,1,1,66,2,3,100
4040,4634,751,3,2,2,0,36,0,2,80
4041,4635,50,4,3,1,3,59,0,3,100
4042,4636,1012,3,2,0,3,47,1,4,40
4043,4637,899,1,2,1,1,52,1,1,40
4044,4638,603,0,2,1,0,24,1,1,100
4046,4639,457,3,3,1,0,50,0,2,60
4047,4640,366,3,1,0,0,20,0,0,80
4048,4641,45,2,2,0,0,66,0,1,80
4049,4642,817,2,2,0,3,34,0,2,40
4050,4643,1349,4,1,0,2,58,0,4,100
4051,4644,216,3,2,1,3,52,1,1,100
4052,4645,1391,1,1,2,1,53,0,2,80
4053,4646,337,1,0,1,3,45,2,1,80
4054,4647,1238,0,1,2,3,63,0,0,60
4055,4648,962,3,3,1,3,48,0,4,60
4057,4649,729,4,1,2,3,33,2,3,60
4058,4650,450,1,0,2,3,53,0,1,100
4059,4651,549,0,1,1,2,40,0,0,80
4060,4652,173,3,1,0,1,62,0,4,80
4061,4653,997,3,0,0,3,63,0,2,40
4062,4654,491,1,0,0,2,46,0,0,60
4063,4655,908,4,2,1,2,30,1,1,80
4064,4656,1231,3,2,2,3,26,1,0,60
4065,4657,586,1,3,2,0,41,2,3,100
4066,4658,1247,1,0,0,2,20,1,0,100
4068,4659,1410,4,2,1,1,53,2,4,100
4069,4660,890,1,3,0,2,67,2,2,100
4070,4661,992,0,1,1,3,64,1,1,80
4071,4662,942,4,0,0,3,53,0,4,100
4072,4663,602,0,1,2,0,67,1,0,60
4073,4664,391,2,1,2,2,26,0,2,100
4074,4665,771,1,3,1,0,37,1,2,100
4075,4666,1320,4,1,0,2,36,1,4,100
4076,4667,1265,0,2,0,1,35,0,2,40
4077,4668,705,2,3,1,2,67,0,3,100
4079,4669,299,4,3,1,1,31,1,3,60
4080,4670,815,0,2,2,0,46,2,1,40
4081,4671,802,4,3,0,2,48,2,4,100
4082,4672,859,0,0,1,0,19,0,1,100
4083,4673,1177,0,0,1,3,47,2,3,40
4084,4674,339,3,2,0,1,35,0,3,40
4085,4675,1174,1,3,2,1,56,0,3,100
4086,4676,1167,4,0,1,3,62,1,0,60
4087,4677,984,2,2,1,3,62,0,1,100
4088,4678,410,1,1,0,0,45,0,2,40
4090,4679,405,4,3,1,2,25,0,4,40
4091,4680,372,0,2,1,0,32,2,3,40
4092,4681,746,3,0,0,2,48,0,3,60
4093,4682,1165,0,2,2,3,37,2,0,100
4094,4683,96,2,2,1,3,23,1,0,100
4095,4684,1030,3,1,2,1,31,2,0,60
4096,4685,1157,1,2,2,2,21,1,0,80
4097,4686,708,0,0,0,3,66,0,2,40
4098,4687,258,4,1,2,2,20,2,1,80
4099,4688,89,4,1,2,3,44,0,3,100
4101,4689,1043,2,1,2,1,30,1,0,80
4102,4690,1046,4,3,1,2,41,1,1,80
4103,4691,1411,3,0,2,1,32,2,1,60
4104,4692,919,3,3,1,3,42,0,4,40
4105,4693,505,2,2,1,1,28,0,4,60
4106,4694,490,4,2,0,2,25,1,1,60
4107,4695,740,4,2,0,0,32,2,1,80
4108,4696,260,4,2,2,0,58,1,2,80
4109,4697,402,2,3,2,0,18,2,0,80
4110,4698,1395,0,2,1,1,59,1,2,100
4113,4699,1026,2,0,1,3,29,0,0,60
4114,4700,1174,1,1,2,1,63,2,0,100
4115,4701,968,2,0,2,0,26,0,0,40
4116,4702,650,2,3,0,2,58,1,3,60
4117,4703,702,3,3,0,3,56,0,4,40
4118,4704,484,4,3,1,2,34,2,1,40
4119,4705,17,0,2,1,3,39,2,2,40
4120,4706,669,4,0,0,0,43,1,0,60
4121,4707,406,0,1,1,1,29,1,2,100
4122,4708,1394,4,3,0,0,57,0,2,40
4124,4709,514,4,3,0,3,18,0,4,40
4125,4710,1239,1,2,2,3,63,0,1,60
4126,4711,874,0,2,2,2,46,0,1,60
4127,4712,1271,0,1,0,0,57,0,4,80
4128,4713,723,3,0,0,0,68,0,1,40
4129,4714,358,3,0,1,3,19,0,2,100
4130,4715,1042,3,0,0,1,69,2,3,60
4131,4716,705,4,3,1,0,23,2,2,40
4132,4717,841,2,2,1,3,48,2,1,40
4133,4718,1392,4,1,2,0,59,1,2,60
4135,4719,598,3,1,2,1,45,0,1,100
4136,4720,574,1,2,0,2,54,0,4,40
4137,4721,797,2,3,1,1,20,1,1,40
4138,4722,393,4,1,0,1,58,1,2,40
4139,4723,313,0,3,1,3,25,1,0,80
4140,4724,499,1,0,1,3,46,1,3,100
4141,4725,191,1,2,1,2,28,0,4,40
4142,4726,873,3,0,1,2,47,1,4,100
4143,4727,691,1,2,0,1,23,0,2,40
4144,4728,1009,2,0,2,3,22,0,4,60
4146,4729,1421,1,0,1,1,52,2,4,100
4147,4730,1244,2,0,2,3,27,2,1,100
4148,4731,1031,4,2,1,2,57,0,1,80
4149,4732,630,4,0,1,2,31,1,4,60
4150,4733,143,3,1,2,3,61,2,0,80
4151,4734,1161,3,0,2,0,50,2,0,80
4152,4735,1333,2,1,0,0,42,1,1,100
4153,4736,1404,2,2,1,0,69,2,0,100
4154,4737,852,3,0,2,0,40,0,1,100
4155,4738,923,1,3,2,3,40,0,0,40
4157,4739,1303,3,3,0,0,49,2,2,40
4158,4740,1049,1,3,2,2,43,0,0,40
4159,4741,893,0,0,1,2,33,1,1,40
4160,4742,514,2,0,2,3,39,1,0,40
4161,4743,204,3,2,0,1,42,0,4,60
4162,4744,1327,0,3,2,0,57,1,2,60
4163,4745,317,1,3,2,0,66,1,0,40
4164,4746,817,1,3,1,3,23,0,0,40
4165,4747,525,1,0,1,3,23,1,0,60
4166,4748,44,2,1,1,3,55,2,3,100
4168,4749,1379,1,0,0,2,29,1,2,40
4169,4750,708,1,1,0,0,69,0,4,100
4170,4751,31,0,3,1,3,19,2,2,60
4171,4752,585,0,3,2,1,23,0,2,60
4172,4753,130,1,2,1,0,68,2,0,40
4173,4754,641,4,0,0,2,44,2,4,40
4174,4755,872,1,2,1,2,41,1,0,60
4175,4756,1387,2,2,2,1,42,2,1,100
4176,4757,258,3,0,0,2,37,1,1,60
4177,4758,660,2,1,1,1,41,2,0,100
4179,4759,844,3,2,2,3,47,1,0,80
4180,4760,163,0,2,0,0,66,2,2,60
4181,4761,1172,2,0,2,0,55,1,0,40
4182,4762,1125,4,0,1,1,58,2,1,100
4183,4763,1270,2,1,2,1,38,1,1,40
4184,4764,567,0,0,0,2,20,1,2,40
4185,4765,698,4,0,2,2,20,0,0,80
4186,4766,1372,1,3,1,1,18,1,0,40
4187,4767,41,0,2,0,3,28,1,0,60
4188,4768,792,4,0,2,1,30,0,1,60
4190,4769,1190,3,2,1,3,69,1,0,60
4191,4770,125,4,0,0,1,65,0,1,40
4192,4771,479,4,0,0,0,62,0,4,40
4193,4772,621,2,2,2,1,57,0,1,60
4194,4773,994,0,1,0,2,31,1,4,100
4195,4774,518,2,2,0,3,57,1,3,80
4196,4775,220,2,2,1,1,45,2,1,40
4197,4776,1373,4,2,1,3,69,2,3,80
4198,4777,97,3,2,2,1,51,0,4,60
4199,4778,439,1,2,0,0,68,0,0,100
4201,4779,199,1,0,0,1,30,1,0,40
4202,4780,1055,3,1,2,1,47,2,4,60
4203,4781,4,3,2,1,2,30,0,4,100
4204,4782,136,2,3,0,0,65,1,4,60
4205,4783,440,0,1,0,3,51,2,1,100
4206,4784,1269,2,0,1,2,32,0,3,60
4207,4785,687,2,3,1,1,40,2,1,80
4208,4786,944,4,0,0,2,18,0,2,100
4209,4787,946,4,1,0,2,51,0,4,40
4210,4788,376,4,3,0,1,44,0,3,80
4212,4789,249,1,3,2,1,20,0,3,80
4213,4790,350,2,0,2,0,37,1,2,40
4214,4791,247,2,0,2,1,60,1,2,80
4215,4792,677,4,3,2,1,63,2,4,60
4216,4793,763,0,0,2,3,66,0,0,100
4217,4794,39,1,3,2,2,27,1,0,100
4218,4795,716,4,0,1,2,67,0,0,40
4219,4796,435,4,1,2,0,67,2,1,40
4220,4797,756,0,2,2,2,19,0,1,80
4221,4798,1203,1,1,1,1,32,2,4,80
4224,4799,162,3,1,1,2,38,0,3,80
4225,4800,646,3,1,1,1,68,1,4,60
4226,4801,386,1,2,1,2,35,2,1,100
4227,4802,831,4,3,2,1,42,0,3,100
4228,4803,447,2,1,1,3,51,2,0,80
4229,4804,896,4,2,2,2,69,0,0,40
4230,4805,1282,3,0,1,1,34,1,2,100
4231,4806,316,3,0,1,0,54,0,3,60
4232,4807,207,4,0,1,0,60,2,0,80
4233,4808,1373,3,2,2,1,55,2,4,80
4235,4809,400,0,0,1,3,31,1,2,100
4236,4810,1020,1,0,0,0,36,0,2,60
4237,4811,1233,0,3,0,0,62,1,2,60
4238,4812,117,0,1,1,3,24,0,0,40
4239,4813,1330,3,1,2,3,69,1,4,40
4240,4814,598,3,3,0,0,63,1,1,100
4241,4815,331,3,0,1,2,67,1,3,60
4242,4816,721,4,2,0,3,23,2,3,40
4243,4817,717,3,1,0,0,63,2,3,60
4244,4818,1087,2,2,2,2,23,1,1,80
4246,4819,965,3,1,0,2,63,2,4,80
4247,4820,869,0,0,0,3,23,0,0,80
4248,4821,1425,0,3,2,0,68,0,4,60
4249,4822,489,1,0,2,1,37,2,0,60
4250,4823,680,0,2,2,0,58,0,0,80
4251,4824,144,3,1,2,2,69,2,0,40
4252,4825,486,3,3,1,3,66,2,1,80
4253,4826,368,0,3,0,1,33,2,2,100
4254,4827,809,2,3,2,1,63,1,2,80
4255,4828,1209,4,3,1,1,27,2,2,80
4257,4829,1287,1,2,2,2,64,0,2,100
4258,4830,128,1,3,0,1,32,0,2,60
4259,4831,857,1,3,0,3,36,2,1,40
4260,4832,1349,0,0,1,0,46,0,4,80
4261,4833,1416,0,1,1,3,41,2,3,60
4262,4834,39,4,1,1,3,64,2,3,100
4263,4835,1061,0,3,1,1,46,2,3,60
4264,4836,472,3,2,2,2,62,0,1,60
4265,4837,1303,2,0,2,3,19,1,1,80
4266,4838,890,1,3,0,0,67,0,2,40
4268,4839,496,1,0,1,0,31,0,4,40
4269,4840,1367,2,1,2,3,64,0,1,60
4270,4841,203,1,2,2,2,60,2,1,40
4271,4842,295,3,2,2,1,61,1,0,100
4272,4843,452,0,1,0,3,33,1,3,80
4273,4844,70,1,0,1,3,28,1,3,60
4274,4845,1058,2,2,0,0,26,1,0,60
4275,4846,894,0,1,1,0,48,1,0,40
4276,4847,781,4,0,1,0,64,0,4,80
4277,4848,1351,3,0,0,0,51,1,0,80
4279,4849,139,3,1,2,1,20,2,4,40
4280,4850,1020,0,1,1,1,45,0,1,60
4281,4851,29,3,1,1,2,21,1,3,60
4282,4852,405,0,1,2,2,49,1,1,80
4283,4853,617,2,0,1,1,62,1,0,40
4284,4854,516,0,1,2,1,69,2,3,40
4285,4855,492,0,0,0,2,49,1,4,100
4286,4856,265,0,0,0,3,33,2,2,100
4287,4857,643,2,0,0,3,45,1,1,60
4288,4858,1377,1,3,2,0,56,0,1,80
4290,4859,173,0,0,2,0,55,2,2,60
4291,4860,508,0,0,0,1,55,1,0,40
4292,4861,69,3,2,1,0,20,1,2,40
4293,4862,66,2,3,1,1,42,0,1,40
4294,4863,620,3,2,1,1,31,1,4,40
4295,4864,252,2,2,0,3,59,1,0,60
4296,4865,349,4,1,2,1,27,2,3,40
4297,4866,26,4,1,2,2,64,1,0,100
4298,4867,1120,3,0,2,1,51,0,3,80
4299,4868,1258,4,0,1,2,29,2,3,100
4301,4869,1182,1,3,0,2,45,2,3,80
4302,4870,624,1,1,2,2,40,2,3,100
4303,4871,819,3,1,2,2,41,2,2,100
4304,4872,512,1,3,2,1,45,2,3,40
4305,4873,1332,3,0,0,1,42,0,1,60
4306,4874,921,3,2,1,3,18,1,3,60
4307,4875,964,4,3,1,2,53,1,2,60
4308,4876,763,1,0,2,1,37,1,4,100
4309,4877,98,1,2,2,1,41,2,2,40
4310,4878,1071,2,0,2,3,24,0,2,80
4312,4879,1278,0,1,1,2,39,1,4,60
4313,4880,100,1,3,2,1,50,0,1,100
4314,4881,1071,4,3,2,2,41,2,0,60
4315,4882,395,1,3,0,0,48,2,0,60
4316,4883,253,1,2,1,1,46,1,4,60
4317,4884,1417,0,0,1,0,36,1,2,100
4318,4885,531,0,3,0,0,34,2,1,60
4319,4886,1174,0,0,1,1,47,2,4,60
4320,4887,1233,4,0,1,3,49,2,1,40
4321,4888,717,0,3,1,2,52,0,0,40
4323,4889,124,2,2,0,2,23,1,0,80
4324,4890,927,4,2,2,2,25,1,2,80
4325,4891,1365,4,2,2,2,67,0,0,100
4326,4892,468,1,1,2,3,20,0,3,100
4327,4893,6,1,2,1,3,40,2,4,60
4328,4894,300,1,2,0,1,56,0,3,40
4329,4895,390,2,2,1,3,23,2,3,60
4330,4896,1408,0,3,1,2,39,2,1,40
4331,4897,600,3,2,2,3,44,0,3,100
4332,4898,1066,2,3,0,3,22,0,4,40
4335,4899,829,4,1,2,1,25,1,4,40
4336,4900,42,1,0,1,1,18,1,0,40
4337,4901,1055,2,3,1,3,45,2,0,80
4338,4902,285,1,3,2,0,68,2,2,60
4339,4903,488,4,1,2,2,31,2,0,40
4340,4904,645,0,3,2,0,27,2,0,80
4341,4905,821,1,2,1,0,37,1,1,100
4342,4906,448,3,3,0,1,25,0,1,40
4343,4907,779,4,0,2,1,27,1,4,100
4344,4908,197,0,1,1,3,63,1,1,80
4346,4909,1080,3,1,0,1,22,2,4,40
4347,4910,1288,3,0,0,3,62,2,0,60
4348,4911,788,0,1,1,0,36,2,4,60
4349,4912,7,2,1,2,2,65,0,4,80
4350,4913,336,4,1,1,3,47,0,0,80
4351,4914,300,0,1,2,3,24,0,4,60
4352,4915,722,1,3,2,0,58,2,0,40
4353,4916,579,0,2,2,1,45,0,0,60
4354,4917,504,1,0,0,2,67,0,3,60
4355,4918,265,3,0,1,3,23,1,4,60
4357,4919,1287,1,3,1,2,59,0,4,60
4358,4920,503,2,3,0,2,18,1,2,60
4359,4921,354,2,1,1,0,50,1,3,60
4360,4922,809,3,0,2,1,33,1,2,100
4361,4923,1255,2,3,0,0,35,0,3,40
4362,4924,1399,3,3,1,0,46,2,1,80
4363,4925,707,0,1,1,1,29,1,1,60
4364,4926,768,1,3,1,2,18,1,1,60
4365,4927,1392,2,0,1,1,34,2,0,100
4366,4928,248,1,3,1,1,54,2,0,60
4368,4929,1212,2,3,0,2,48,1,4,80
4369,4930,518,0,0,0,1,48,1,4,60
4370,4931,1302,4,3,2,2,37,2,0,100
4371,4932,1266,0,2,1,1,32,0,3,60
4372,4933,529,4,1,0,1,38,2,1,80
4373,4934,1329,3,0,1,2,44,0,3,100
4374,4935,1376,1,1,1,3,28,1,0,80
4375,4936,535,1,3,2,0,62,2,2,100
4376,4937,1175,0,2,0,3,57,0,2,100
4377,4938,1032,0,0,0,1,55,1,2,60
4379,4939,769,4,3,0,0,31,1,2,100
4380,4940,215,0,3,1,0,60,2,3,100
4381,4941,1089,1,2,2,0,42,0,2,100
4382,4942,883,3,2,2,1,29,1,1,60
4383,4943,77,4,0,2,2,57,0,3,80
4384,4944,83,2,2,2,3,62,2,3,40
4385,4945,980,4,1,2,2,20,2,1,60
4386,4946,1005,2,1,2,0,62,2,1,60
4387,4947,410,4,2,2,2,56,1,2,80
4388,4948,565,3,1,1,0,67,1,0,80
4390,4949,1101,0,3,2,3,65,0,1,60
4391,4950,5,4,3,1,1,37,2,1,40
4392,4951,882,2,0,1,0,53,1,2,100
4393,4952,332,1,0,0,3,68,1,1,100
4394,4953,1395,2,0,0,1,62,1,2,80
4395,4954,55,3,3,2,2,22,0,2,100
4396,4955,1169,4,2,2,0,40,1,4,40
4397,4956,282,4,1,0,0,51,2,1,100
4398,4957,309,2,3,0,3,46,0,2,80
4399,4958,1209,0,3,1,2,68,2,0,80
4401,4959,214,4,2,1,1,59,1,1,100
4402,4960,1388,1,1,0,3,30,0,3,60
4403,4961,584,2,0,2,2,24,0,3,100
4404,4962,1140,0,3,1,2,25,2,4,100
4405,4963,736,4,2,1,0,25,2,3,100
4406,4964,113,3,1,1,2,40,2,1,80
4407,4965,125,2,2,0,3,20,1,1,100
4408,4966,1040,2,3,0,2,55,1,2,40
4409,4967,426,1,0,2,1,23,0,2,100
4410,4968,1247,1,0,1,3,64,2,1,40
4412,4969,41,0,3,2,2,21,0,3,60
4413,4970,465,3,2,1,2,28,0,3,80
4414,4971,783,1,0,1,1,39,0,1,80
4415,4972,777,2,0,0,1,27,2,0,80
4416,4973,700,2,0,1,3,55,2,1,80
4417,4974,613,2,2,1,3,20,2,1,80
4418,4975,394,2,3,2,2,22,1,4,100
4419,4976,534,3,1,2,2,22,2,4,60
4420,4977,230,3,1,1,0,57,2,1,100
4421,4978,1236,2,0,0,2,25,0,0,40
4423,4979,332,4,1,1,1,22,1,4,100
4424,4980,1145,1,2,0,3,56,0,3,40
4425,4981,808,2,1,2,2,54,1,1,40
4426,4982,63,2,3,2,1,57,2,0,80
4427,4983,702,1,0,0,3,61,2,2,40
4428,4984,901,1,3,2,1,52,0,2,80
4429,4985,798,2,1,1,3,48,1,4,40
4430,4986,113,0,2,1,1,33,2,2,80
4431,4987,193,3,0,2,3,23,0,4,100
4432,4988,81,4,2,2,2,55,1,4,80
4434,4989,907,4,1,2,0,44,2,3,40
4435,4990,1031,3,3,1,3,37,2,4,60
4436,4991,1172,2,2,0,0,52,2,1,60
4437,4992,1126,3,2,1,0,59,0,2,60
4438,4993,687,1,1,1,1,38,1,0,40
4439,4994,342,3,0,2,1,32,2,0,80
4440,4995,342,4,2,1,1,53,0,0,80
4441,4996,1263,4,1,1,1,68,0,0,100
4442,4997,111,2,2,0,0,45,2,3,100
4443,4998,890,4,0,0,0,18,2,0,60
4447,4999,633,3,1,2,3,21,0,4,60
4448,5000,1158,1,3,1,3,18,0,3,40
4449,5001,428,4,1,2,0,31,1,1,40
4450,5002,943,0,3,1,1,23,2,4,60
4451,5003,1302,3,1,0,1,39,1,4,100
4452,5004,1045,3,0,0,0,44,2,1,60
4453,5005,458,0,0,1,1,48,0,0,100
4454,5006,451,4,3,1,3,18,2,1,100
4455,5007,1410,2,2,1,3,51,1,2,100
4456,5008,478,0,2,2,1,37,0,0,100
4458,5009,376,1,1,1,0,18,2,2,100
4459,5010,622,3,2,1,0,20,2,4,100
4460,5011,1062,3,0,2,1,50,2,4,80
4461,5012,482,2,0,0,1,33,0,3,60
4462,5013,1162,4,2,0,1,39,0,4,60
4463,5014,453,4,1,2,0,31,0,0,100
4464,5015,167,2,3,2,2,67,0,4,100
4465,5016,1253,3,2,1,1,50,1,1,40
4466,5017,6,0,2,0,2,44,2,3,60
4467,5018,1029,2,1,2,3,28,0,4,100
4469,5019,576,0,1,2,2,50,0,4,60
4470,5020,1162,4,3,2,3,20,0,3,100
4471,5021,1364,0,0,0,1,21,1,2,80
4472,5022,476,4,0,2,2,33,1,0,60
4473,5023,578,2,0,0,3,29,1,2,100
4474,5024,322,2,3,1,3,49,0,2,100
4475,5025,559,3,0,0,1,26,0,1,40
4476,5026,1269,3,1,0,1,34,0,1,80
4477,5027,1383,1,1,1,3,32,0,4,60
4478,5028,1096,2,2,1,1,51,0,0,80
4480,5029,938,2,2,2,3,59,0,1,40
4481,5030,326,3,3,1,2,27,2,0,100
4482,5031,551,0,1,2,1,35,1,4,80
4483,5032,726,2,2,2,1,60,1,0,60
4484,5033,373,4,0,1,1,29,0,0,80
4485,5034,797,0,2,1,1,62,2,2,100
4486,5035,738,2,1,0,0,60,1,3,40
4487,5036,751,2,0,1,3,36,0,2,100
4488,5037,334,1,1,1,3,61,2,3,40
4489,5038,490,1,2,0,2,21,0,1,100
4491,5039,42,1,2,0,1,45,2,3,80
4492,5040,667,1,2,1,3,64,0,1,100
4493,5041,436,3,2,0,0,29,1,2,60
4494,5042,962,2,2,1,3,55,0,2,100
4495,5043,1110,1,1,0,3,49,1,0,60
4496,5044,735,2,3,1,2,22,1,2,80
4497,5045,757,3,2,1,3,22,1,1,100
4498,5046,1073,2,3,0,0,54,1,3,100
4499,5047,1069,0,0,0,1,36,1,3,60
4500,5048,368,0,1,1,0,64,2,4,100
4502,5049,723,3,2,0,0,43,0,2,80
4503,5050,74,1,3,2,1,60,0,0,80
4504,5051,981,3,1,0,0,23,2,2,100
4505,5052,670,4,0,2,0,67,2,2,100
4506,5053,1296,2,1,0,2,68,2,2,100
4507,5054,369,4,2,2,0,23,2,0,80
4508,5055,1124,1,3,0,3,37,0,0,80
4509,5056,141,2,1,2,0,54,0,2,60
4510,5057,760,4,2,1,1,53,0,4,100
4511,5058,276,0,2,0,0,40,0,1,100
4513,5059,713,1,0,1,3,61,0,2,100
4514,5060,533,4,1,0,0,64,1,0,100
4515,5061,220,1,0,2,2,60,1,1,60
4516,5062,1021,0,0,1,3,43,1,2,60
4517,5063,637,3,0,1,2,63,2,0,100
4518,5064,1248,3,2,0,3,64,1,4,40
4519,5065,154,2,3,0,0,57,1,1,80
4520,5066,931,4,3,0,0,37,1,2,60
4521,5067,1273,2,2,0,0,19,2,3,100
4522,5068,870,4,2,1,3,49,2,1,80
4524,5069,404,4,3,1,2,30,1,3,80
4525,5070,419,0,1,0,2,22,2,3,60
4526,5071,286,4,1,1,0,32,2,3,100
4527,5072,1255,0,1,1,3,43,1,1,100
4528,5073,95,0,3,1,2,59,0,2,60
4529,5074,258,4,1,1,3,55,2,1,100
4530,5075,180,3,0,2,1,57,1,2,60
4531,5076,780,2,1,0,0,28,1,0,40
4532,5077,1143,3,2,1,1,68,2,2,80
4533,5078,546,4,2,2,2,20,2,4,40
4535,5079,686,0,2,1,1,61,0,4,100
4536,5080,1046,1,2,2,0,62,0,3,100
4537,5081,144,0,2,2,1,58,0,0,100
4538,5082,292,3,1,1,1,63,2,2,100
4539,5083,143,0,0,2,0,68,1,4,80
4540,5084,124,3,3,0,3,42,2,0,100
4541,5085,65,0,2,2,3,31,2,2,60
4542,5086,420,3,1,2,1,62,2,1,40
4543,5087,1365,4,2,1,1,57,2,4,80
4544,5088,1256,4,1,2,3,25,0,2,100
4546,5089,1220,1,3,0,0,23,2,3,100
4547,5090,1111,4,2,1,3,37,1,1,40
4548,5091,648,3,2,2,2,43,1,3,100
4549,5092,1047,0,2,1,3,35,0,4,100
4550,5093,136,2,0,2,2,40,1,2,40
4551,5094,803,2,0,0,2,32,1,2,80
4552,5095,1230,2,1,0,3,53,2,1,40
4553,5096,652,0,3,2,0,27,1,0,40
4554,5097,936,2,3,2,0,43,1,3,60
4555,5098,578,4,3,0,0,45,0,0,40
4558,5099,1030,1,3,2,2,26,2,1,40
4559,5100,512,3,3,2,2,61,2,2,80
4560,5101,930,4,0,1,0,47,1,4,100
4561,5102,488,1,0,2,0,27,2,0,60
4562,5103,1175,2,2,2,2,25,1,4,100
4563,5104,1080,1,2,0,2,38,2,1,60
4564,5105,1241,1,0,2,3,33,1,0,40
4565,5106,757,3,3,0,0,65,2,3,100
4566,5107,1150,3,1,1,0,36,2,1,80
4567,5108,679,0,3,1,3,30,2,1,80
4569,5109,95,3,2,2,2,59,0,3,100
4570,5110,808,4,1,1,0,64,2,4,80
4571,5111,870,2,3,2,3,19,2,4,80
4572,5112,231,2,1,0,1,47,2,0,80
4573,5113,159,3,3,0,3,52,1,4,40
4574,5114,1300,4,1,1,3,34,1,2,100
4575,5115,104,2,1,2,2,24,2,0,80
4576,5116,402,3,3,2,3,53,1,3,60
4577,5117,1278,1,2,2,0,68,0,4,100
4578,5118,783,2,3,2,0,40,1,2,100
4580,5119,588,4,0,1,3,50,2,0,40
4581,5120,345,4,3,0,0,46,0,0,60
4582,5121,1086,2,0,2,3,69,0,1,40
4583,5122,279,3,3,1,0,23,1,4,100
4584,5123,238,3,0,0,3,43,1,0,80
4585,5124,23,2,1,2,1,48,0,0,80
4586,5125,1120,2,1,1,1,23,2,3,100
4587,5126,899,3,0,0,1,56,0,0,40
4588,5127,674,4,2,0,1,48,2,0,100
4589,5128,876,0,3,2,2,43,1,1,40
4591,5129,1138,0,2,0,3,43,1,1,60
4592,5130,39,1,0,2,2,42,1,4,100
4593,5131,1171,1,2,0,2,61,0,3,100
4594,5132,1303,0,0,1,1,49,0,2,80
4595,5133,499,1,1,0,1,46,0,2,80
4596,5134,1364,3,2,2,1,27,0,2,80
4597,5135,1023,4,2,0,1,37,2,0,60
4598,5136,847,4,0,1,0,31,1,2,60
4599,5137,1000,2,3,1,1,49,2,4,40
4600,5138,1208,3,1,0,3,29,2,4,60
4602,5139,583,4,1,0,2,62,2,1,60
4603,5140,344,3,0,0,2,31,1,4,80
4604,5141,998,4,3,2,1,25,2,1,40
4605,5142,243,3,2,0,2,20,1,0,80
4606,5143,528,1,1,1,3,67,1,2,80
4607,5144,826,1,1,2,1,28,1,1,80
4608,5145,401,3,1,1,3,57,0,1,100
4609,5146,507,3,2,2,0,66,0,2,40
4610,5147,1190,0,0,1,0,23,2,2,100
4611,5148,374,2,2,0,1,37,0,1,80
4613,5149,395,1,2,0,1,52,2,1,100
4614,5150,524,1,3,2,1,61,0,2,100
4615,5151,1413,1,1,2,1,37,1,3,100
4616,5152,659,0,1,0,1,20,2,2,80
4617,5153,718,1,3,0,3,63,2,4,40
4618,5154,723,1,2,1,2,58,1,0,40
4619,5155,387,0,3,1,2,54,1,1,80
4620,5156,317,4,0,1,3,24,1,2,60
4621,5157,1119,2,1,1,2,23,2,0,60
4622,5158,686,4,3,0,0,30,0,2,40
4624,5159,1313,0,2,2,2,54,0,3,60
4625,5160,929,3,2,2,3,22,1,2,80
4626,5161,457,3,2,1,2,36,2,3,100
4627,5162,36,2,1,2,2,35,0,1,60
4628,5163,738,4,2,0,0,41,2,0,80
4629,5164,601,3,0,0,0,19,1,1,60
4630,5165,483,0,1,1,3,48,0,0,60
4631,5166,1237,4,2,1,1,37,1,4,100
4632,5167,542,3,2,0,2,19,0,2,80
4633,5168,846,0,2,0,3,43,2,0,60
4635,5169,307,0,2,2,2,63,0,2,100
4636,5170,369,4,2,1,0,60,2,3,80
4637,5171,493,3,1,2,0,56,0,3,40
4638,5172,356,4,3,1,0,60,2,4,80
4639,5173,941,2,3,2,3,61,1,0,80
4640,5174,275,3,2,2,1,20,2,2,80
4641,5175,431,4,2,1,1,54,0,1,40
4642,5176,1124,1,2,2,1,25,0,2,80
4643,5177,148,3,2,0,2,27,1,0,60
4644,5178,291,4,0,1,2,30,1,2,60
4646,5179,680,0,0,0,2,49,0,1,80
4647,5180,876,1,2,2,2,63,0,4,60
4648,5181,1132,4,3,2,2,30,1,1,100
4649,5182,74,2,1,2,3,64,2,2,100
4650,5183,1085,4,3,0,2,66,1,2,80
4651,5184,711,1,1,2,0,67,1,0,100
4652,5185,1236,1,0,2,2,61,2,1,100
4653,5186,1262,4,0,2,3,40,1,2,40
4654,5187,224,0,3,1,1,65,1,4,80
4655,5188,943,1,0,0,3,67,0,4,60
4657,5189,523,0,2,2,0,60,0,1,40
4658,5190,1118,0,3,0,3,45,0,3,60
4659,5191,326,4,2,2,1,69,2,0,80
4660,5192,607,3,2,0,2,42,0,1,80
4661,5193,840,2,3,1,3,56,1,4,60
4662,5194,208,3,2,2,3,30,1,4,60
4663,5195,725,1,1,0,0,52,0,3,100
4664,5196,1172,1,1,0,2,53,2,1,40
4665,5197,805,0,3,2,3,51,0,2,60
4666,5198,1015,2,1,0,3,47,1,3,60
4669,5199,1093,3,3,0,3,35,2,3,60
4670,5200,220,1,2,2,2,42,0,4,80
4671,5201,39,1,3,1,2,67,0,1,60
4672,5202,1305,1,3,1,2,28,2,1,80
4673,5203,621,0,2,0,1,51,1,0,100
4674,5204,160,0,2,1,2,47,0,2,100
4675,5205,907,3,1,2,3,61,2,0,100
4676,5206,193,1,1,1,2,26,0,4,60
4677,5207,66,1,2,0,0,69,1,1,80
4678,5208,561,3,2,2,0,20,1,2,40
4680,5209,1414,0,0,0,0,50,1,1,100
4681,5210,1218,4,0,1,0,58,2,3,40
4682,5211,819,4,1,0,2,22,0,0,80
4683,5212,171,2,0,2,3,32,1,4,100
4684,5213,1174,1,3,2,3,64,1,4,100
4685,5214,22,2,3,0,3,19,1,2,100
4686,5215,971,0,3,0,2,51,1,0,40
4687,5216,452,2,3,2,2,67,1,4,80
4688,5217,532,3,2,0,0,64,0,3,100
4689,5218,857,0,3,2,2,18,1,0,60
4691,5219,979,4,2,1,1,58,0,3,80
4692,5220,1033,0,2,0,2,64,1,1,40
4693,5221,625,0,1,0,1,19,1,0,80
4694,5222,1270,1,3,2,3,39,1,1,60
4695,5223,70,0,0,1,2,44,0,0,40
4696,5224,972,3,1,2,1,18,1,3,40
4697,5225,798,3,2,1,3,56,0,1,40
4698,5226,351,1,2,2,2,65,0,2,80
4699,5227,506,1,0,0,0,25,1,4,40
4700,5228,96,1,0,0,2,22,1,2,80
4702,5229,1130,4,1,1,0,20,2,3,100
4703,5230,1265,2,2,1,1,68,0,2,60
4704,5231,710,2,3,1,1,53,1,2,40
4705,5232,804,1,1,2,2,38,2,3,80
4706,5233,1416,0,2,1,3,32,0,1,80
4707,5234,581,4,0,2,3,47,2,3,40
4708,5235,1323,0,0,0,3,37,2,1,80
4709,5236,1285,3,0,2,3,63,2,2,100
4710,5237,80,4,3,2,2,45,2,2,40
4711,5238,416,3,1,2,3,47,0,1,80
4713,5239,909,0,2,2,3,55,2,3,80
4714,5240,997,3,1,1,1,60,1,3,60
4715,5241,1196,3,3,1,2,31,1,3,60
4716,5242,807,4,2,1,3,55,2,2,40
4717,5243,2,0,2,0,2,39,0,2,80
4718,5244,2,1,3,1,1,31,1,0,60
4719,5245,122,2,3,2,3,64,2,3,100
4720,5246,810,1,1,1,0,26,0,2,80
4721,5247,242,0,1,2,2,53,1,0,40
4722,5248,372,1,1,2,1,54,2,1,100
4724,5249,1346,4,3,1,3,56,1,1,80
4725,5250,256,3,2,1,1,51,0,2,100
4726,5251,1219,3,2,0,2,47,2,2,100
4727,5252,236,3,0,1,0,58,0,3,80
4728,5253,486,0,1,1,3,24,1,1,100
4729,5254,295,1,0,0,2,41,0,2,40
4730,5255,783,2,3,2,1,19,0,3,60
4731,5256,1105,2,1,1,2,66,2,1,100
4732,5257,345,0,1,2,0,64,1,3,100
4733,5258,290,0,2,1,1,25,2,0,40
4735,5259,200,3,3,1,2,41,0,3,100
4736,5260,785,1,3,2,3,63,0,3,80
4737,5261,1331,0,0,1,0,43,2,4,80
4738,5262,882,1,2,2,0,57,0,2,60
4739,5263,1294,0,3,2,2,40,0,4,40
4740,5264,370,1,3,2,3,45,1,2,40
4741,5265,940,0,2,0,0,67,2,1,100
4742,5266,1247,0,1,0,0,41,0,3,60
4743,5267,697,4,3,1,2,63,2,2,80
4744,5268,434,0,0,1,2,66,0,4,60
4746,5269,220,1,3,2,3,46,2,0,100
4747,5270,812,1,0,2,0,26,1,3,100
4748,5271,568,0,1,1,3,24,2,0,80
4749,5272,492,1,0,0,0,38,0,1,60
4750,5273,18,3,1,2,0,54,1,0,100
4751,5274,474,2,1,1,1,55,0,3,80
4752,5275,522,4,2,1,0,29,1,2,40
4753,5276,285,0,0,1,1,41,1,3,40
4754,5277,772,1,3,1,1,25,2,1,60
4755,5278,820,4,2,1,0,44,1,1,60
4757,5279,348,4,1,0,1,32,2,0,80
4758,5280,416,1,0,1,2,51,2,3,40
4759,5281,373,1,1,1,3,48,1,2,40
4760,5282,96,3,3,1,0,62,2,3,60
4761,5283,131,4,1,0,2,52,1,1,60
4762,5284,912,3,1,1,1,22,0,4,40
4763,5285,1350,4,3,2,3,55,2,0,40
4764,5286,542,3,0,1,2,21,1,3,60
4765,5287,814,3,2,0,2,46,1,3,80
4766,5288,858,4,1,1,3,19,2,0,100
4768,5289,740,1,0,1,3,39,2,1,60
4769,5290,107,2,0,2,2,59,0,4,40
4770,5291,1396,1,1,1,0,67,2,3,100
4771,5292,568,4,2,1,0,30,0,0,40
4772,5293,833,0,0,0,1,18,0,1,40
4773,5294,1045,3,3,1,2,51,1,4,80
4774,5295,974,1,1,1,1,33,1,4,100
4775,5296,378,4,2,1,1,23,2,0,80
4776,5297,762,3,2,2,3,62,1,3,40
4777,5298,345,2,0,1,1,67,1,4,60
4780,5299,1409,4,0,1,0,64,0,4,40
4781,5300,350,4,2,2,0,21,1,4,100
4782,5301,362,2,3,1,3,51,2,3,100
4783,5302,745,4,2,1,2,45,0,4,60
4784,5303,30,0,0,1,3,20,0,2,60
4785,5304,573,1,3,0,3,22,1,3,60
4786,5305,322,4,3,0,3,59,1,2,100
4787,5306,643,3,3,1,3,50,1,4,60
4788,5307,689,2,2,2,2,61,1,4,60
4789,5308,1380,2,2,1,2,42,1,2,80
4791,5309,1002,4,2,1,2,48,0,4,80
4792,5310,1065,1,1,0,1,62,1,2,100
4793,5311,618,2,2,1,2,25,0,3,80
4794,5312,116,2,2,1,0,18,0,2,60
4795,5313,366,1,0,2,0,48,2,0,80
4796,5314,122,3,2,0,0,56,2,3,100
4797,5315,1364,0,1,1,2,31,0,1,100
4798,5316,1305,0,3,1,1,49,1,2,80
4799,5317,20,2,2,0,2,64,2,2,60
4800,5318,472,0,0,2,1,21,1,3,100
4802,5319,983,1,2,2,2,24,1,2,40
4803,5320,1008,3,1,0,2,47,0,1,60
4804,5321,1424,4,0,1,0,52,1,4,60
4805,5322,475,4,0,2,1,66,0,2,40
4806,5323,582,3,0,2,0,66,2,0,80
4807,5324,1247,4,3,0,0,23,2,2,80
4808,5325,735,3,1,0,1,44,1,2,60
4809,5326,462,3,0,1,1,24,2,0,80
4810,5327,288,0,2,2,3,31,2,3,60
4811,5328,234,0,2,1,3,62,2,1,60
4813,5329,574,0,3,1,2,52,0,2,60
4814,5330,255,3,3,0,3,27,1,3,100
4815,5331,277,2,0,1,0,61,2,4,60
4816,5332,144,4,3,0,0,68,0,3,60
4817,5333,432,2,2,2,3,60,1,1,100
4818,5334,1057,4,0,0,0,67,0,3,40
4819,5335,1078,4,2,2,2,18,0,1,80
4820,5336,443,3,1,2,1,38,2,3,100
4821,5337,1418,0,2,2,2,40,2,0,100
4822,5338,508,0,2,1,3,65,1,2,100
4824,5339,1368,0,2,2,0,33,0,1,40
4825,5340,758,2,2,0,3,52,1,1,60
4826,5341,536,0,0,1,3,54,2,4,80
4827,5342,87,2,1,2,1,43,1,3,60
4828,5343,239,2,2,0,2,39,0,0,80
4829,5344,883,0,2,1,3,20,0,1,60
4830,5345,1166,0,0,2,2,69,0,0,100
4831,5346,979,2,2,2,3,62,0,4,80
4832,5347,959,4,0,1,0,61,0,0,80
4833,5348,1178,3,1,2,2,30,1,1,100
4835,5349,1253,0,1,0,1,28,1,2,100
4836,5350,126,4,0,2,1,54,1,0,100
4837,5351,785,0,2,1,0,42,0,4,60
4838,5352,56,0,2,1,1,28,1,4,60
4839,5353,949,4,2,0,0,36,2,2,80
4840,5354,1150,0,1,0,1,58,1,3,80
4841,5355,414,3,2,2,1,46,2,3,100
4842,5356,766,0,0,1,1,30,0,0,40
4843,5357,558,1,1,2,2,64,0,4,80
4844,5358,334,4,2,1,1,36,2,2,100
4846,5359,223,2,1,0,1,23,1,1,80
4847,5360,653,0,1,2,0,49,0,1,60
4848,5361,1128,3,0,2,2,60,0,1,100
4849,5362,630,1,3,2,2,51,2,1,100
4850,5363,218,3,0,2,1,60,2,4,100
4851,5364,1119,4,1,2,2,31,1,3,40
4852,5365,1067,1,1,1,1,30,2,1,80
4853,5366,714,0,0,0,3,23,1,3,40
4854,5367,1214,3,1,1,2,26,2,0,80
4855,5368,45,2,2,1,2,61,2,1,80
4857,5369,976,1,3,2,0,67,1,4,40
4858,5370,336,2,3,2,2,26,2,0,40
4859,5371,243,0,0,1,2,31,1,1,60
4860,5372,1437,4,1,0,2,28,0,3,80
4861,5373,609,1,1,1,1,47,0,0,60
4862,5374,467,1,0,2,1,29,1,1,60
4863,5375,1150,2,0,1,2,42,2,2,100
4864,5376,1210,0,0,2,2,27,2,2,100
4865,5377,439,4,0,0,1,31,2,3,60
4866,5378,776,2,0,0,1,43,0,1,80
4868,5379,1016,1,1,0,3,35,0,1,80
4869,5380,889,2,2,0,1,35,1,1,100
4870,5381,577,1,0,1,2,45,1,0,100
4871,5382,1306,1,0,1,2,36,2,0,80
4872,5383,822,0,2,1,2,69,0,2,100
4873,5384,707,0,3,1,1,52,2,1,100
4874,5385,1427,1,0,2,0,59,1,1,60
4875,5386,1395,3,0,1,3,39,2,2,40
4876,5387,1297,3,1,2,3,30,1,0,40
4877,5388,1436,2,2,1,1,48,2,2,60
4879,5389,235,0,1,1,2,55,2,2,80
4880,5390,93,2,0,0,3,19,2,0,60
4881,5391,178,4,3,2,2,28,2,2,40
4882,5392,616,0,2,0,0,33,0,4,100
4883,5393,769,3,1,1,1,28,0,4,60
4884,5394,488,4,2,1,1,22,0,0,40
4885,5395,91,3,2,2,3,26,0,2,80
4886,5396,1341,4,2,1,1,49,2,3,60
4887,5397,734,0,0,1,1,38,0,0,100
4888,5398,679,0,2,0,1,69,2,4,40
4891,5399,477,0,3,0,2,61,0,0,60
4892,5400,1377,1,3,2,0,33,2,3,100
4893,5401,24,1,2,1,2,18,1,4,40
4894,5402,1305,0,1,0,2,67,1,4,40
4895,5403,625,3,0,2,0,59,2,2,40
4896,5404,915,0,2,1,0,58,2,1,80
4897,5405,580,3,1,1,1,41,2,0,100
4898,5406,832,0,2,1,2,57,2,4,40
4899,5407,202,1,1,0,3,66,2,1,100
4900,5408,476,1,1,2,2,53,2,0,40
4902,5409,980,0,3,1,0,65,0,2,40
4903,5410,705,1,3,1,3,27,0,2,60
4904,5411,1401,2,1,1,1,62,2,4,80
4905,5412,93,4,1,0,3,52,0,0,80
4906,5413,1102,0,1,0,2,34,2,3,60
4907,5414,486,2,0,2,2,37,1,1,60
4908,5415,1261,3,3,2,2,54,1,0,60
4909,5416,1152,0,1,0,2,44,1,3,80
4910,5417,688,0,3,0,1,32,1,2,80
4911,5418,1109,2,1,1,2,67,2,1,80
4913,5419,582,3,2,1,2,21,0,3,40
4914,5420,455,2,2,1,0,65,1,0,100
4915,5421,618,2,3,1,0,39,2,4,100
4916,5422,834,3,2,1,3,20,1,2,100
4917,5423,858,1,0,0,3,38,0,4,60
4918,5424,1001,3,2,0,1,18,2,4,80
4919,5425,102,0,0,0,0,29,1,0,100
4920,5426,20,3,2,2,0,56,2,1,80
4921,5427,302,4,1,1,0,54,0,1,60
4922,5428,1270,0,1,1,3,21,0,3,60
4924,5429,982,1,1,0,2,67,2,4,60
4925,5430,1229,2,0,2,2,23,1,0,40
4926,5431,998,1,2,2,3,60,0,2,100
4927,5432,1236,4,2,0,0,34,0,3,100
4928,5433,1311,2,0,2,0,35,1,4,40
4929,5434,599,0,0,0,0,69,1,3,60
4930,5435,1108,1,3,1,1,68,0,2,40
4931,5436,176,3,2,1,0,30,2,3,40
4932,5437,611,1,1,0,1,47,2,2,60
4933,5438,299,3,3,2,0,60,0,1,60
4935,5439,738,4,1,2,3,22,0,3,80
4936,5440,743,1,3,2,1,32,2,0,80
4937,5441,463,3,1,1,3,69,1,1,40
4938,5442,462,4,1,2,1,65,2,1,40
4939,5443,809,4,0,2,1,68,0,1,80
4940,5444,743,0,2,0,0,53,2,1,40
4941,5445,1137,3,3,2,0,61,2,1,100
4942,5446,916,3,1,1,1,51,0,3,60
4943,5447,293,2,1,0,3,56,0,2,40
4944,5448,518,2,2,0,0,48,2,4,40
4946,5449,127,0,2,0,0,66,2,2,80
4947,5450,431,1,0,1,3,21,1,0,40
4948,5451,801,1,1,2,0,29,0,4,100
4949,5452,344,0,0,0,0,34,1,0,60
4950,5453,1010,0,2,1,3,69,1,1,60
4951,5454,602,2,3,2,2,22,1,3,60
4952,5455,341,0,3,0,0,27,0,1,60
4953,5456,757,4,2,2,2,52,2,3,40
4954,5457,1128,1,1,1,1,37,0,2,40
4955,5458,629,0,2,1,3,50,1,4,100
4957,5459,1034,0,1,0,2,25,1,4,100
4958,5460,230,0,0,2,0,51,1,1,80
4959,5461,540,3,1,0,3,55,1,2,60
4960,5462,834,1,2,2,1,22,0,1,100
4961,5463,707,0,2,2,2,42,2,4,80
4962,5464,266,2,2,0,1,46,2,3,40
4963,5465,448,4,3,2,1,36,2,2,80
4964,5466,880,0,0,0,3,24,2,3,100
4965,5467,219,4,2,0,2,28,1,3,40
4966,5468,535,0,1,1,2,32,1,4,40
4968,5469,73,2,0,2,1,41,2,4,60
4969,5470,563,4,1,2,2,37,1,3,60
4970,5471,402,1,0,0,1,49,2,2,40
4971,5472,283,3,1,0,3,69,2,3,100
4972,5473,405,3,1,2,1,44,1,3,40
4973,5474,45,3,0,0,2,47,1,1,80
4974,5475,1400,2,0,1,0,34,2,1,80
4975,5476,1177,3,0,2,2,19,1,3,60
4976,5477,870,4,0,0,2,25,0,2,40
4977,5478,1113,1,2,0,2,54,1,4,40
4979,5479,249,4,3,2,0,68,1,0,60
4980,5480,106,1,3,1,3,38,0,0,100
4981,5481,26,3,2,0,0,24,0,1,80
4982,5482,500,0,1,2,0,63,1,2,60
4983,5483,981,4,1,0,1,44,1,4,100
4984,5484,1043,1,0,0,1,32,0,0,40
4985,5485,274,2,0,1,3,68,0,1,80
4986,5486,1104,0,2,1,2,59,2,4,80
4987,5487,568,4,0,0,1,30,0,0,40
4988,5488,1235,4,2,1,3,28,1,2,60
4990,5489,166,1,0,0,2,50,0,1,60
4991,5490,913,3,2,0,3,49,0,2,100
4992,5491,251,0,0,1,0,45,1,4,40
4993,5492,936,0,3,1,2,32,0,0,60
4994,5493,1314,0,2,1,2,67,0,3,60
4995,5494,278,2,2,1,0,54,0,2,80
4996,5495,48,1,2,1,2,48,1,2,80
4997,5496,380,1,0,1,3,45,2,4,80
4998,5497,314,4,3,2,3,35,2,4,80
4999,5498,498,4,3,2,3,65,1,4,60
5002,5499,612,0,1,0,0,64,2,2,80
5003,5500,1376,3,2,1,2,69,2,1,40
5004,5501,1301,0,1,2,0,31,1,3,60
5005,5502,728,4,2,1,2,65,1,4,60
5006,5503,1192,3,0,0,3,57,0,3,40
5007,5504,12,0,1,1,1,47,2,2,80
5008,5505,660,2,3,0,1,61,2,2,60
5009,5506,985,0,2,0,0,34,1,3,60
5010,5507,626,1,2,1,2,49,0,4,80
5011,5508,1271,2,0,2,1,37,1,4,40
5013,5509,558,4,0,2,0,24,0,1,60
5014,5510,554,3,1,0,3,26,0,4,40
5015,5511,434,3,3,0,0,61,1,1,100
5016,5512,1415,2,0,1,2,37,2,2,60
5017,5513,657,2,1,1,2,36,2,1,100
5018,5514,1007,2,2,2,1,20,2,3,60
5019,5515,25,4,3,1,3,29,0,3,40
5020,5516,1389,1,1,0,1,25,0,0,60
5021,5517,8,4,3,0,0,57,1,4,80
5022,5518,634,4,2,2,0,18,1,1,40
5024,5519,901,0,1,0,2,53,2,2,60
5025,5520,179,0,0,0,0,21,1,3,60
5026,5521,668,1,1,0,3,57,2,0,60
5027,5522,107,0,1,1,2,50,2,1,100
5028,5523,433,3,1,2,3,66,0,0,40
5029,5524,713,2,0,0,1,32,1,2,60
5030,5525,102,3,0,2,2,46,1,2,40
5031,5526,987,3,1,0,1,25,0,4,40
5032,5527,1256,2,1,2,2,55,1,0,100
5033,5528,464,4,0,0,0,64,0,2,80
5035,5529,192,1,3,1,3,69,1,0,40
5036,5530,1122,2,0,2,2,32,1,1,80
5037,5531,929,1,3,1,2,29,0,2,80
5038,5532,1264,1,0,1,1,22,2,4,100
5039,5533,1207,2,1,0,0,29,1,4,80
5040,5534,1253,4,2,1,0,49,2,4,100
5041,5535,1348,2,3,2,0,32,2,1,60
5042,5536,487,4,0,2,1,50,1,2,80
5043,5537,531,2,2,0,0,37,0,0,100
5044,5538,1384,1,0,1,0,45,0,0,60
5046,5539,526,3,2,1,0,36,1,2,60
5047,5540,59,1,2,0,1,40,2,1,80
5048,5541,1197,0,3,1,1,61,2,1,60
5049,5542,982,2,1,0,2,53,2,4,40
5050,5543,239,3,3,1,2,65,0,2,100
5051,5544,909,1,1,0,2,69,0,0,80
5052,5545,618,3,1,2,3,64,0,1,100
5053,5546,558,0,2,1,1,43,0,0,100
5054,5547,929,1,1,1,2,40,1,2,100
5055,5548,1081,3,0,2,3,38,0,2,40
5057,5549,855,1,0,2,2,43,2,1,40
5058,5550,721,3,0,2,3,47,1,0,80
5059,5551,111,1,3,2,1,51,2,4,100
5060,5552,109,4,0,2,2,64,2,1,80
5061,5553,1222,2,1,1,3,48,0,4,60
5062,5554,476,0,2,0,3,39,1,4,60
5063,5555,1131,2,3,2,1,30,2,0,80
5064,5556,169,3,3,0,3,51,2,2,40
5065,5557,440,4,3,1,1,56,1,2,100
5066,5558,186,3,1,2,3,64,0,1,40
5068,5559,885,2,1,1,3,21,2,4,80
5069,5560,657,1,1,1,3,46,1,2,100
5070,5561,1063,4,0,1,2,64,0,0,80
5071,5562,816,0,1,2,1,66,2,1,40
5072,5563,887,4,2,2,1,54,2,3,100
5073,5564,1009,3,3,1,3,43,0,0,80
5074,5565,483,2,2,1,1,49,0,3,40
5075,5566,1260,3,3,0,1,65,0,0,60
5076,5567,909,3,3,1,2,32,0,0,40
5077,5568,1016,2,3,2,3,49,2,3,60
5079,5569,1402,0,1,1,2,39,1,0,100
5080,5570,87,1,3,1,0,67,1,0,80
5081,5571,539,1,3,1,3,62,2,2,60
5082,5572,791,0,0,1,1,44,2,2,60
5083,5573,886,3,3,1,3,34,1,3,80
5084,5574,638,3,2,1,0,39,2,4,80
5085,5575,3,3,3,1,3,25,1,3,40
5086,5576,631,3,1,0,1,51,2,1,60
5087,5577,960,2,3,2,1,67,2,3,80
5088,5578,1424,0,2,1,2,32,0,2,60
5090,5579,613,3,0,1,0,31,2,4,100
5091,5580,406,3,0,1,2,48,1,2,100
5092,5581,1175,1,2,1,2,61,0,0,80
5093,5582,28,0,3,1,2,40,1,0,60
5094,5583,835,4,1,1,2,40,1,0,40
5095,5584,924,2,2,0,3,20,0,0,80
5096,5585,42,2,2,1,2,22,1,1,40
5097,5586,1081,1,3,1,1,20,0,0,100
5098,5587,826,2,2,1,1,61,2,0,100
5099,5588,279,1,1,2,0,28,0,1,80
5101,5589,1128,2,1,0,3,21,2,1,60
5102,5590,547,3,2,0,3,25,0,3,40
5103,5591,454,0,2,0,1,37,2,3,60
5104,5592,56,0,0,0,1,57,2,2,40
5105,5593,1324,1,2,0,0,26,2,4,60
5106,5594,447,4,0,2,2,57,0,0,40
5107,5595,699,2,2,0,0,39,1,1,80
5108,5596,1056,3,0,1,2,24,2,0,40
5109,5597,636,1,0,0,2,27,1,1,60
5110,5598,434,2,3,2,2,20,0,1,100
5113,5599,55,4,1,1,3,19,0,3,100
5114,5600,524,1,3,0,3,22,0,2,80
5115,5601,639,4,1,2,3,40,2,4,80
5116,5602,18,2,3,2,3,64,2,4,40
5117,5603,892,4,0,1,2,49,2,3,40
5118,5604,849,4,0,0,3,53,0,0,60
5119,5605,422,3,0,1,3,64,1,3,100
5120,5606,254,4,0,2,2,55,0,3,100
5121,5607,98,3,1,2,2,57,1,2,100
5122,5608,897,1,0,1,1,64,0,1,60
5124,5609,143,4,3,1,1,69,2,2,40
5125,5610,311,0,0,2,3,67,1,4,80
5126,5611,129,1,3,0,1,52,1,0,100
5127,5612,1133,4,3,0,3,48,2,3,40
5128,5613,767,0,0,1,0,18,2,0,40
5129,5614,1437,0,3,0,3,51,1,1,40
5130,5615,813,2,3,1,1,51,0,0,100
5131,5616,1040,2,3,1,0,53,2,2,60
5132,5617,267,4,0,1,3,46,1,0,80
5133,5618,1099,1,1,1,2,20,2,2,80
5135,5619,954,3,3,0,1,57,2,3,40
5136,5620,106,3,1,1,0,41,0,0,60
5137,5621,127,1,1,1,2,32,0,0,80
5138,5622,818,4,0,1,0,27,2,2,100
5139,5623,375,0,1,0,3,48,2,4,100
5140,5624,367,0,2,1,0,55,0,0,80
5141,5625,1237,0,1,2,0,45,0,4,40
5142,5626,491,4,2,0,0,44,0,3,40
5143,5627,509,4,3,1,0,58,2,3,40
5144,5628,791,2,0,1,2,47,1,1,100
5146,5629,1312,4,2,0,2,60,0,0,100
5147,5630,1330,1,2,2,2,34,2,1,40
5148,5631,388,0,1,1,2,37,0,1,60
5149,5632,364,2,2,0,0,20,0,4,100
5150,5633,1114,2,2,1,0,66,0,1,80
5151,5634,897,1,0,1,3,51,0,4,40
5152,5635,1385,0,1,2,0,45,1,4,40
5153,5636,1363,1,1,1,0,31,0,4,100
5154,5637,488,4,1,0,3,29,0,1,40
5155,5638,1064,3,3,2,1,18,2,4,80
5157,5639,702,3,1,2,0,34,0,2,80
5158,5640,294,4,3,2,2,63,0,4,60
5159,5641,159,3,0,1,3,20,0,4,80
5160,5642,929,0,0,1,0,27,1,3,80
5161,5643,955,2,0,0,0,69,0,0,100
5162,5644,951,1,1,1,2,55,2,2,80
5163,5645,1396,4,1,1,3,51,1,2,100
5164,5646,151,2,2,0,3,61,0,0,40
5165,5647,406,1,0,2,3,50,1,1,40
5166,5648,1192,2,0,2,1,63,1,1,40
5168,5649,25,4,0,1,1,25,1,0,80
5169,5650,158,0,1,1,1,62,2,4,60
5170,5651,788,2,1,1,1,31,1,2,100
5171,5652,1077,0,0,0,3,18,2,3,40
5172,5653,74,4,2,2,3,58,0,4,80
5173,5654,1265,4,1,1,2,67,1,2,40
5174,5655,699,0,1,1,0,59,0,0,100
5175,5656,393,4,1,0,3,65,1,4,60
5176,5657,792,2,1,1,2,33,2,0,80
5177,5658,1318,0,0,2,1,40,0,3,60
5179,5659,805,1,3,0,0,22,1,4,60
5180,5660,34,3,0,1,0,61,0,0,40
5181,5661,976,0,0,2,1,30,1,2,60
5182,5662,20,4,0,1,0,65,1,0,80
5183,5663,219,4,2,1,2,22,2,2,60
5184,5664,855,4,1,1,2,44,0,0,40
5185,5665,480,3,2,0,0,67,1,2,100
5186,5666,42,3,0,1,1,69,0,0,100
5187,5667,925,0,3,1,1,25,2,2,80
5188,5668,251,0,2,0,3,18,1,4,80
5190,5669,1333,2,2,2,3,31,1,3,80
5191,5670,1000,2,0,1,2,24,0,2,40
5192,5671,1217,1,2,1,0,26,0,1,80
5193,5672,1062,1,0,1,2,34,2,4,100
5194,5673,397,1,3,2,2,39,2,2,40
5195,5674,1298,2,2,2,1,25,1,3,100
5196,5675,1191,3,1,1,2,23,1,0,60
5197,5676,528,4,2,1,1,25,2,3,60
5198,5677,966,1,2,1,2,57,2,3,100
5199,5678,111,3,3,0,0,66,2,3,40
5201,5679,687,4,2,1,2,59,0,1,60
5202,5680,1338,2,1,0,0,47,2,1,60
5203,5681,1197,3,3,2,0,52,2,1,100
5204,5682,1177,2,2,1,2,47,2,0,80
5205,5683,1262,2,0,0,3,18,1,4,60
5206,5684,684,2,1,2,3,22,2,1,100
5207,5685,788,1,1,0,1,27,0,2,40
5208,5686,565,3,0,1,3,36,0,3,80
5209,5687,66,4,3,1,1,47,2,3,100
5210,5688,636,2,0,2,3,65,2,0,100
5212,5689,390,0,1,2,3,45,2,0,80
5213,5690,99,2,3,0,0,34,2,0,60
5214,5691,1348,0,1,1,2,57,2,2,100
5215,5692,447,3,0,0,1,31,1,1,80
5216,5693,692,1,1,0,2,19,1,0,60
5217,5694,1310,4,1,1,1,49,2,3,80
5218,5695,1297,1,0,0,3,60,1,4,100
5219,5696,273,0,1,2,3,38,1,2,100
5220,5697,627,2,1,2,1,31,1,2,60
5221,5698,569,1,3,0,0,42,0,2,60
5224,5699,643,4,0,2,0,62,0,0,60
5225,5700,479,0,0,1,1,62,0,3,40
5226,5701,563,0,0,0,2,57,2,4,40
5227,5702,923,3,3,1,2,27,0,1,40
5228,5703,201,1,3,0,3,65,2,4,100
5229,5704,189,4,3,2,3,40,1,2,100
5230,5705,132,2,3,0,3,67,1,0,80
5231,5706,855,0,2,0,0,34,2,2,80
5232,5707,717,3,2,1,2,33,0,2,100
5233,5708,1119,1,0,2,0,22,0,2,80
5235,5709,120,1,2,1,1,28,1,0,100
5236,5710,27,3,0,0,0,36,1,4,80
5237,5711,125,0,3,0,0,25,0,1,40
5238,5712,1363,3,1,0,2,28,2,3,40
5239,5713,1196,3,1,1,0,48,1,1,100
5240,5714,1407,2,0,2,3,22,1,3,60
5241,5715,1022,1,2,1,3,69,1,4,80
5242,5716,411,1,0,0,2,44,0,2,80
5243,5717,732,1,3,0,1,51,2,1,60
5244,5718,1185,4,2,0,1,40,2,4,100
5246,5719,1139,4,2,2,0,37,2,4,80
5247,5720,954,0,3,0,3,56,0,2,60
5248,5721,1033,3,0,1,0,62,1,4,80
5249,5722,1101,3,3,2,2,53,2,2,40
5250,5723,678,0,0,2,0,50,2,4,80
5251,5724,879,2,3,1,2,24,2,0,60
5252,5725,212,0,2,2,0,67,1,0,80
5253,5726,955,3,0,1,3,63,2,0,60
5254,5727,338,1,0,1,0,60,0,1,100
5255,5728,15,4,2,2,0,57,0,3,100
5257,5729,106,1,3,0,1,56,2,1,60
5258,5730,228,1,0,0,2,39,0,2,100
5259,5731,488,1,1,1,1,63,0,2,100
5260,5732,1094,4,1,1,1,22,2,0,60
5261,5733,855,4,1,0,2,52,2,0,100
5262,5734,1402,2,3,2,3,41,0,0,80
5263,5735,161,3,1,2,0,32,1,2,100
5264,5736,1215,1,3,2,3,64,0,3,60
5265,5737,653,2,3,2,3,51,2,4,80
5266,5738,614,3,3,1,3,67,2,2,80
5268,5739,753,0,3,2,3,57,1,3,80
5269,5740,970,0,1,1,2,58,2,0,60
5270,5741,189,2,0,0,2,42,0,3,100
5271,5742,48,2,1,0,1,30,2,3,60
5272,5743,361,3,3,1,2,50,1,4,60
5273,5744,187,4,2,1,1,55,2,3,100
5274,5745,725,1,0,1,3,38,1,3,40
5275,5746,943,1,1,0,3,36,0,4,100
5276,5747,45,0,0,0,3,54,0,3,80
5277,5748,610,2,0,2,1,22,0,4,100
5279,5749,171,1,0,2,1,59,1,2,40
5280,5750,450,4,0,1,2,59,2,1,40
5281,5751,1361,2,2,1,0,63,2,4,60
5282,5752,1269,1,3,2,0,35,2,3,80
5283,5753,367,0,1,2,2,51,0,0,60
5284,5754,995,0,3,2,3,19,0,2,100
5285,5755,544,1,1,1,2,55,2,4,60
5286,5756,1397,1,1,0,3,56,2,0,60
5287,5757,1080,4,0,1,2,62,1,3,60
5288,5758,295,1,1,2,2,58,1,4,80
5290,5759,1136,4,3,2,3,48,0,4,100
5291,5760,4,4,1,1,0,55,2,0,80
5292,5761,340,1,2,1,3,68,1,2,80
5293,5762,960,1,0,2,0,61,0,2,40
5294,5763,764,2,1,1,3,51,1,1,40
5295,5764,404,3,0,0,1,45,0,0,40
5296,5765,1427,3,3,0,1,18,1,1,80
5297,5766,181,1,2,1,0,46,1,4,80
5298,5767,274,0,3,1,2,57,0,0,60
5299,5768,1226,3,1,2,3,50,2,0,60
5301,5769,543,2,3,2,1,66,1,2,40
5302,5770,319,1,1,0,2,30,2,1,80
5303,5771,338,3,1,1,2,57,2,2,100
5304,5772,1357,0,3,1,2,29,1,4,60
5305,5773,1314,4,2,0,0,22,2,3,60
5306,5774,1339,1,0,1,3,69,2,2,40
5307,5775,1244,4,2,1,3,60,1,1,80
5308,5776,1399,3,3,2,1,67,1,4,100
5309,5777,161,1,2,1,0,53,2,1,40
5310,5778,546,2,1,2,1,34,2,4,40
5312,5779,823,4,2,2,2,37,1,1,40
5313,5780,303,3,3,0,2,30,1,3,80
5314,5781,850,0,1,2,3,59,2,4,100
5315,5782,1353,0,2,2,0,44,1,3,60
5316,5783,1434,2,2,1,1,47,2,4,100
5317,5784,1380,2,1,1,3,69,1,1,80
5318,5785,207,0,2,2,2,57,0,3,40
5319,5786,1021,1,2,0,3,54,2,2,80
5320,5787,409,1,0,1,1,19,2,0,60
5321,5788,1250,3,2,2,3,62,0,1,100
5323,5789,229,3,2,1,1,39,1,1,100
5324,5790,644,3,1,1,0,20,0,2,40
5325,5791,1028,0,1,1,3,53,0,0,80
5326,5792,271,4,0,0,3,22,1,2,40
5327,5793,1096,2,3,1,0,38,2,4,100
5328,5794,1272,4,0,2,2,22,0,0,80
5329,5795,1252,4,2,2,2,35,1,2,60
5330,5796,1392,0,2,0,3,49,2,0,60
5331,5797,483,4,2,2,0,41,0,3,100
5332,5798,569,3,3,1,3,43,0,2,80
5335,5799,1222,0,2,1,1,68,1,4,40
5336,5800,1128,0,1,1,0,44,0,0,100
5337,5801,902,1,1,0,2,51,0,1,80
5338,5802,704,0,1,1,3,31,0,3,100
5339,5803,514,2,0,1,0,67,0,0,80
5340,5804,994,0,2,1,3,53,2,1,80
5341,5805,1000,1,1,1,0,63,0,1,60
5342,5806,480,0,2,1,3,55,2,0,40
5343,5807,1410,0,2,1,3,64,0,3,80
5344,5808,193,2,3,2,1,37,2,1,40
5346,5809,315,2,1,1,3,64,0,4,100
5347,5810,776,0,2,2,1,62,0,4,80
5348,5811,1036,0,1,0,2,22,1,4,100
5349,5812,232,3,3,0,0,52,0,1,80
5350,5813,1039,4,2,0,2,57,1,2,100
5351,5814,1159,0,0,2,2,31,2,0,40
5352,5815,517,0,0,1,2,29,2,3,40
5353,5816,37,2,2,1,3,39,2,3,100
5354,5817,1188,1,1,0,2,26,2,1,60
5355,5818,490,2,0,1,0,59,1,4,100
5357,5819,1406,3,2,0,1,62,0,0,100
5358,5820,768,1,0,1,3,35,1,4,40
5359,5821,469,4,3,2,0,67,2,1,80
5360,5822,66,0,0,2,0,27,1,1,100
5361,5823,241,3,1,2,0,68,0,4,100
5362,5824,1116,0,2,1,1,48,1,1,100
5363,5825,137,4,1,0,3,32,0,3,100
5364,5826,908,0,3,1,2,59,2,0,40
5365,5827,704,0,0,0,1,63,0,1,40
5366,5828,373,3,2,2,1,58,2,1,80
5368,5829,773,1,0,2,3,38,2,2,100
5369,5830,1424,3,2,1,2,54,1,0,40
5370,5831,180,0,1,0,0,53,1,1,80
5371,5832,1052,4,1,0,3,36,2,0,100
5372,5833,516,4,2,1,1,64,2,0,80
5373,5834,988,0,0,1,1,34,2,4,40
5374,5835,384,2,3,1,1,28,0,2,40
5375,5836,254,2,2,0,1,46,2,0,40
5376,5837,577,3,2,0,2,25,1,2,80
5377,5838,1297,2,1,0,2,32,2,2,80
5379,5839,802,1,1,0,1,31,1,4,80
5380,5840,182,3,2,1,1,21,0,2,80
5381,5841,474,3,2,1,3,39,1,2,100
5382,5842,1277,2,3,1,0,33,2,0,100
5383,5843,1109,4,0,0,0,23,2,4,80
5384,5844,467,0,2,2,3,60,1,1,100
5385,5845,383,3,3,1,1,23,1,3,60
5386,5846,552,3,2,0,1,65,2,1,40
5387,5847,1229,3,2,2,1,56,0,1,80
5388,5848,940,0,2,1,2,35,2,1,40
5390,5849,47,0,3,1,3,41,2,0,80
5391,5850,853,2,0,2,2,54,2,2,40
5392,5851,126,3,1,2,1,63,0,1,80
5393,5852,1381,2,1,0,3,36,1,2,60
5394,5853,881,0,0,2,1,48,2,1,80
5395,5854,1054,2,3,1,2,69,1,2,100
5396,5855,496,1,2,0,3,40,1,1,40
5397,5856,655,4,3,2,3,36,1,1,40
5398,5857,605,1,3,1,1,56,0,2,60
5399,5858,99,4,3,1,1,63,2,4,100
5401,5859,52,1,3,1,3,68,0,4,60
5402,5860,1028,0,1,2,1,25,1,1,40
5403,5861,609,2,1,2,1,52,0,0,80
5404,5862,1401,1,1,2,2,40,0,3,80
5405,5863,1174,1,1,1,3,66,0,2,40
5406,5864,353,1,1,1,0,43,1,4,100
5407,5865,854,4,3,1,0,44,2,1,60
5408,5866,933,0,0,2,2,54,0,2,100
5409,5867,1025,0,0,2,2,51,1,3,60
5410,5868,305,1,0,2,3,44,2,3,60
5412,5869,908,3,3,1,0,45,0,0,100
5413,5870,403,1,3,0,2,34,0,2,40
5414,5871,180,0,0,0,1,63,2,2,80
5415,5872,771,0,3,1,1,52,0,4,100
5416,5873,1343,3,1,1,0,56,2,1,100
5417,5874,1257,4,0,1,2,68,2,4,40
5418,5875,615,1,2,2,3,55,0,1,80
5419,5876,764,0,2,2,1,21,1,4,100
5420,5877,1360,4,3,0,2,50,2,2,60
5421,5878,337,4,0,1,2,54,2,3,60
5423,5879,350,4,1,0,1,55,0,2,100
5424,5880,180,4,0,2,1,31,0,0,80
5425,5881,386,2,3,2,1,27,2,2,40
5426,5882,1237,2,2,0,1,67,2,1,60
5427,5883,864,4,2,1,2,66,0,4,100
5428,5884,136,3,1,0,2,60,1,2,80
5429,5885,411,4,2,2,2,51,0,0,100
5430,5886,438,0,1,0,2,30,1,0,100
5431,5887,568,1,3,0,1,58,1,4,80
5432,5888,604,1,0,2,1,46,2,3,40
5434,5889,1029,0,1,1,3,45,1,4,100
5435,5890,931,3,2,2,2,62,0,2,40
5436,5891,1262,2,1,0,1,46,1,3,80
5437,5892,612,1,3,1,2,41,1,0,40
5438,5893,118,1,1,2,2,68,0,4,40
5439,5894,761,3,1,2,0,30,2,1,100
5440,5895,564,0,1,2,0,31,2,0,80
5441,5896,602,2,1,2,2,58,1,4,40
5442,5897,1001,3,2,2,0,57,0,3,40
5443,5898,130,0,0,0,1,47,2,3,100
5446,5899,459,4,0,1,0,35,0,2,80
5447,5900,876,0,2,2,0,61,2,3,100
5448,5901,37,3,1,2,0,27,0,0,40
5449,5902,98,4,1,0,1,57,1,4,80
5450,5903,439,3,0,1,2,32,1,1,60
5451,5904,185,4,3,1,3,64,1,2,40
5452,5905,773,4,0,0,2,44,1,1,100
5453,5906,497,4,1,2,0,37,0,0,80
5454,5907,284,3,3,1,0,20,1,2,40
5455,5908,144,0,2,0,3,20,1,2,40
5457,5909,66,0,2,0,1,66,0,0,60
5458,5910,911,4,0,0,2,48,2,3,40
5459,5911,971,1,0,0,3,30,1,4,40
5460,5912,1029,1,1,0,3,37,0,0,60
5461,5913,540,3,1,2,3,24,1,4,60
5462,5914,959,3,1,0,1,63,1,3,80
5463,5915,208,0,1,1,0,18,2,0,100
5464,5916,154,4,3,0,2,62,1,2,40
5465,5917,374,2,0,0,0,48,1,2,60
5466,5918,391,3,0,2,1,27,2,3,40
5468,5919,959,2,2,0,3,26,2,4,100
5469,5920,401,2,3,0,1,23,2,3,100
5470,5921,801,0,3,1,0,32,0,0,40
5471,5922,1003,2,0,0,1,52,1,3,80
5472,5923,989,2,3,0,0,48,0,4,40
5473,5924,31,1,2,0,3,68,1,0,80
5474,5925,1371,4,3,0,1,68,2,0,80
5475,5926,1341,1,3,2,1,49,2,0,40
5476,5927,1206,2,1,0,2,35,1,0,100
5477,5928,538,4,0,0,1,43,1,4,100
5479,5929,1054,1,1,1,3,42,0,4,40
5480,5930,466,0,1,2,1,27,2,4,80
5481,5931,1254,4,1,1,0,47,0,2,80
5482,5932,1312,0,1,1,2,31,0,0,80
5483,5933,226,4,2,0,1,35,1,1,40
5484,5934,671,0,3,0,2,36,2,4,80
5485,5935,1371,2,0,2,0,21,1,2,80
5486,5936,536,2,0,0,1,67,0,0,60
5487,5937,895,1,3,0,1,47,2,0,80
5488,5938,1130,1,3,0,3,19,0,0,40
5490,5939,880,2,2,0,1,22,0,3,60
5491,5940,421,1,2,2,3,47,2,2,80
5492,5941,893,2,0,0,2,68,2,1,40
5493,5942,1083,0,1,0,0,60,1,0,60
5494,5943,1283,0,0,0,2,39,0,2,80
5495,5944,456,2,2,2,2,50,2,3,60
5496,5945,1116,2,3,2,1,28,0,4,80
5497,5946,1275,3,3,1,0,21,1,4,60
5498,5947,703,4,2,2,2,53,0,1,100
5499,5948,477,0,0,1,2,49,1,4,60
5501,5949,1165,2,3,0,2,36,0,3,80
5502,5950,588,2,1,1,1,54,1,0,100
5503,5951,1390,4,0,0,3,22,2,2,40
5504,5952,84,2,2,1,3,41,2,1,80
5505,5953,374,3,3,2,1,59,2,0,40
5506,5954,812,3,2,2,3,35,2,0,40
5507,5955,94,2,3,0,1,45,1,1,80
5508,5956,101,3,0,0,3,26,2,0,80
5509,5957,1008,3,3,0,3,41,1,3,40
5510,5958,710,3,3,1,0,35,1,1,60
5512,5959,1061,1,2,2,1,56,2,3,100
5513,5960,177,2,0,2,1,68,1,1,60
5514,5961,1413,0,2,0,2,44,1,2,100
5515,5962,246,2,0,2,0,36,0,4,80
5516,5963,831,3,1,2,3,66,0,4,100
5517,5964,501,2,1,2,2,51,0,0,60
5518,5965,231,3,1,0,1,56,1,0,80
5519,5966,818,1,0,1,3,57,1,2,100
5520,5967,1313,0,3,2,2,63,0,4,60
5521,5968,900,1,3,1,2,22,1,1,60
5523,5969,954,4,1,2,3,52,2,0,100
5524,5970,154,1,2,1,3,56,1,3,100
5525,5971,918,0,3,1,0,64,2,0,60
5526,5972,1427,2,0,2,0,62,1,4,40
5527,5973,327,4,3,1,1,19,0,4,40
5528,5974,1311,3,0,1,3,31,1,1,100
5529,5975,1423,4,3,1,0,44,0,4,60
5530,5976,828,0,0,0,2,52,1,3,100
5531,5977,494,3,0,1,0,29,2,1,60
5532,5978,1019,4,2,0,0,59,2,2,60
5534,5979,764,2,3,0,0,23,0,3,60
5535,5980,1378,4,2,0,0,61,2,2,80
5536,5981,396,3,0,2,0,64,2,4,60
5537,5982,404,1,3,1,1,32,2,0,40
5538,5983,1237,4,0,1,0,30,1,2,60
5539,5984,1210,3,0,2,1,49,1,2,80
5540,5985,398,3,1,1,0,68,2,4,60
5541,5986,899,2,3,2,3,57,1,0,100
5542,5987,677,3,2,0,2,67,1,2,60
5543,5988,536,1,2,0,2,65,2,0,40
5545,5989,1349,3,0,1,1,32,0,0,40
5546,5990,687,0,3,2,1,35,1,0,40
5547,5991,973,1,1,0,1,48,1,3,60
5548,5992,937,2,2,2,1,35,1,0,80
5549,5993,1046,1,3,0,0,34,2,3,80
5550,5994,867,4,0,1,3,29,1,2,80
5551,5995,419,0,1,0,2,39,1,3,80
5552,5996,631,1,1,2,2,35,2,2,60
5553,5997,941,1,3,2,1,25,2,2,80
5554,5998,958,4,1,2,3,41,2,4,80
5558,5999,532,3,1,0,2,35,2,1,100
5559,6000,112,2,3,2,0,47,1,3,60
5560,6001,544,2,0,0,1,30,2,3,60
5561,6002,1004,2,3,0,2,50,0,1,60
5562,6003,684,4,0,1,3,22,1,3,100
5563,6004,660,2,1,2,0,24,1,1,40
5564,6005,1182,1,2,0,0,58,1,0,40
5565,6006,1027,3,1,2,2,65,0,2,40
5566,6007,517,1,3,0,0,21,1,1,60
5567,6008,488,2,1,0,3,46,2,3,60
5569,6009,24,1,0,2,3,65,1,3,100
5570,6010,1242,3,1,0,1,18,1,3,80
5571,6011,1375,1,3,2,3,21,1,2,100
5572,6012,986,2,3,2,1,18,1,2,60
5573,6013,271,2,1,1,1,56,0,2,80
5574,6014,918,3,3,1,3,69,1,1,40
5575,6015,1372,1,1,0,2,38,1,0,40
5576,6016,1272,1,1,1,1,33,0,1,80
5577,6017,678,2,1,2,1,30,1,2,80
5578,6018,701,1,0,2,0,52,0,2,80
5580,6019,429,3,2,0,3,32,0,4,100
5581,6020,554,4,1,1,2,48,0,0,100
5582,6021,133,2,0,0,0,20,1,3,80
5583,6022,117,4,3,1,0,41,1,1,100
5584,6023,1104,4,0,1,0,20,0,3,60
5585,6024,152,0,2,1,2,55,1,1,60
5586,6025,1025,1,1,2,2,61,1,1,100
5587,6026,1349,0,2,1,0,39,0,2,40
5588,6027,1272,4,0,0,0,49,1,4,60
5589,6028,1359,3,0,0,0,55,0,0,100
5591,6029,33,2,0,0,3,20,1,4,40
5592,6030,653,3,3,1,0,33,1,0,100
5593,6031,923,3,1,2,2,50,1,3,60
5594,6032,867,1,1,1,2,69,2,4,60
5595,6033,698,2,2,2,3,66,1,3,40
5596,6034,259,2,0,1,0,58,1,2,40
5597,6035,716,0,3,0,2,55,2,4,80
5598,6036,188,4,1,1,2,63,0,3,100
5599,6037,729,3,1,0,2,41,1,0,80
5600,6038,1254,4,0,1,1,39,2,3,100
5602,6039,840,2,3,0,1,27,0,0,60
5603,6040,924,1,1,1,3,45,2,2,40
5604,6041,998,0,0,0,3,67,2,0,60
5605,6042,170,2,2,1,0,27,2,0,60
5606,6043,166,4,1,2,2,69,2,2,40
5607,6044,895,3,2,2,3,30,2,0,100
5608,6045,639,2,1,1,1,19,1,2,80
5609,6046,693,2,0,2,3,44,0,2,100
5610,6047,990,2,2,1,3,22,1,2,100
5611,6048,419,1,0,1,0,47,2,4,100
5613,6049,577,0,1,0,2,31,1,3,60
5614,6050,1200,3,2,0,3,37,2,4,100
5615,6051,112,4,1,1,3,58,2,1,40
5616,6052,993,0,1,1,3,51,1,4,100
5617,6053,794,0,3,1,0,42,1,1,60
5618,6054,92,4,0,2,3,44,1,1,40
5619,6055,725,1,1,0,3,67,0,1,80
5620,6056,698,1,1,2,3,32,0,2,60
5621,6057,973,3,3,1,2,66,0,4,100
5622,6058,1211,3,1,0,0,53,0,4,40
5624,6059,517,3,0,2,2,61,2,1,100
5625,6060,1124,3,1,0,0,25,0,0,80
5626,6061,936,2,2,2,2,35,0,0,80
5627,6062,169,4,2,2,3,64,2,1,80
5628,6063,103,3,3,0,3,55,1,0,80
5629,6064,1313,0,2,2,1,29,2,3,60
5630,6065,954,0,1,2,3,44,1,4,80
5631,6066,1136,3,2,0,0,26,0,3,40
5632,6067,1207,1,2,0,2,26,1,1,60
5633,6068,938,4,2,0,3,62,0,2,80
5635,6069,1163,4,1,2,3,68,2,3,60
5636,6070,1361,2,0,1,3,61,2,4,100
5637,6071,323,2,2,2,1,59,0,0,80
5638,6072,45,1,2,2,1,55,2,4,40
5639,6073,370,3,3,0,2,62,2,1,60
5640,6074,561,3,1,1,0,43,2,1,80
5641,6075,71,4,0,0,1,35,1,1,80
5642,6076,754,1,2,0,0,47,2,1,60
5643,6077,500,1,0,0,2,24,2,2,60
5644,6078,1311,4,2,0,2,57,1,4,80
5646,6079,677,0,3,2,3,40,2,0,60
5647,6080,1307,2,3,2,1,64,0,1,40
5648,6081,243,3,0,1,3,41,2,0,100
5649,6082,840,3,1,1,1,20,2,2,100
5650,6083,587,0,3,0,1,67,0,0,60
5651,6084,200,4,2,1,1,40,1,3,40
5652,6085,1013,3,1,1,2,33,2,2,60
5653,6086,215,1,2,2,2,29,1,1,60
5654,6087,1410,4,3,0,3,60,2,1,80
5655,6088,1430,0,1,0,2,28,2,0,60
5657,6089,1043,0,1,2,1,25,2,0,40
5658,6090,1111,3,0,2,1,65,0,0,60
5659,6091,1066,1,1,1,1,68,0,4,100
5660,6092,939,2,1,0,0,49,1,4,60
5661,6093,1037,2,0,1,0,62,1,3,60
5662,6094,1035,0,2,2,3,52,0,3,60
5663,6095,1017,4,0,2,2,30,2,3,40
5664,6096,8,2,0,2,3,37,0,1,40
5665,6097,909,0,0,2,0,58,2,4,80
5666,6098,1003,3,2,2,1,18,2,1,100
5669,6099,464,1,3,2,2,49,1,0,80
5670,6100,926,2,1,0,0,45,0,4,80
5671,6101,736,4,0,1,2,56,0,1,40
5672,6102,362,0,2,2,1,38,1,1,100
5673,6103,312,3,2,2,0,68,1,0,40
5674,6104,822,1,0,2,2,32,2,0,40
5675,6105,348,3,0,1,0,39,0,0,60
5676,6106,244,2,2,0,0,58,2,4,80
5677,6107,602,0,2,2,2,56,0,2,60
5678,6108,1419,4,2,2,3,22,1,0,80
5680,6109,449,2,3,0,3,57,0,0,40
5681,6110,897,3,1,2,3,51,0,3,40
5682,6111,672,1,2,1,3,45,1,0,80
5683,6112,79,4,3,1,1,24,1,4,40
5684,6113,447,1,0,2,3,22,0,0,40
5685,6114,1209,0,2,2,1,23,2,1,80
5686,6115,1330,3,1,0,0,47,2,4,100
5687,6116,704,2,0,0,2,49,2,1,80
5688,6117,50,0,3,1,1,22,1,3,40
5689,6118,254,3,1,1,2,27,2,2,60
5691,6119,411,3,2,0,3,55,0,1,100
5692,6120,742,4,0,1,2,51,1,3,60
5693,6121,43,4,2,1,2,33,1,1,40
5694,6122,1405,3,1,0,3,56,0,2,60
5695,6123,1319,0,3,2,1,20,2,3,60
5696,6124,750,3,3,1,3,31,1,1,60
5697,6125,1329,4,1,1,3,30,0,2,80
5698,6126,218,3,3,1,3,26,0,3,80
5699,6127,343,2,0,2,1,29,2,1,100
5700,6128,1437,4,3,2,3,42,0,1,80
5702,6129,1129,2,1,0,3,19,2,3,40
5703,6130,512,0,2,2,1,23,1,4,60
5704,6131,88,1,1,1,1,62,0,2,60
5705,6132,1299,2,1,0,3,18,0,2,100
5706,6133,750,0,3,2,1,69,0,0,100
5707,6134,1063,2,0,1,2,58,0,4,40
5708,6135,338,3,3,2,1,60,1,4,80
5709,6136,256,4,1,0,2,27,0,0,100
5710,6137,1174,4,2,1,3,53,1,1,100
5711,6138,911,0,0,2,2,57,1,3,60
5713,6139,858,1,2,2,0,55,0,4,40
5714,6140,391,0,1,2,0,44,2,3,100
5715,6141,1274,4,0,2,1,23,0,2,40
5716,6142,1039,1,1,2,0,33,0,1,60
5717,6143,811,0,3,0,3,36,1,0,80
5718,6144,1204,3,1,2,2,23,2,0,60
5719,6145,705,0,0,1,0,52,2,3,40
5720,6146,490,4,0,2,0,60,0,2,100
5721,6147,443,3,2,2,1,24,1,1,100
5722,6148,216,0,3,1,2,65,2,2,80
5724,6149,774,4,1,0,1,42,1,2,60
5725,6150,822,3,3,1,2,38,0,3,80
5726,6151,1077,3,1,1,3,45,0,4,40
5727,6152,954,1,1,0,1,28,0,0,100
5728,6153,604,0,0,2,2,34,2,2,40
5729,6154,699,1,2,2,0,67,2,0,80
5730,6155,1080,4,1,2,2,29,1,3,40
5731,6156,1074,2,3,2,2,19,0,2,100
5732,6157,1175,0,1,1,1,34,1,0,80
5733,6158,631,3,2,1,2,68,1,4,60
5735,6159,1217,2,2,2,2,42,0,2,40
5736,6160,1216,4,3,1,1,30,1,2,80
5737,6161,1214,4,3,2,1,31,1,0,80
5738,6162,766,4,0,2,2,60,1,4,80
5739,6163,500,1,0,2,0,23,0,0,100
5740,6164,796,2,3,2,0,49,1,2,40
5741,6165,23,4,1,2,0,32,0,1,80
5742,6166,757,0,3,0,0,59,1,1,60
5743,6167,993,4,0,1,1,59,1,0,40
5744,6168,64,3,3,1,0,23,2,3,80
5746,6169,396,2,2,1,2,60,1,1,60
5747,6170,599,0,1,2,1,28,0,3,60
5748,6171,675,0,0,2,2,63,0,2,80
5749,6172,181,3,2,0,0,35,1,1,40
5750,6173,913,2,3,2,1,55,1,0,40
5751,6174,1227,3,1,1,0,31,1,3,60
5752,6175,969,2,1,1,0,23,0,2,60
5753,6176,370,3,1,1,1,56,0,3,60
5754,6177,1244,1,1,2,3,50,0,0,60
5755,6178,424,0,3,2,0,43,2,4,40
5757,6179,791,4,0,0,0,52,0,0,60
5758,6180,931,2,3,0,0,19,2,4,60
5759,6181,111,0,1,2,0,47,0,2,80
5760,6182,848,1,2,1,0,46,2,1,100
5761,6183,247,3,1,2,1,61,2,2,100
5762,6184,229,4,2,2,0,61,0,2,40
5763,6185,1322,2,2,0,1,29,0,0,40
5764,6186,640,2,1,1,0,53,0,3,40
5765,6187,612,2,3,2,0,58,1,2,100
5766,6188,1306,4,2,2,0,38,0,4,40
5768,6189,514,2,1,2,2,41,1,4,60
5769,6190,781,4,0,2,2,46,1,1,100
5770,6191,766,0,2,0,0,53,1,0,60
5771,6192,164,2,3,0,3,61,2,0,40
5772,6193,792,3,2,0,3,40,1,0,40
5773,6194,210,1,1,1,0,33,1,4,100
5774,6195,376,4,1,1,1,48,0,4,100
5775,6196,40,2,1,0,0,20,1,3,100
5776,6197,1164,4,3,1,2,67,0,3,40
5777,6198,169,1,1,1,1,21,2,4,60
5780,6199,483,0,1,2,1,49,0,1,80
5781,6200,878,0,2,1,2,56,2,0,40
5782,6201,167,4,1,1,0,21,0,0,100
5783,6202,679,2,2,0,0,42,1,3,80
5784,6203,1216,4,0,2,2,58,2,0,100
5785,6204,1275,2,2,1,2,19,0,1,40
5786,6205,760,0,3,1,0,49,1,1,80
5787,6206,1363,4,3,0,0,57,1,1,40
5788,6207,1145,4,3,1,3,22,2,4,100
5789,6208,250,1,3,0,2,29,0,1,60
5791,6209,863,1,3,2,1,21,2,2,40
5792,6210,1026,1,1,1,3,24,2,3,40
5793,6211,559,3,1,1,3,54,1,1,100
5794,6212,177,3,2,0,0,30,1,4,40
5795,6213,502,3,1,1,3,64,1,1,100
5796,6214,1177,2,0,1,1,65,0,3,100
5797,6215,297,2,2,1,1,69,1,3,100
5798,6216,799,1,1,0,1,66,2,3,100
5799,6217,1007,1,2,0,0,33,0,3,40
5800,6218,562,4,0,1,0,36,0,3,80
5802,6219,437,0,0,0,3,39,0,3,80
5803,6220,687,4,2,1,0,67,1,1,100
5804,6221,718,4,0,1,3,45,2,0,40
5805,6222,907,1,1,1,1,33,1,4,100
5806,6223,261,2,3,1,1,56,2,0,60
5807,6224,940,2,0,0,3,36,1,1,100
5808,6225,726,1,0,1,2,61,1,3,100
5809,6226,862,1,3,2,0,22,0,0,40
5810,6227,732,0,1,0,0,59,2,4,40
5811,6228,1250,4,2,2,2,45,0,2,100
5813,6229,41,3,3,1,1,64,1,2,80
5814,6230,696,3,2,1,1,61,0,0,40
5815,6231,721,1,2,0,1,62,1,0,100
5816,6232,215,1,3,2,1,26,0,0,100
5817,6233,618,0,3,2,0,38,0,2,60
5818,6234,1354,2,1,1,3,69,0,2,40
5819,6235,1088,1,0,0,3,65,1,4,40
5820,6236,179,3,0,1,2,22,0,4,60
5821,6237,193,4,0,2,1,43,0,3,40
5822,6238,1095,4,3,1,2,61,0,3,100
5824,6239,1229,3,1,0,0,34,0,2,100
5825,6240,895,4,1,0,2,51,2,3,40
5826,6241,1367,2,2,2,0,58,2,4,60
5827,6242,39,2,0,0,0,48,1,1,80
5828,6243,524,2,2,2,1,62,1,1,80
5829,6244,965,3,0,0,2,31,0,4,100
5830,6245,282,1,0,0,2,39,1,3,60
5831,6246,1107,2,2,1,1,69,1,0,100
5832,6247,597,3,2,0,1,51,1,0,100
5833,6248,1088,1,1,1,2,52,0,1,100
5835,6249,482,0,0,1,2,56,0,1,100
5836,6250,870,2,3,0,3,37,0,4,100
5837,6251,320,1,2,1,2,26,0,4,60
5838,6252,46,4,1,0,1,52,0,4,100
5839,6253,318,0,0,0,1,33,2,2,40
5840,6254,53,2,2,1,2,37,2,4,60
5841,6255,697,0,0,0,1,24,1,3,60
5842,6256,882,1,0,2,3,53,0,2,80
5843,6257,52,0,2,1,1,51,1,2,60
5844,6258,1326,0,1,1,2,59,0,1,80
5846,6259,1251,2,3,2,2,52,2,1,100
5847,6260,76,0,3,2,0,67,0,0,80
5848,6261,360,1,1,1,0,29,0,1,60
5849,6262,701,2,0,1,0,69,1,2,80
5850,6263,910,4,3,2,0,56,1,2,100
5851,6264,268,2,1,0,3,21,2,0,60
5852,6265,464,1,1,0,0,36,0,2,100
5853,6266,679,2,3,0,2,26,2,4,80
5854,6267,963,3,2,2,0,28,0,3,80
5855,6268,50,3,2,2,0,33,2,3,60
5857,6269,472,4,3,2,2,47,2,0,80
5858,6270,1133,4,2,0,3,64,1,1,100
5859,6271,567,1,1,1,1,61,1,2,60
5860,6272,1095,3,3,1,1,62,0,2,80
5861,6273,1131,4,0,2,3,24,1,4,40
5862,6274,657,1,1,1,2,25,0,3,40
5863,6275,83,1,1,2,0,45,0,0,100
5864,6276,384,3,1,0,1,42,2,2,80
5865,6277,1232,1,2,1,2,53,1,1,80
5866,6278,626,3,1,1,0,58,1,3,60
5868,6279,337,4,1,1,3,19,1,0,100
5869,6280,1239,0,3,1,2,21,2,1,80
5870,6281,1351,3,2,0,0,35,2,2,40
5871,6282,1087,1,2,0,3,31,0,1,40
5872,6283,585,4,1,2,2,63,1,1,60
5873,6284,126,4,0,2,1,52,0,4,80
5874,6285,1247,4,3,0,0,23,0,2,100
5875,6286,1060,4,0,1,3,52,1,1,100
5876,6287,490,1,1,0,3,32,2,2,80
5877,6288,1101,0,1,1,3,45,0,0,60
5879,6289,82,1,1,1,1,56,2,1,80
5880,6290,1030,3,2,1,3,65,1,4,40
5881,6291,693,1,2,1,3,61,2,1,60
5882,6292,107,0,0,2,3,35,1,4,40
5883,6293,687,0,0,2,3,28,1,1,40
5884,6294,214,0,1,0,2,44,0,2,40
5885,6295,344,4,1,0,2,22,1,3,40
5886,6296,608,0,2,0,3,52,1,0,40
5887,6297,777,1,1,1,0,29,2,3,100
5888,6298,979,3,2,0,0,34,1,3,100
5891,6299,533,4,2,0,1,65,0,4,60
5892,6300,69,4,3,1,3,32,2,3,60
5893,6301,167,1,3,2,2,56,2,2,40
5894,6302,1277,0,0,1,3,59,0,1,80
5895,6303,613,1,0,2,1,24,2,1,80
5896,6304,720,1,1,0,1,56,2,2,40
5897,6305,641,4,0,2,3,52,2,2,100
5898,6306,945,0,2,0,2,64,0,0,40
5899,6307,247,4,1,1,0,60,1,4,40
5900,6308,248,4,2,2,3,56,1,0,80
5902,6309,1110,4,3,0,0,59,0,4,60
5903,6310,241,2,1,1,0,43,2,2,100
5904,6311,1349,0,0,1,3,40,2,0,60
5905,6312,520,4,0,2,1,67,1,2,100
5906,6313,573,0,2,0,0,46,0,0,80
5907,6314,1126,2,2,0,1,30,1,2,100
5908,6315,1288,2,3,0,1,58,0,2,40
5909,6316,991,2,3,0,0,23,0,0,40
5910,6317,677,3,3,1,1,50,0,1,80
5911,6318,21,3,0,0,0,57,2,1,40
5913,6319,773,3,2,0,0,65,2,0,40
5914,6320,538,1,3,1,2,22,0,3,80
5915,6321,255,4,2,1,2,42,2,4,80
5916,6322,893,4,1,0,2,62,1,3,60
5917,6323,31,3,1,0,2,58,2,1,80
5918,6324,1425,4,3,0,3,54,1,1,80
5919,6325,1047,1,2,0,2,32,1,4,80
5920,6326,1199,0,0,0,0,38,2,2,100
5921,6327,525,4,0,1,0,38,1,2,80
5922,6328,611,1,0,1,2,34,2,1,80
5924,6329,1000,2,1,0,2,19,1,3,100
5925,6330,268,4,3,0,2,25,1,1,40
5926,6331,1237,1,3,0,0,26,1,2,40
5927,6332,79,1,1,1,0,47,2,0,40
5928,6333,1248,1,0,1,2,20,0,1,100
5929,6334,933,3,2,1,2,65,1,1,60
5930,6335,813,0,3,2,0,58,0,4,60
5931,6336,86,2,0,1,0,36,0,0,40
5932,6337,401,4,1,1,0,61,2,4,80
5933,6338,1299,3,3,0,1,37,0,1,60
5935,6339,1019,4,2,1,0,50,1,3,60
5936,6340,1133,1,2,2,0,28,0,4,80
5937,6341,1346,3,2,1,0,36,0,3,100
5938,6342,1107,4,3,1,0,49,1,2,60
5939,6343,251,3,0,1,2,49,0,0,100
5940,6344,916,4,2,0,1,50,0,4,60
5941,6345,779,3,3,0,1,38,0,1,40
5942,6346,910,0,0,1,1,27,2,2,40
5943,6347,219,3,1,2,2,60,0,3,60
5944,6348,1327,1,0,0,0,52,0,4,60
5946,6349,68,1,3,0,0,63,2,2,80
5947,6350,1319,3,2,2,1,58,2,4,100
5948,6351,616,4,2,1,2,43,0,1,60
5949,6352,41,1,0,2,2,32,1,2,40
5950,6353,1218,1,2,2,3,32,0,1,100
5951,6354,284,3,3,1,3,53,2,1,100
5952,6355,193,4,3,0,0,19,0,1,100
5953,6356,477,4,2,2,2,42,2,0,100
5954,6357,855,3,3,0,0,32,1,0,40
5955,6358,1195,4,3,0,3,49,0,3,80
5957,6359,1418,3,3,1,3,44,1,2,100
5958,6360,541,1,1,2,3,38,2,2,40
5959,6361,166,0,3,0,3,60,2,2,40
5960,6362,526,2,1,1,0,32,0,0,60
5961,6363,1325,3,0,1,2,29,1,0,80
5962,6364,7,4,1,1,0,20,1,2,40
5963,6365,1,4,3,1,3,28,1,0,60
5964,6366,129,4,1,2,3,50,0,3,80
5965,6367,719,3,1,1,0,46,0,3,60
5966,6368,1102,4,3,0,0,54,2,2,80
5968,6369,635,4,1,0,2,58,2,2,40
5969,6370,871,2,2,2,3,22,2,2,80
5970,6371,113,2,1,2,0,19,2,0,60
5971,6372,1225,1,0,0,3,68,0,2,80
5972,6373,880,4,3,2,1,50,0,1,80
5973,6374,474,3,3,1,1,63,1,3,100
5974,6375,1244,2,3,0,2,20,2,1,60
5975,6376,775,1,0,0,1,19,1,2,80
5976,6377,553,4,0,0,2,26,0,2,60
5977,6378,1132,2,0,1,0,37,2,0,60
5979,6379,220,3,1,0,1,53,1,1,60
5980,6380,131,0,3,0,3,24,0,1,60
5981,6381,634,0,0,0,3,42,0,4,100
5982,6382,399,1,3,2,1,27,0,4,40
5983,6383,374,1,2,1,3,19,2,4,100
5984,6384,791,4,0,2,0,46,1,0,60
5985,6385,1298,4,3,1,1,59,2,3,100
5986,6386,852,2,0,0,0,38,2,3,60
5987,6387,1250,2,2,0,0,66,1,2,60
5988,6388,733,3,3,1,2,30,0,1,100
5990,6389,445,3,1,1,2,41,2,4,100
5991,6390,852,4,2,0,2,44,1,1,60
5992,6391,1424,0,2,2,0,41,0,1,100
5993,6392,1087,3,0,1,0,22,2,3,100
5994,6393,787,1,2,2,3,46,0,0,80
5995,6394,1410,1,3,1,1,38,0,3,80
5996,6395,538,4,0,1,2,63,2,1,40
5997,6396,171,1,3,0,3,64,2,1,80
5998,6397,580,1,1,1,3,68,1,2,100
5999,6398,16,2,1,2,3,25,0,1,60
6002,6399,525,3,0,1,0,53,2,3,60
6003,6400,507,1,0,2,0,22,0,3,40
6004,6401,710,4,0,2,3,37,2,2,80
6005,6402,265,0,2,2,3,40,0,0,60
6006,6403,1178,2,0,2,2,50,0,0,40
6007,6404,700,4,0,2,0,53,1,4,40
6008,6405,162,3,0,1,2,60,2,4,100
6009,6406,470,4,3,2,0,41,0,2,80
6010,6407,249,4,1,2,3,58,0,0,100
6011,6408,880,4,2,0,2,18,0,1,60
6013,6409,1252,0,3,0,2,42,2,2,40
6014,6410,83,0,2,2,1,26,0,3,80
6015,6411,463,4,0,1,2,59,2,2,100
6016,6412,1141,4,2,0,2,50,0,2,100
6017,6413,1376,2,1,0,2,57,0,4,100
6018,6414,199,3,3,0,0,47,2,3,60
6019,6415,648,1,0,1,3,60,2,3,40
6020,6416,135,0,2,2,3,18,1,2,40
6021,6417,360,3,3,2,1,68,0,3,80
6022,6418,451,3,3,0,1,27,0,1,60
6024,6419,63,4,2,2,3,34,0,3,60
6025,6420,470,0,1,1,1,55,1,0,60
6026,6421,391,1,0,1,3,45,1,0,100
6027,6422,444,3,1,0,2,66,1,1,40
6028,6423,418,4,2,0,1,48,0,0,40
6029,6424,70,3,3,0,1,22,1,1,80
6030,6425,806,0,2,2,3,21,1,4,60
6031,6426,1056,1,2,0,1,68,1,2,60
6032,6427,616,0,3,2,2,27,2,1,40
6033,6428,877,4,0,1,3,61,0,0,40
6035,6429,217,3,3,1,3,33,0,4,100
6036,6430,970,3,3,2,2,21,1,0,80
6037,6431,575,2,0,0,0,52,2,0,40
6038,6432,1178,0,0,0,3,19,1,1,80
6039,6433,498,0,3,2,1,29,2,2,100
6040,6434,295,1,2,2,2,50,0,2,80
6041,6435,523,4,1,2,3,22,0,1,60
6042,6436,1134,2,2,0,1,37,1,1,40
6043,6437,679,1,3,1,2,21,1,2,100
6044,6438,1131,0,3,0,3,65,1,0,40
6046,6439,1397,1,1,1,1,23,2,1,60
6047,6440,1023,0,1,2,2,20,0,2,100
6048,6441,721,2,2,1,2,18,0,0,40
6049,6442,1431,2,2,2,3,27,2,4,100
6050,6443,870,2,1,2,3,55,0,3,100
6051,6444,271,1,1,2,3,59,0,0,40
6052,6445,1005,4,0,0,1,69,0,1,40
6053,6446,881,4,0,1,0,65,1,2,100
6054,6447,195,0,0,0,0,35,2,2,60
6055,6448,607,1,3,1,0,51,0,1,60
6057,6449,506,4,2,0,3,36,2,1,60
6058,6450,164,4,3,2,2,64,1,1,100
6059,6451,1361,4,3,0,0,40,2,1,60
6060,6452,732,1,2,0,2,64,2,1,40
6061,6453,638,1,0,2,0,39,1,4,100
6062,6454,598,4,2,1,2,51,0,1,40
6063,6455,306,1,1,2,0,52,2,2,40
6064,6456,195,0,3,0,0,31,1,4,80
6065,6457,197,0,2,2,0,27,2,3,100
6066,6458,43,1,2,2,2,46,1,0,60
6068,6459,748,2,3,1,1,27,0,1,60
6069,6460,446,3,3,1,0,30,1,2,80
6070,6461,1104,1,2,0,3,69,0,3,60
6071,6462,658,1,2,2,2,46,1,0,40
6072,6463,406,0,0,2,1,59,2,4,80
6073,6464,1225,2,1,2,1,19,1,3,100
6074,6465,675,2,1,2,0,47,1,2,80
6075,6466,1050,3,3,1,3,30,2,2,60
6076,6467,541,3,3,0,3,68,0,0,80
6077,6468,427,0,2,0,3,45,1,4,60
6079,6469,1356,3,0,1,1,30,2,4,40
6080,6470,845,1,1,2,3,36,1,2,40
6081,6471,714,4,1,2,2,39,2,1,80
6082,6472,1121,4,3,0,1,39,1,0,40
6083,6473,43,3,0,0,3,32,2,2,40
6084,6474,743,4,3,0,2,38,0,1,100
6085,6475,1063,0,1,2,3,65,2,2,40
6086,6476,202,0,2,2,0,32,2,1,100
6087,6477,273,0,2,2,2,42,0,3,40
6088,6478,1065,2,3,2,0,38,2,1,60
6090,6479,601,0,2,1,0,45,2,2,100
6091,6480,252,4,2,2,2,58,2,3,60
6092,6481,946,1,2,1,2,32,1,2,80
6093,6482,220,1,3,0,1,46,0,3,40
6094,6483,1093,4,1,2,3,66,1,2,100
6095,6484,804,1,2,2,2,49,0,0,60
6096,6485,425,4,2,2,1,52,2,3,100
6097,6486,1047,2,1,0,0,43,0,3,100
6098,6487,629,4,3,2,0,54,0,3,100
6099,6488,1287,2,0,2,1,24,1,4,60
6101,6489,438,1,2,0,2,62,0,1,100
6102,6490,343,2,0,1,0,57,1,4,80
6103,6491,746,2,1,1,2,22,1,3,100
6104,6492,635,3,0,2,2,30,2,0,80
6105,6493,1126,3,2,1,0,60,0,4,60
6106,6494,150,3,1,2,0,59,1,1,100
6107,6495,302,3,2,0,3,54,0,2,40
6108,6496,153,1,0,2,2,53,2,0,60
6109,6497,318,4,1,0,3,47,2,3,40
6110,6498,659,4,3,1,0,46,2,1,80
6113,6499,568,2,0,0,3,56,2,3,40
6114,6500,1293,4,1,1,0,41,1,0,100
6115,6501,607,1,3,1,0,42,1,1,100
6116,6502,345,4,2,0,1,63,2,4,100
6117,6503,648,1,1,1,0,27,2,3,100
6118,6504,477,4,1,0,1,53,1,2,100
6119,6505,526,1,3,1,2,27,1,3,60
6120,6506,929,4,1,2,2,48,1,4,60
6121,6507,948,4,3,0,0,31,2,1,100
6122,6508,239,0,1,0,2,47,1,2,60
6124,6509,603,2,2,2,3,69,0,4,100
6125,6510,191,2,2,1,1,43,1,3,80
6126,6511,761,0,1,1,1,22,0,0,80
6127,6512,851,4,3,0,2,33,0,2,100
6128,6513,190,4,1,2,3,61,0,4,40
6129,6514,1085,1,2,2,0,60,2,4,60
6130,6515,1385,3,3,0,2,46,0,4,100
6131,6516,1140,2,3,1,0,19,1,4,80
6132,6517,794,4,2,0,3,41,2,2,40
6133,6518,1398,0,2,1,2,42,0,0,100
6135,6519,774,0,1,2,3,56,0,2,40
6136,6520,138,2,3,1,0,35,2,0,100
6137,6521,648,4,2,0,0,55,0,2,40
6138,6522,956,4,0,2,2,19,1,0,40
6139,6523,1187,0,0,2,1,51,2,3,80
6140,6524,1334,3,0,2,1,53,0,3,60
6141,6525,461,2,2,1,1,65,2,2,100
6142,6526,40,3,2,0,3,62,1,0,80
6143,6527,698,2,3,0,2,19,2,3,60
6144,6528,1178,4,1,0,1,25,0,1,80
6146,6529,751,0,2,2,1,19,0,3,60
6147,6530,508,3,0,2,1,44,1,4,100
6148,6531,82,4,2,0,3,51,2,0,80
6149,6532,692,0,3,2,3,51,1,2,80
6150,6533,846,4,2,0,2,54,0,0,40
6151,6534,1281,2,2,0,1,27,0,0,40
6152,6535,1156,3,1,2,3,69,0,3,60
6153,6536,126,1,3,2,3,40,0,1,100
6154,6537,1192,3,3,0,3,54,1,1,100
6155,6538,1253,3,3,2,2,44,1,2,60
6157,6539,65,1,0,1,1,28,2,0,40
6158,6540,432,3,0,0,0,26,2,0,40
6159,6541,945,2,1,1,2,31,0,0,40
6160,6542,273,3,1,2,3,67,0,4,40
6161,6543,1187,2,1,2,1,19,0,4,40
6162,6544,848,2,0,1,1,61,2,1,60
6163,6545,1213,2,0,2,2,54,2,1,100
6164,6546,986,1,3,0,0,24,2,3,40
6165,6547,1329,1,2,2,2,60,0,0,40
6166,6548,571,3,3,0,2,69,1,1,100
6168,6549,1413,1,3,0,1,46,2,4,60
6169,6550,1213,2,0,0,2,49,0,3,100
6170,6551,218,2,3,0,2,41,2,2,80
6171,6552,914,1,0,0,1,58,2,3,60
6172,6553,1369,3,2,0,0,37,1,3,80
6173,6554,1414,3,1,0,0,48,0,4,60
6174,6555,233,2,2,1,2,65,0,0,40
6175,6556,574,4,0,1,3,54,1,4,100
6176,6557,1339,1,2,0,0,28,0,4,100
6177,6558,1194,1,0,2,0,56,0,0,40
6179,6559,854,1,1,2,2,66,2,3,60
6180,6560,824,3,2,2,1,29,1,0,80
6181,6561,1375,4,0,0,3,52,0,2,80
6182,6562,573,3,2,1,1,59,2,3,60
6183,6563,352,4,3,2,2,51,2,0,80
6184,6564,696,1,3,1,1,69,1,0,60
6185,6565,822,0,3,2,0,40,1,2,80
6186,6566,825,4,0,1,3,63,1,4,100
6187,6567,1437,3,1,2,3,48,1,0,100
6188,6568,1386,3,3,1,2,66,0,2,100
6190,6569,116,1,0,1,2,46,1,3,100
6191,6570,836,2,0,2,2,28,1,4,40
6192,6571,927,0,3,1,1,52,0,2,80
6193,6572,611,2,0,1,1,37,0,1,40
6194,6573,260,2,1,1,1,22,1,4,100
6195,6574,1113,4,2,1,1,63,2,0,100
6196,6575,653,0,2,2,3,49,2,1,80
6197,6576,683,1,0,0,3,43,1,3,100
6198,6577,624,4,0,1,3,67,2,1,80
6199,6578,1118,3,3,0,3,31,1,1,40
6201,6579,645,3,2,2,2,50,2,2,40
6202,6580,9,4,2,1,2,29,1,3,40
6203,6581,959,3,0,0,3,49,2,4,60
6204,6582,772,4,0,0,2,49,1,1,40
6205,6583,1276,3,0,0,0,19,1,2,40
6206,6584,834,0,1,0,0,41,2,4,80
6207,6585,1238,4,3,2,2,54,0,1,100
6208,6586,809,0,3,1,1,48,1,3,60
6209,6587,774,3,2,2,3,50,2,2,80
6210,6588,1141,1,1,2,1,32,2,2,80
6212,6589,560,3,1,0,2,28,1,3,100
6213,6590,57,2,3,0,2,51,1,4,40
6214,6591,1372,4,2,0,3,48,1,4,40
6215,6592,832,4,0,2,3,30,1,0,80
6216,6593,19,0,3,2,0,43,0,0,80
6217,6594,607,0,3,2,1,39,1,2,60
6218,6595,714,1,3,0,3,63,1,4,40
6219,6596,1269,4,2,1,0,66,1,2,40
6220,6597,967,0,2,2,3,18,1,4,100
6221,6598,704,0,0,0,1,54,1,0,80
6224,6599,1028,4,3,0,3,51,2,2,40
6225,6600,910,3,0,1,0,57,1,0,60
6226,6601,1018,1,2,2,0,26,0,3,60
6227,6602,1103,1,1,2,0,32,2,3,100
6228,6603,1030,2,3,2,0,28,2,2,80
6229,6604,1293,1,1,0,0,20,0,3,80
6230,6605,1356,4,2,1,2,60,0,2,40
6231,6606,1131,4,2,2,3,65,1,2,60
6232,6607,84,4,1,0,0,67,1,3,100
6233,6608,1264,4,2,2,2,26,1,1,80
6235,6609,962,0,1,1,0,38,1,2,100
6236,6610,687,0,3,0,1,22,2,0,80
6237,6611,321,0,0,1,0,43,0,1,80
6238,6612,924,4,1,0,3,54,1,0,60
6239,6613,57,4,2,2,2,32,2,1,100
6240,6614,514,4,1,0,2,66,2,1,60
6241,6615,949,0,3,0,2,42,1,4,100
6242,6616,1247,3,0,2,0,21,0,1,60
6243,6617,422,3,2,1,1,29,0,1,40
6244,6618,1204,0,1,2,1,42,1,1,80
6246,6619,384,4,3,0,1,19,1,1,60
6247,6620,456,4,1,0,0,62,2,2,60
6248,6621,52,1,3,1,3,68,1,4,40
6249,6622,1396,2,2,0,3,31,2,2,100
6250,6623,1415,4,3,0,1,20,2,0,40
6251,6624,636,2,0,0,2,41,0,2,80
6252,6625,473,0,0,0,2,25,0,0,80
6253,6626,182,1,3,2,1,57,2,1,60
6254,6627,707,4,0,0,3,63,0,4,100
6255,6628,744,3,1,1,2,55,0,4,80
6257,6629,433,2,0,0,3,22,0,2,100
6258,6630,1367,2,2,0,2,69,0,4,80
6259,6631,911,1,0,1,2,29,1,1,60
6260,6632,844,4,3,1,0,59,1,1,40
6261,6633,517,0,0,2,1,29,2,1,40
6262,6634,1251,0,3,2,3,51,2,0,60
6263,6635,1133,3,3,1,0,39,1,3,40
6264,6636,8,4,1,2,1,44,0,1,80
6265,6637,380,3,1,0,0,28,1,2,80
6266,6638,26,0,0,1,3,50,0,4,40
6268,6639,1256,3,1,1,3,35,2,3,40
6269,6640,1214,0,0,2,2,42,0,3,100
6270,6641,327,1,3,1,3,42,1,0,60
6271,6642,832,0,0,2,0,45,0,4,80
6272,6643,59,4,3,2,1,55,2,1,80
6273,6644,517,4,3,2,1,32,0,1,100
6274,6645,764,0,0,1,2,47,0,0,80
6275,6646,1086,2,0,2,1,69,2,1,60
6276,6647,1112,0,2,1,0,42,2,1,80
6277,6648,592,2,3,0,3,42,2,3,40
6279,6649,1300,3,0,2,3,51,2,4,100
6280,6650,108,0,0,2,3,35,1,1,80
6281,6651,886,1,0,1,2,41,1,3,40
6282,6652,336,4,1,1,0,54,2,0,100
6283,6653,580,3,2,1,1,53,1,2,60
6284,6654,871,3,0,0,3,55,2,2,80
6285,6655,668,1,0,2,2,18,2,0,100
6286,6656,378,2,3,0,0,66,1,2,60
6287,6657,721,2,1,0,0,23,2,4,100
6288,6658,727,4,1,0,0,64,2,2,80
6290,6659,968,3,3,0,1,36,0,3,80
6291,6660,955,0,0,2,0,32,0,3,100
6292,6661,1290,2,0,2,0,35,0,3,60
6293,6662,144,2,1,2,1,45,2,3,40
6294,6663,1199,1,1,2,1,46,2,0,80
6295,6664,349,3,3,0,1,67,1,3,40
6296,6665,879,1,1,0,1,24,0,2,100
6297,6666,660,2,3,2,1,54,2,1,80
6298,6667,1284,3,3,2,3,39,1,0,100
6299,6668,762,3,0,1,1,38,0,1,80
6301,6669,778,2,1,0,1,58,1,1,80
6302,6670,409,3,2,0,0,48,1,1,40
6303,6671,1360,4,2,1,2,39,1,3,100
6304,6672,1088,3,3,2,0,35,2,3,100
6305,6673,492,1,3,0,1,43,0,4,40
6306,6674,1073,1,3,0,3,68,1,0,60
6307,6675,962,2,0,0,0,34,0,0,60
6308,6676,535,4,0,1,3,64,2,1,40
6309,6677,590,4,2,2,0,49,0,4,40
6310,6678,1014,4,3,0,0,25,2,2,60
6312,6679,315,3,3,0,1,66,1,3,80
6313,6680,1262,1,3,1,3,45,1,1,40
6314,6681,295,1,2,1,1,20,2,4,40
6315,6682,884,1,1,1,3,23,1,0,40
6316,6683,133,2,0,0,1,66,1,4,60
6317,6684,1272,4,1,2,0,68,0,1,80
6318,6685,822,4,2,2,3,19,0,0,60
6319,6686,693,0,1,0,1,26,1,0,100
6320,6687,1013,4,2,2,1,68,0,2,80
6321,6688,147,1,1,2,0,68,1,1,80
6323,6689,241,3,0,0,2,24,0,4,60
6324,6690,1180,2,0,2,3,55,2,4,100
6325,6691,923,3,2,2,0,29,0,3,100
6326,6692,490,3,2,1,3,69,0,3,80
6327,6693,462,0,1,2,3,53,2,0,40
6328,6694,1042,0,3,0,2,38,1,4,60
6329,6695,41,0,0,0,1,24,1,2,60
6330,6696,334,1,1,2,1,67,0,4,80
6331,6697,1115,1,2,2,0,66,2,2,100
6332,6698,701,3,1,0,0,37,2,0,60
6335,6699,368,0,2,2,0,33,0,0,80
6336,6700,1197,0,1,0,1,25,1,2,40
6337,6701,1387,1,0,1,1,28,0,3,40
6338,6702,1042,1,1,2,0,21,1,2,40
6339,6703,1023,4,3,2,2,52,1,3,60
6340,6704,376,4,0,0,0,20,2,0,100
6341,6705,1393,2,2,2,2,32,2,2,80
6342,6706,594,0,0,2,1,31,1,1,80
6343,6707,329,3,1,2,1,36,0,3,80
6344,6708,727,3,3,2,2,43,2,0,40
6346,6709,724,0,2,1,2,68,0,3,40
6347,6710,1253,0,0,0,2,33,2,1,80
6348,6711,637,1,0,2,1,35,1,2,60
6349,6712,376,0,0,1,2,52,0,3,60
6350,6713,843,1,1,0,0,33,2,2,60
6351,6714,680,0,0,0,2,18,0,4,80
6352,6715,1119,2,0,2,0,22,2,2,80
6353,6716,872,1,3,2,0,43,0,3,40
6354,6717,1264,4,2,1,1,20,2,4,60
6355,6718,215,1,1,0,3,20,1,0,100
6357,6719,173,1,2,0,1,24,2,3,40
6358,6720,556,1,0,2,1,53,2,0,60
6359,6721,1188,3,0,2,2,23,1,2,100
6360,6722,1333,1,3,1,3,51,1,3,40
6361,6723,734,0,0,0,2,34,2,3,100
6362,6724,477,2,2,2,2,25,2,2,40
6363,6725,1306,2,3,0,1,63,2,2,40
6364,6726,1280,4,3,2,1,27,2,4,60
6365,6727,916,0,0,1,1,59,0,4,60
6366,6728,922,3,2,2,2,20,2,3,80
6368,6729,865,0,1,2,1,69,0,1,80
6369,6730,778,0,0,2,2,69,1,0,100
6370,6731,13,1,3,2,0,35,1,3,40
6371,6732,1093,2,1,0,3,56,0,2,100
6372,6733,1132,2,3,1,1,67,0,2,80
6373,6734,11,0,3,0,2,55,0,1,80
6374,6735,409,2,1,0,2,26,0,1,100
6375,6736,611,0,1,1,0,54,1,3,80
6376,6737,529,2,0,1,3,29,2,0,60
6377,6738,334,4,1,2,1,32,2,2,40
6379,6739,360,0,3,0,2,43,1,3,60
6380,6740,1277,1,3,2,3,67,1,4,40
6381,6741,524,0,3,0,2,66,2,0,80
6382,6742,1373,3,1,0,3,18,0,0,60
6383,6743,1111,3,3,2,1,28,0,2,80
6384,6744,351,2,1,2,2,21,1,0,60
6385,6745,834,3,0,0,2,55,2,0,100
6386,6746,1300,1,3,1,2,24,0,3,80
6387,6747,440,3,1,0,0,67,0,1,40
6388,6748,356,3,3,1,2,45,1,4,100
6390,6749,297,4,1,2,1,23,1,2,40
6391,6750,952,1,3,1,0,29,0,4,40
6392,6751,817,1,2,2,3,26,2,0,100
6393,6752,988,4,3,2,2,42,1,3,60
6394,6753,118,1,1,2,3,56,1,1,60
6395,6754,896,3,1,2,0,52,1,1,100
6396,6755,128,0,3,1,2,30,2,3,100
6397,6756,298,3,3,0,0,64,1,1,100
6398,6757,461,0,2,2,2,40,0,3,40
6399,6758,10,2,1,1,0,42,2,3,40
6401,6759,511,0,3,0,2,32,1,3,40
6402,6760,1294,0,0,1,3,25,1,4,60
6403,6761,1187,4,0,1,2,32,0,4,40
6404,6762,1006,0,3,1,1,63,1,3,80
6405,6763,679,4,3,2,2,47,0,3,60
6406,6764,996,2,2,2,0,38,2,4,60
6407,6765,139,2,3,0,2,65,0,0,40
6408,6766,363,2,3,2,2,51,1,1,60
6409,6767,261,2,0,1,2,45,0,0,40
6410,6768,85,3,1,0,1,56,2,1,40
6412,6769,1108,0,3,0,2,22,2,2,60
6413,6770,404,0,2,2,3,27,0,3,100
6414,6771,608,0,1,2,1,68,0,3,100
6415,6772,1364,4,3,2,0,30,1,4,40
6416,6773,1115,1,1,0,3,22,2,1,100
6417,6774,599,0,3,2,0,33,0,3,80
6418,6775,1323,2,3,2,2,50,1,2,80
6419,6776,175,2,1,2,2,29,1,1,80
6420,6777,1197,1,2,1,0,39,0,1,100
6421,6778,252,1,2,0,2,59,0,0,80
6423,6779,482,3,1,2,0,60,0,1,100
6424,6780,483,4,0,2,0,63,0,0,80
6425,6781,28,4,3,2,1,19,1,0,60
6426,6782,951,0,3,0,3,35,1,1,100
6427,6783,1153,4,3,0,2,21,2,1,40
6428,6784,840,2,2,2,0,27,2,2,40
6429,6785,226,4,0,2,0,38,2,1,40
6430,6786,332,3,1,0,3,22,0,2,40
6431,6787,1017,1,1,1,3,25,1,2,80
6432,6788,113,2,2,1,2,28,2,1,40
6434,6789,1406,2,0,0,3,27,1,3,80
6435,6790,287,1,0,0,0,60,1,2,40
6436,6791,508,2,1,0,0,51,0,0,60
6437,6792,330,1,3,1,3,50,0,3,80
6438,6793,1287,3,0,0,2,58,2,0,40
6439,6794,1091,2,2,2,0,39,0,3,80
6440,6795,614,3,2,0,3,22,0,4,40
6441,6796,709,4,2,0,3,42,2,2,80
6442,6797,867,3,3,1,1,30,1,2,100
6443,6798,726,4,3,0,2,62,2,4,100
6446,6799,1011,4,1,2,0,52,1,1,100
6447,6800,478,4,0,0,2,18,0,3,40
6448,6801,782,0,2,1,2,21,1,4,80
6449,6802,658,1,0,2,0,20,2,4,40
6450,6803,588,2,0,0,1,47,1,3,60
6451,6804,842,1,3,2,3,66,2,2,60
6452,6805,486,1,2,1,2,67,2,2,100
6453,6806,994,3,3,1,0,62,2,2,40
6454,6807,132,0,3,0,3,42,0,3,100
6455,6808,433,1,0,2,2,57,2,4,100
6457,6809,709,3,3,1,2,28,0,1,60
6458,6810,498,4,2,0,2,64,1,4,80
6459,6811,1070,4,2,2,1,40,1,1,80
6460,6812,442,3,1,2,0,49,1,1,100
6461,6813,744,4,1,0,1,41,1,3,100
6462,6814,774,1,3,2,2,32,0,3,40
6463,6815,206,1,1,1,3,64,0,2,40
6464,6816,1143,3,2,1,2,24,2,1,100
6465,6817,253,4,1,0,2,56,0,0,80
6466,6818,1330,1,3,2,0,54,1,3,60
6468,6819,540,2,1,2,3,54,1,1,80
6469,6820,805,1,3,0,1,69,2,2,80
6470,6821,963,1,2,1,0,36,1,0,100
6471,6822,363,2,1,0,0,24,0,2,40
6472,6823,633,0,1,0,3,24,2,1,80
6473,6824,767,0,2,1,1,25,0,3,60
6474,6825,143,4,1,1,0,19,1,3,40
6475,6826,277,2,3,1,2,31,2,4,60
6476,6827,716,1,2,2,2,69,0,1,40
6477,6828,141,4,3,0,2,59,1,3,40
6479,6829,229,1,2,2,2,29,2,0,80
6480,6830,685,4,3,0,2,31,1,0,60
6481,6831,765,3,0,1,2,56,1,2,40
6482,6832,991,4,2,1,3,52,0,4,80
6483,6833,1285,0,1,2,0,55,0,1,60
6484,6834,166,2,3,1,0,68,2,3,100
6485,6835,21,4,0,0,1,66,2,2,100
6486,6836,90,4,1,1,2,69,2,0,60
6487,6837,759,2,0,1,0,29,2,1,100
6488,6838,226,1,1,2,3,34,0,0,60
6490,6839,1278,1,0,0,0,58,0,1,60
6491,6840,353,3,0,0,3,22,0,1,60
6492,6841,1059,4,3,1,0,41,1,4,100
6493,6842,1401,1,0,0,1,61,1,2,100
6494,6843,358,1,0,0,3,68,0,2,60
6495,6844,591,0,2,2,3,33,1,1,40
6496,6845,147,1,2,0,0,57,0,4,40
6497,6846,507,3,1,2,2,24,0,2,100
6498,6847,481,1,3,0,1,23,1,3,40
6499,6848,1023,1,1,0,1,28,2,4,40
6501,6849,304,1,1,1,0,59,2,1,100
6502,6850,1297,4,1,2,0,37,1,1,60
6503,6851,860,3,0,0,3,47,1,1,40
6504,6852,655,0,0,1,3,43,2,1,100
6505,6853,1298,4,2,0,1,35,0,1,100
6506,6854,969,4,3,2,0,57,0,3,40
6507,6855,1406,4,1,2,0,60,0,2,40
6508,6856,425,2,1,0,3,24,0,2,40
6509,6857,698,2,1,1,1,28,1,1,80
6510,6858,715,0,3,1,3,60,1,1,80
6512,6859,346,1,2,0,3,29,0,1,60
6513,6860,1352,1,3,0,3,59,1,3,100
6514,6861,933,1,3,0,0,35,2,0,80
6515,6862,1133,1,0,2,3,34,1,2,60
6516,6863,1126,1,0,1,1,32,0,3,60
6517,6864,130,0,3,0,3,53,0,2,100
6518,6865,64,0,0,0,0,29,2,3,60
6519,6866,1230,0,0,0,1,58,0,0,100
6520,6867,368,3,1,0,2,60,0,2,100
6521,6868,801,2,0,0,0,51,0,3,40
6523,6869,624,3,2,2,0,55,0,3,60
6524,6870,939,2,1,1,1,49,1,1,80
6525,6871,1059,0,3,1,3,24,0,3,100
6526,6872,1231,1,2,2,2,68,2,1,80
6527,6873,758,3,3,0,0,36,0,0,60
6528,6874,919,2,1,2,2,51,2,2,80
6529,6875,84,1,2,0,3,35,1,4,40
6530,6876,500,1,3,2,2,36,1,3,40
6531,6877,832,1,2,0,0,20,1,1,80
6532,6878,1039,1,1,0,2,23,0,0,100
6534,6879,1065,4,0,2,0,47,2,1,60
6535,6880,863,3,3,2,1,69,1,4,80
6536,6881,1192,1,2,2,0,22,1,2,60
6537,6882,1203,4,1,0,1,42,1,1,100
6538,6883,82,1,1,1,0,25,0,0,80
6539,6884,511,2,3,0,0,30,2,4,40
6540,6885,220,4,3,0,3,21,2,2,80
6541,6886,541,2,2,2,0,48,1,2,100
6542,6887,1102,3,2,0,3,45,1,2,60
6543,6888,847,3,3,1,1,62,0,3,40
6545,6889,1042,2,3,1,2,18,1,3,80
6546,6890,17,3,1,0,2,41,2,3,80
6547,6891,989,3,0,0,0,48,1,2,80
6548,6892,1293,3,0,1,1,40,2,2,100
6549,6893,1253,0,0,1,2,49,1,0,60
6550,6894,290,3,2,1,3,45,2,0,80
6551,6895,240,4,2,0,3,66,1,4,100
6552,6896,903,0,2,0,1,34,0,2,80
6553,6897,140,0,1,2,2,39,1,1,100
6554,6898,932,2,3,2,1,33,0,3,40
6557,6899,636,3,0,2,3,34,0,4,80
6558,6900,253,4,0,0,3,51,1,3,40
6559,6901,672,0,1,2,3,61,1,0,40
6560,6902,193,1,3,0,2,41,1,3,100
6561,6903,649,0,1,2,1,45,1,3,40
6562,6904,1360,4,0,1,2,47,0,4,40
6563,6905,2,1,2,1,0,58,2,3,60
6564,6906,403,4,0,1,2,18,2,0,60
6565,6907,1296,3,0,2,2,21,0,0,40
6566,6908,316,2,3,1,3,50,0,3,80
6568,6909,392,4,0,0,0,39,0,3,100
6569,6910,987,2,2,0,1,21,1,4,40
6570,6911,846,2,0,1,2,53,1,0,100
6571,6912,159,0,0,1,1,41,1,3,80
6572,6913,75,4,2,0,0,69,1,4,40
6573,6914,377,3,3,2,2,41,1,0,40
6574,6915,1288,1,3,1,1,35,1,0,40
6575,6916,137,1,0,0,1,46,0,4,60
6576,6917,1098,4,2,2,3,63,1,3,60
6577,6918,1136,3,3,1,0,23,2,1,100
6579,6919,671,0,3,1,1,28,1,3,40
6580,6920,719,1,2,0,2,66,0,2,40
6581,6921,346,2,3,1,3,43,2,3,100
6582,6922,251,1,0,0,1,47,2,2,80
6583,6923,1159,4,2,2,1,25,1,3,80
6584,6924,1373,1,1,0,2,66,0,3,100
6585,6925,2,3,2,2,3,26,0,0,40
6586,6926,96,0,2,0,1,29,0,0,100
6587,6927,1325,1,2,0,2,56,2,2,80
6588,6928,839,0,2,1,2,40,0,3,80
6590,6929,973,1,1,1,0,33,0,0,80
6591,6930,96,4,3,2,3,21,2,1,100
6592,6931,1268,4,0,0,3,24,1,0,40
6593,6932,1186,0,1,2,2,43,0,2,40
6594,6933,995,4,2,0,0,61,1,0,40
6595,6934,1106,3,0,0,1,43,1,3,40
6596,6935,335,2,3,1,0,46,2,2,60
6597,6936,1273,3,3,0,2,66,1,4,100
6598,6937,140,2,3,1,0,69,1,4,40
6599,6938,120,2,1,1,0,56,0,3,60
6601,6939,191,0,2,2,2,46,1,4,100
6602,6940,1205,2,0,0,0,53,0,2,40
6603,6941,951,3,1,2,3,31,0,4,40
6604,6942,765,4,1,2,0,30,1,4,80
6605,6943,903,4,3,2,1,40,2,1,40
6606,6944,108,1,0,0,0,39,1,2,60
6607,6945,418,2,3,0,3,23,0,4,80
6608,6946,824,4,3,1,0,42,0,1,40
6609,6947,1080,2,3,2,1,30,2,2,60
6610,6948,1096,1,1,2,1,42,0,3,80
6612,6949,419,3,2,1,1,47,0,1,60
6613,6950,1146,0,0,2,3,50,0,2,80
6614,6951,642,3,3,1,1,28,1,3,80
6615,6952,807,0,1,1,0,48,1,1,80
6616,6953,1093,3,0,2,0,49,1,2,60
6617,6954,1283,4,3,2,2,57,0,2,60
6618,6955,546,0,2,0,0,27,1,3,40
6619,6956,693,0,0,0,0,36,0,4,80
6620,6957,545,1,2,1,3,39,1,3,40
6621,6958,161,3,0,0,2,50,2,4,100
6623,6959,260,1,1,2,0,56,1,4,100
6624,6960,728,2,0,2,0,35,2,4,80
6625,6961,1299,4,1,1,1,49,2,1,80
6626,6962,892,4,2,0,2,62,2,2,40
6627,6963,207,1,0,1,1,34,1,3,60
6628,6964,581,0,3,2,1,39,0,1,60
6629,6965,61,2,3,2,3,52,2,2,60
6630,6966,833,3,3,2,0,18,0,4,80
6631,6967,952,3,1,2,2,64,1,3,100
6632,6968,538,4,3,0,0,34,1,4,100
6634,6969,638,0,1,2,0,68,2,2,100
6635,6970,696,3,2,2,2,52,2,4,60
6636,6971,795,4,2,0,0,60,2,2,40
6637,6972,1384,1,0,0,0,68,2,1,80
6638,6973,1367,2,2,1,0,60,1,0,80
6639,6974,1033,3,1,0,0,30,2,2,60
6640,6975,76,1,3,2,2,48,0,4,60
6641,6976,1411,3,0,0,2,27,2,0,100
6642,6977,929,1,0,1,1,19,1,3,40
6643,6978,1098,0,2,1,1,45,0,3,60
6645,6979,575,1,3,2,1,39,1,4,100
6646,6980,1267,4,3,2,2,55,1,4,100
6647,6981,1049,4,2,0,1,29,1,0,100
6648,6982,1422,2,3,0,0,47,2,0,100
6649,6983,873,0,2,2,1,19,0,3,80
6650,6984,1136,1,2,0,2,52,0,4,80
6651,6985,156,2,2,1,3,38,0,2,100
6652,6986,10,2,0,0,2,20,0,2,40
6653,6987,1102,2,0,0,0,54,2,1,60
6654,6988,497,0,2,2,2,31,2,2,40
6656,6989,640,3,0,1,3,32,0,3,80
6657,6990,679,0,1,2,0,32,1,0,80
6658,6991,234,1,0,2,0,37,0,0,100
6659,6992,76,1,2,0,3,48,1,4,60
6660,6993,889,4,1,0,0,40,2,0,60
6661,6994,249,0,3,2,0,21,2,2,40
6662,6995,983,3,0,2,2,58,2,3,40
6663,6996,286,0,1,1,2,54,1,0,80
6664,6997,513,3,3,1,0,47,0,0,60
6665,6998,1173,0,0,2,0,19,0,4,40
6669,6999,386,1,0,2,0,62,1,3,60
6670,7000,532,4,0,2,1,43,1,0,80
6671,7001,1271,2,2,0,0,47,0,3,60
6672,7002,1051,1,2,1,2,66,1,4,40
6673,7003,805,1,2,2,1,53,0,4,100
6674,7004,260,1,2,1,2,23,2,1,60
6675,7005,665,2,3,2,3,36,0,1,60
6676,7006,1102,0,1,1,2,55,2,0,40
6677,7007,687,0,1,0,2,62,2,1,80
6678,7008,445,0,0,0,2,36,0,1,40
6680,7009,999,3,1,2,1,27,0,1,60
6681,7010,1263,0,1,1,0,38,0,0,100
6682,7011,733,4,1,2,1,52,2,0,40
6683,7012,1437,0,3,2,0,44,1,3,100
6684,7013,1364,0,1,2,3,61,0,3,100
6685,7014,1184,1,2,1,1,40,2,2,60
6686,7015,1242,1,1,1,0,33,0,0,60
6687,7016,261,3,2,1,0,44,0,4,40
6688,7017,1119,1,3,2,0,38,1,0,60
6689,7018,157,4,3,2,2,48,2,0,80
6691,7019,80,3,1,0,1,26,0,2,100
6692,7020,437,1,0,1,3,26,1,1,60
6693,7021,863,0,0,2,1,22,0,4,60
6694,7022,263,1,3,2,0,26,2,2,100
6695,7023,214,3,2,0,1,27,0,4,80
6696,7024,1404,1,2,2,1,20,1,3,100
6697,7025,1120,0,1,2,3,48,0,3,60
6698,7026,1382,3,2,2,1,30,0,1,40
6699,7027,671,1,1,2,3,61,2,4,60
6700,7028,606,1,1,2,0,69,2,3,80
6702,7029,934,0,2,0,3,65,1,1,80
6703,7030,325,0,3,2,0,40,2,0,100
6704,7031,343,2,1,2,1,25,2,1,60
6705,7032,693,2,3,0,3,27,2,4,80
6706,7033,165,3,3,2,0,55,2,0,40
6707,7034,1139,1,1,1,2,36,1,0,40
6708,7035,568,0,3,0,2,28,2,2,40
6709,7036,217,1,1,1,2,47,0,4,100
6710,7037,377,4,0,0,3,25,0,4,100
6711,7038,319,3,1,1,0,46,2,3,60
6713,7039,1353,4,3,2,1,30,0,0,100
6714,7040,527,1,2,1,1,25,1,3,60
6715,7041,1007,2,2,0,1,60,1,1,80
6716,7042,294,4,1,1,3,37,0,2,100
6717,7043,1183,0,1,2,3,42,1,3,80
6718,7044,1398,1,2,1,1,58,1,2,80
6719,7045,470,1,3,2,1,52,1,4,80
6720,7046,1198,0,0,2,3,43,1,2,80
6721,7047,1179,0,2,0,2,39,1,1,40
6722,7048,569,0,3,1,0,18,0,4,80
6724,7049,1075,3,1,2,2,47,2,1,40
6725,7050,437,2,2,1,2,64,2,0,40
6726,7051,966,0,0,1,0,62,1,2,80
6727,7052,644,1,3,1,2,42,1,3,80
6728,7053,1307,1,1,2,3,61,2,3,60
6729,7054,1152,1,0,2,3,56,2,1,40
6730,7055,20,2,3,2,3,53,0,0,80
6731,7056,953,1,3,1,3,35,0,0,40
6732,7057,15,1,1,2,1,19,0,3,100
6733,7058,521,4,3,0,0,56,1,4,100
6735,7059,1209,0,2,0,0,40,0,0,60
6736,7060,243,0,2,1,3,20,1,1,60
6737,7061,536,4,0,2,0,29,2,0,80
6738,7062,936,2,2,2,3,49,0,4,100
6739,7063,712,4,0,0,2,60,1,3,80
6740,7064,595,4,2,0,1,48,1,4,80
6741,7065,625,4,3,1,2,22,1,1,40
6742,7066,283,1,1,0,3,39,2,3,60
6743,7067,1069,3,1,0,0,54,1,0,40
6744,7068,767,4,0,1,2,39,2,3,80
6746,7069,1298,2,3,0,0,44,0,0,40
6747,7070,1065,2,0,1,3,51,2,2,60
6748,7071,538,0,3,0,0,20,0,3,100
6749,7072,489,1,1,1,3,37,0,3,100
6750,7073,1096,3,0,0,1,46,0,0,100
6751,7074,547,4,1,2,0,20,0,1,60
6752,7075,868,3,2,2,1,22,1,3,80
6753,7076,802,3,3,1,0,56,1,0,40
6754,7077,1180,4,2,0,2,24,0,2,60
6755,7078,232,1,3,1,3,59,0,4,60
6757,7079,539,0,0,0,3,51,1,1,80
6758,7080,708,2,1,1,2,59,0,2,100
6759,7081,39,3,3,1,1,62,2,0,60
6760,7082,721,0,1,2,0,67,1,1,80
6761,7083,1389,1,1,0,3,21,2,2,80
6762,7084,1242,3,0,2,0,42,1,4,80
6763,7085,84,1,3,2,2,33,2,3,80
6764,7086,1118,1,1,0,1,58,2,1,60
6765,7087,164,0,3,1,1,21,2,1,40
6766,7088,37,1,3,1,2,49,1,1,40
6768,7089,290,1,2,0,0,50,2,4,60
6769,7090,518,2,3,2,2,36,2,3,80
6770,7091,591,3,0,2,1,53,2,0,60
6771,7092,1152,3,3,0,1,29,2,4,80
6772,7093,1244,3,2,1,3,36,0,1,80
6773,7094,1339,4,1,2,1,45,0,4,40
6774,7095,361,1,0,0,2,63,1,1,40
6775,7096,728,0,2,0,0,23,0,0,80
6776,7097,946,0,3,1,1,34,1,2,40
6777,7098,240,4,1,0,0,66,0,2,60
6780,7099,553,4,0,2,0,56,0,3,40
6781,7100,546,0,2,0,2,61,2,4,100
6782,7101,1073,0,1,2,1,61,1,4,40
6783,7102,1427,1,2,0,0,48,0,0,40
6784,7103,643,1,0,0,0,62,1,4,40
6785,7104,1406,4,1,0,1,29,2,0,40
6786,7105,1367,4,3,2,0,35,1,2,40
6787,7106,1323,3,3,1,1,23,2,0,40
6788,7107,71,3,0,0,2,37,1,3,40
6789,7108,259,3,3,2,3,54,0,3,60
6791,7109,1182,4,1,0,0,50,1,3,40
6792,7110,923,2,3,0,1,52,1,1,40
6793,7111,1207,4,2,2,0,40,0,0,60
6794,7112,341,3,2,1,2,69,1,1,80
6795,7113,1006,1,3,1,3,60,2,2,40
6796,7114,899,1,1,1,0,40,1,4,40
6797,7115,1321,3,0,0,3,37,1,1,40
6798,7116,1062,4,0,2,1,45,0,2,80
6799,7117,660,3,2,2,2,52,2,1,100
6800,7118,267,3,3,1,2,49,0,1,40
6802,7119,72,3,2,1,2,40,2,1,60
6803,7120,1328,2,1,1,0,60,2,4,100
6804,7121,1206,4,1,2,2,69,1,2,100
6805,7122,304,0,1,0,3,67,2,0,40
6806,7123,1351,2,0,1,1,42,0,0,100
6807,7124,180,3,0,2,3,67,0,1,40
6808,7125,688,0,2,1,3,53,0,3,60
6809,7126,817,2,3,1,0,55,1,2,80
6810,7127,768,2,1,1,0,25,2,0,40
6811,7128,714,0,1,1,1,59,1,0,40
6813,7129,1045,2,0,0,3,68,2,3,80
6814,7130,1435,4,1,0,1,57,1,3,100
6815,7131,1140,0,2,1,2,55,1,1,60
6816,7132,765,3,2,2,0,18,0,4,40
6817,7133,785,3,0,2,0,45,1,4,40
6818,7134,209,0,1,2,0,37,0,0,40
6819,7135,368,1,3,0,0,42,2,0,80
6820,7136,1410,3,3,0,0,19,0,4,80
6821,7137,851,2,0,1,1,38,2,1,60
6822,7138,1032,0,2,0,2,43,1,0,80
6824,7139,1214,3,3,0,1,69,0,3,80
6825,7140,175,3,1,0,0,52,1,4,100
6826,7141,1317,2,0,2,3,29,1,0,100
6827,7142,593,4,3,0,2,56,1,3,60
6828,7143,267,4,3,1,3,62,2,4,100
6829,7144,1420,3,0,2,3,30,1,3,80
6830,7145,1206,2,3,0,1,36,1,0,100
6831,7146,756,3,2,1,3,60,0,3,100
6832,7147,1110,4,1,1,0,44,1,2,100
6833,7148,488,1,3,0,1,65,0,3,100
6835,7149,523,1,2,2,2,21,2,3,60
6836,7150,1151,0,2,2,2,23,1,1,80
6837,7151,30,0,1,0,3,26,1,2,60
6838,7152,845,4,2,0,1,33,1,0,100
6839,7153,1078,2,3,2,3,51,0,3,60
6840,7154,704,2,2,1,0,63,0,4,80
6841,7155,1205,0,3,2,3,36,1,3,80
6842,7156,356,1,3,0,2,47,0,1,60
6843,7157,586,3,3,1,3,37,0,2,80
6844,7158,1013,3,1,2,1,24,2,2,40
6846,7159,489,0,2,2,2,52,0,4,40
6847,7160,260,1,2,0,1,23,0,3,40
6848,7161,445,2,1,1,0,65,0,4,100
6849,7162,563,0,0,0,3,67,2,2,80
6850,7163,603,3,1,1,2,59,0,2,40
6851,7164,1005,3,1,2,0,27,0,3,80
6852,7165,585,3,2,0,3,19,1,2,40
6853,7166,602,3,2,0,0,24,2,2,40
6854,7167,1039,0,1,0,0,43,2,1,60
6855,7168,1260,2,3,0,3,27,0,0,40
6857,7169,769,1,1,2,3,56,1,1,60
6858,7170,1260,2,1,0,1,21,0,2,60
6859,7171,772,3,1,2,0,39,0,1,80
6860,7172,732,2,0,2,0,41,0,3,100
6861,7173,1367,3,1,2,1,36,1,1,100
6862,7174,490,3,0,2,3,35,2,4,40
6863,7175,1010,0,3,0,0,61,0,3,80
6864,7176,818,3,3,2,2,55,1,2,60
6865,7177,563,4,0,0,1,56,2,1,60
6866,7178,718,2,1,0,2,37,0,3,100
6868,7179,752,4,3,0,3,51,0,1,80
6869,7180,950,1,0,0,3,67,1,2,100
6870,7181,43,2,1,1,2,32,0,2,80
6871,7182,722,2,0,0,1,24,1,1,100
6872,7183,1173,4,1,1,0,37,2,1,100
6873,7184,747,3,2,1,0,50,2,2,40
6874,7185,69,0,3,2,0,27,2,0,40
6875,7186,355,3,3,2,2,26,0,4,80
6876,7187,975,1,3,0,1,45,1,1,80
6877,7188,1093,4,3,0,2,65,1,0,100
6879,7189,124,4,2,2,1,47,0,1,40
6880,7190,363,3,2,2,2,39,1,1,80
6881,7191,1197,4,3,2,2,62,2,4,40
6882,7192,834,4,0,0,2,32,1,1,80
6883,7193,483,4,2,0,3,25,1,4,60
6884,7194,589,3,1,2,2,64,1,3,80
6885,7195,1156,3,0,2,2,66,1,1,80
6886,7196,584,0,0,2,3,38,2,0,100
6887,7197,1098,2,0,2,3,19,2,0,100
6888,7198,896,3,1,1,0,51,0,2,60
6891,7199,58,0,0,0,3,51,1,2,40
6892,7200,359,2,0,0,2,22,2,1,60
6893,7201,350,2,0,0,3,37,0,0,60
6894,7202,1012,2,0,0,0,18,0,0,80
6895,7203,719,1,0,0,1,24,2,4,100
6896,7204,155,4,0,2,1,51,1,3,60
6897,7205,275,3,3,2,2,26,2,4,40
6898,7206,1145,0,1,1,3,22,1,4,100
6899,7207,584,1,2,1,3,31,0,0,100
6900,7208,309,0,2,2,1,37,0,1,40
6902,7209,137,2,0,0,1,57,2,2,60
6903,7210,92,2,3,2,2,41,0,1,100
6904,7211,1249,4,3,1,3,31,0,0,80
6905,7212,929,0,1,0,0,62,0,4,80
6906,7213,571,2,0,0,3,25,1,1,100
6907,7214,1201,3,0,0,1,56,2,4,60
6908,7215,161,1,1,2,1,38,2,3,60
6909,7216,380,4,1,2,0,39,1,1,60
6910,7217,1199,0,1,0,0,21,1,3,40
6911,7218,802,4,0,2,2,18,0,3,60
6913,7219,1300,2,2,2,3,25,2,3,100
6914,7220,831,3,0,2,3,57,0,1,100
6915,7221,1170,3,0,0,2,65,0,1,60
6916,7222,465,1,1,0,1,68,2,1,100
6917,7223,815,4,3,0,2,69,2,0,40
6918,7224,82,1,2,0,0,49,1,0,40
6919,7225,393,1,3,0,3,42,2,3,40
6920,7226,1055,0,3,0,1,56,1,3,60
6921,7227,299,4,3,1,0,32,0,0,80
6922,7228,115,1,3,0,3,67,2,2,40
6924,7229,1164,3,0,0,0,29,2,1,80
6925,7230,437,4,0,0,2,18,1,1,60
6926,7231,516,3,1,1,3,39,2,3,60
6927,7232,1240,3,2,2,1,34,2,0,100
6928,7233,1123,0,1,1,3,64,0,1,100
6929,7234,727,0,2,2,1,54,0,2,100
6930,7235,1284,2,3,0,2,53,2,0,60
6931,7236,540,3,0,1,3,27,0,4,100
6932,7237,1081,2,2,1,0,32,2,2,60
6933,7238,194,3,1,1,2,25,2,0,100
6935,7239,1161,3,0,0,1,19,1,1,100
6936,7240,807,4,1,1,1,31,0,0,40
6937,7241,1260,2,3,1,3,63,1,1,60
6938,7242,497,4,2,1,1,35,2,3,60
6939,7243,199,0,3,2,0,52,0,1,40
6940,7244,986,0,3,1,1,19,0,3,40
6941,7245,315,1,1,0,2,55,2,1,60
6942,7246,713,2,1,0,1,48,2,2,60
6943,7247,118,4,0,1,3,30,2,2,60
6944,7248,695,0,3,1,0,58,0,0,40
6946,7249,182,4,1,2,3,53,0,2,100
6947,7250,820,2,1,2,1,29,1,3,60
6948,7251,683,4,3,1,3,38,1,0,80
6949,7252,992,2,2,1,3,31,2,4,80
6950,7253,357,2,2,2,3,54,2,3,40
6951,7254,175,0,0,1,2,48,1,3,60
6952,7255,60,0,0,2,3,26,0,3,40
6953,7256,1296,4,2,2,2,47,1,0,80
6954,7257,206,4,2,0,1,68,0,3,80
6955,7258,995,2,1,0,1,33,0,4,100
6957,7259,745,0,0,0,2,47,2,4,60
6958,7260,1120,4,2,1,1,64,0,4,100
6959,7261,39,1,2,0,3,31,2,4,40
6960,7262,247,3,2,0,1,50,0,0,60
6961,7263,872,1,1,2,3,42,1,3,40
6962,7264,1072,3,2,0,1,65,1,1,80
6963,7265,1052,1,3,2,0,34,0,0,100
6964,7266,301,3,1,1,3,32,2,0,40
6965,7267,33,4,2,0,3,62,0,1,80
6966,7268,607,2,0,1,3,29,0,2,40
6968,7269,935,3,1,2,2,26,2,3,40
6969,7270,679,0,2,1,3,43,1,3,40
6970,7271,413,4,3,1,3,63,0,0,60
6971,7272,999,3,3,1,1,65,0,2,100
6972,7273,1206,3,3,1,1,27,1,0,100
6973,7274,799,0,2,2,1,46,1,3,100
6974,7275,295,2,0,2,2,46,0,1,80
6975,7276,379,4,1,2,1,45,0,3,100
6976,7277,1024,2,1,1,2,60,2,3,80
6977,7278,330,4,2,1,1,37,0,3,60
6979,7279,869,2,3,1,0,26,0,4,100
6980,7280,929,3,1,0,0,32,1,0,80
6981,7281,703,2,2,0,0,19,0,4,100
6982,7282,73,3,2,0,2,62,2,2,100
6983,7283,1382,2,0,1,2,36,2,0,40
6984,7284,435,4,1,0,1,27,1,0,40
6985,7285,1270,4,2,1,0,46,2,0,100
6986,7286,146,4,1,0,2,66,2,1,80
6987,7287,421,3,0,2,2,53,1,1,40
6988,7288,637,2,0,1,0,67,1,2,40
6990,7289,859,3,0,1,1,51,1,2,60
6991,7290,344,1,2,2,2,31,0,4,40
6992,7291,201,0,3,0,0,39,0,0,60
6993,7292,266,2,1,1,1,20,0,1,100
6994,7293,794,3,1,2,3,61,1,3,40
6995,7294,733,3,3,0,0,64,2,1,40
6996,7295,1429,3,2,0,3,43,1,1,100
6997,7296,542,0,1,1,3,37,1,2,60
6998,7297,598,2,3,0,2,61,0,2,60
6999,7298,228,0,1,0,2,20,1,0,80
7002,7299,473,3,0,1,2,25,1,2,60
7003,7300,545,1,2,0,3,51,1,1,80
7004,7301,297,3,1,0,1,58,1,4,40
7005,7302,305,0,2,1,3,58,0,0,60
7006,7303,366,0,1,0,0,25,1,0,80
7007,7304,433,0,3,0,0,67,0,2,40
7008,7305,1424,3,0,1,0,31,1,4,100
7009,7306,211,1,0,1,0,51,1,2,80
7010,7307,841,1,0,1,3,50,1,2,40
7011,7308,1185,2,3,0,2,60,0,4,40
7013,7309,1140,1,0,2,1,43,2,0,40
7014,7310,251,3,1,0,0,67,2,3,100
7015,7311,1070,0,3,1,0,52,1,2,60
7016,7312,769,1,0,0,2,35,0,1,60
7017,7313,1318,2,3,0,0,32,2,0,80
7018,7314,1109,0,1,1,1,54,1,0,60
7019,7315,602,3,3,0,2,37,2,1,60
7020,7316,1136,3,3,0,0,49,0,4,40
7021,7317,471,4,2,2,3,59,0,4,100
7022,7318,573,2,0,0,0,54,2,2,40
7024,7319,728,4,0,2,3,57,0,3,60
7025,7320,339,4,2,0,3,43,2,0,60
7026,7321,744,1,1,2,0,29,2,3,60
7027,7322,109,3,0,2,3,40,1,2,40
7028,7323,1376,0,2,0,2,32,2,4,60
7029,7324,206,4,1,2,2,34,0,2,100
7030,7325,678,1,3,2,1,37,2,0,80
7031,7326,1435,0,2,0,0,55,0,1,60
7032,7327,1126,0,3,1,2,66,0,4,80
7033,7328,188,2,1,2,0,57,2,1,100
7035,7329,792,3,1,2,2,54,1,0,100
7036,7330,738,3,0,2,2,41,2,2,100
7037,7331,1142,4,1,0,0,32,2,4,40
7038,7332,1407,0,2,0,3,38,0,0,40
7039,7333,1204,2,1,0,0,33,0,0,40
7040,7334,1105,3,3,1,1,33,0,0,80
7041,7335,169,3,0,0,2,59,0,3,100
7042,7336,232,0,1,0,0,38,0,3,80
7043,7337,1428,1,2,0,0,65,0,0,80
7044,7338,912,1,0,0,2,58,0,1,60
7046,7339,532,1,1,2,0,54,0,4,40
7047,7340,60,4,0,2,1,59,2,1,80
7048,7341,824,4,3,0,1,59,0,4,80
7049,7342,142,2,0,1,3,20,0,4,60
7050,7343,1084,3,2,1,3,61,2,3,80
7051,7344,497,3,1,1,0,21,1,0,100
7052,7345,1435,0,1,1,0,26,2,2,80
7053,7346,542,4,0,0,2,38,2,0,40
7054,7347,1237,2,0,0,3,62,0,0,40
7055,7348,919,3,3,0,2,33,0,4,40
7057,7349,513,1,2,2,1,26,0,0,60
7058,7350,597,4,0,2,1,27,0,4,100
7059,7351,262,1,0,1,0,59,2,4,80
7060,7352,1410,4,1,0,2,27,0,4,60
7061,7353,737,3,3,2,1,54,2,3,40
7062,7354,1214,1,1,2,2,29,1,3,80
7063,7355,588,2,3,2,3,66,1,3,100
7064,7356,1229,2,2,2,2,67,0,4,100
7065,7357,774,2,0,1,1,58,0,4,80
7066,7358,791,4,2,1,2,33,1,3,60
7068,7359,1304,0,0,0,2,68,2,2,80
7069,7360,1181,0,3,1,2,31,0,4,60
7070,7361,683,2,2,0,2,34,1,4,80
7071,7362,1143,3,1,0,1,49,2,1,80
7072,7363,65,2,3,2,1,64,0,2,60
7073,7364,254,0,1,1,1,53,0,4,60
7074,7365,115,2,1,2,1,69,2,1,100
7075,7366,843,4,2,0,0,29,1,3,60
7076,7367,1082,0,1,2,0,36,0,1,40
7077,7368,1313,3,1,0,2,31,2,2,60
7079,7369,373,4,2,2,3,50,2,2,100
7080,7370,1016,4,0,0,1,56,2,0,100
7081,7371,1228,1,1,2,0,36,2,4,60
7082,7372,1243,4,2,2,2,34,0,2,100
7083,7373,1012,1,2,1,1,23,0,0,100
7084,7374,1271,2,2,0,0,69,0,3,60
7085,7375,1129,2,3,2,3,51,1,1,40
7086,7376,1235,2,3,0,3,24,1,1,40
7087,7377,782,2,2,1,3,33,0,1,40
7088,7378,1099,4,0,0,2,59,0,2,100
7090,7379,698,1,3,1,0,58,0,3,60
7091,7380,402,2,2,1,3,38,0,0,60
7092,7381,931,1,3,0,1,19,1,2,60
7093,7382,967,3,0,1,0,23,0,4,60
7094,7383,1129,0,2,0,2,18,1,0,60
7095,7384,520,1,3,1,0,44,2,3,40
7096,7385,748,2,0,0,2,61,2,4,100
7097,7386,580,2,2,0,3,67,0,0,40
7098,7387,1000,1,0,1,2,37,0,3,60
7099,7388,1218,3,2,1,0,48,1,2,60
7101,7389,1282,1,2,0,0,59,0,2,60
7102,7390,866,1,1,2,2,22,2,1,100
7103,7391,1351,0,0,1,3,22,1,2,40
7104,7392,220,3,0,1,2,40,1,1,80
7105,7393,1073,0,3,2,1,60,0,0,60
7106,7394,1214,3,3,0,1,61,1,2,80
7107,7395,1437,3,0,1,2,49,0,2,80
7108,7396,490,1,1,2,0,39,2,0,100
7109,7397,1146,2,0,0,0,61,2,1,80
7110,7398,1055,4,3,2,1,31,1,3,40
7113,7399,83,3,0,2,0,64,1,0,100
7114,7400,486,4,3,1,2,62,2,1,100
7115,7401,1105,0,3,2,3,18,0,0,100
7116,7402,108,2,2,2,3,19,1,0,80
7117,7403,586,3,1,2,3,18,0,4,100
7118,7404,455,0,1,0,2,24,0,1,100
7119,7405,425,3,0,2,2,50,0,4,100
7120,7406,422,2,1,2,1,52,0,1,80
7121,7407,1249,1,1,0,0,69,1,1,60
7122,7408,320,3,1,0,3,42,2,2,60
7124,7409,1165,2,1,0,1,45,1,0,80
7125,7410,159,0,1,1,2,53,1,2,80
7126,7411,23,1,0,2,1,50,0,4,40
7127,7412,1119,0,1,2,3,64,1,3,100
7128,7413,38,1,0,2,3,28,0,2,80
7129,7414,733,1,2,0,3,62,1,3,100
7130,7415,1176,1,1,0,1,20,0,2,80
7131,7416,472,0,3,2,1,19,1,0,40
7132,7417,1070,0,0,0,0,23,0,1,100
7133,7418,417,1,3,2,1,38,0,0,100
7135,7419,1001,4,1,2,0,45,0,0,60
7136,7420,507,2,3,2,3,42,0,2,100
7137,7421,829,1,3,1,2,43,2,3,80
7138,7422,740,1,1,1,2,24,0,0,100
7139,7423,428,4,0,1,3,68,0,0,60
7140,7424,952,4,3,1,2,28,2,1,80
7141,7425,454,0,1,1,3,38,1,4,40
7142,7426,861,0,2,1,2,49,0,1,100
7143,7427,82,3,0,2,2,34,2,0,100
7144,7428,1021,1,0,0,3,65,0,3,100
7146,7429,474,2,1,2,2,68,2,3,60
7147,7430,147,3,1,1,1,35,2,0,100
7148,7431,1415,0,0,2,0,34,1,0,80
7149,7432,687,2,0,2,2,63,1,3,100
7150,7433,580,0,1,1,0,53,2,1,60
7151,7434,417,0,2,1,3,34,1,4,40
7152,7435,1140,2,1,2,0,23,0,2,60
7153,7436,1433,0,3,0,0,28,0,2,80
7154,7437,888,4,2,0,2,37,1,3,60
7155,7438,355,4,2,0,0,67,0,3,80
7157,7439,206,1,3,2,3,45,2,1,80
7158,7440,174,1,1,1,3,58,2,1,60
7159,7441,269,1,0,2,1,21,1,0,60
7160,7442,1412,2,1,1,1,54,0,4,80
7161,7443,1395,4,3,2,1,60,0,4,60
7162,7444,572,4,2,1,1,32,2,0,80
7163,7445,538,1,3,2,1,61,0,4,60
7164,7446,1098,0,1,2,3,33,1,1,40
7165,7447,1142,3,2,2,1,27,0,0,80
7166,7448,502,0,2,0,2,42,1,4,60
7168,7449,437,0,0,0,0,46,2,3,60
7169,7450,637,0,3,0,0,64,0,0,60
7170,7451,114,4,0,0,2,30,2,1,60
7171,7452,507,1,1,1,0,22,2,1,60
7172,7453,660,3,1,2,1,53,0,0,40
7173,7454,1304,3,2,2,2,56,1,2,100
7174,7455,133,0,3,2,2,34,1,4,60
7175,7456,761,0,1,2,1,58,0,4,80
7176,7457,242,0,3,1,1,36,2,3,80
7177,7458,1062,4,3,2,2,44,1,4,80
7179,7459,1408,3,0,2,0,53,1,4,60
7180,7460,521,4,2,0,2,56,1,1,40
7181,7461,1262,3,3,1,1,55,2,4,80
7182,7462,562,1,0,1,3,56,1,0,100
7183,7463,877,3,0,2,2,27,1,2,100
7184,7464,326,4,2,1,1,60,2,2,80
7185,7465,93,1,2,2,2,29,1,4,40
7186,7466,436,3,0,1,3,49,2,0,100
7187,7467,944,3,3,0,2,41,1,4,40
7188,7468,1147,4,3,2,1,58,0,1,80
7190,7469,1424,4,1,1,0,49,0,4,40
7191,7470,482,2,0,2,2,20,1,1,60
7192,7471,635,1,3,1,1,32,2,3,40
7193,7472,840,3,2,2,2,25,0,4,40
7194,7473,1057,0,1,0,2,33,0,3,100
7195,7474,374,4,0,1,0,25,0,3,60
7196,7475,516,4,2,2,2,37,1,2,80
7197,7476,349,4,1,2,3,21,1,3,40
7198,7477,89,1,3,0,3,27,0,3,60
7199,7478,948,3,1,0,1,57,2,3,80
7201,7479,957,3,0,1,3,65,0,0,100
7202,7480,262,2,1,2,2,68,2,2,40
7203,7481,464,4,2,2,0,35,2,2,100
7204,7482,709,1,1,2,0,27,2,0,80
7205,7483,56,4,1,0,0,44,2,2,40
7206,7484,2,2,2,1,2,35,1,2,100
7207,7485,980,4,0,1,3,64,2,4,40
7208,7486,833,0,3,1,2,26,2,0,40
7209,7487,1267,2,1,1,0,22,2,1,40
7210,7488,113,2,2,2,2,23,1,1,60
7212,7489,1021,2,3,1,1,63,2,2,80
7213,7490,983,0,2,1,0,51,2,3,100
7214,7491,981,1,1,0,0,65,0,4,60
7215,7492,938,4,0,2,2,61,2,1,80
7216,7493,380,3,1,1,3,34,0,0,60
7217,7494,1043,3,0,1,2,57,0,0,100
7218,7495,88,4,2,0,0,44,0,2,100
7219,7496,1363,0,1,2,3,24,2,1,40
7220,7497,1215,4,3,1,3,33,0,4,40
7221,7498,897,3,0,0,0,54,1,0,100
7224,7499,559,0,3,0,3,20,0,2,100
7225,7500,619,0,2,2,0,40,0,3,40
7226,7501,998,0,1,1,3,36,1,0,60
7227,7502,243,3,2,2,0,42,0,3,40
7228,7503,1245,2,0,0,1,53,0,1,100
7229,7504,102,0,1,2,1,59,1,2,40
7230,7505,1213,4,2,1,2,54,2,4,80
7231,7506,1022,4,1,0,2,46,0,1,80
7232,7507,1091,4,0,0,1,47,0,4,100
7233,7508,176,1,3,0,0,39,2,2,100
7235,7509,1160,3,2,0,1,30,0,3,60
7236,7510,1222,4,1,0,1,24,2,3,80
7237,7511,1380,0,0,2,0,45,1,0,100
7238,7512,447,4,3,1,3,64,1,4,60
7239,7513,140,4,2,1,1,44,2,3,40
7240,7514,901,2,2,0,3,38,0,3,100
7241,7515,1094,3,1,2,1,64,2,2,80
7242,7516,735,1,0,0,1,60,0,4,100
7243,7517,95,4,0,1,1,61,0,3,60
7244,7518,455,2,2,2,2,45,2,1,60
7246,7519,799,2,2,0,3,62,2,1,60
7247,7520,875,1,1,2,0,57,0,0,40
7248,7521,656,0,2,2,3,19,2,2,80
7249,7522,986,2,2,1,1,46,0,1,40
7250,7523,975,1,2,1,1,26,0,1,60
7251,7524,796,3,2,2,0,40,1,0,40
7252,7525,1281,1,2,1,3,53,2,0,100
7253,7526,914,3,2,0,2,46,0,4,100
7254,7527,1272,3,0,2,3,25,2,4,100
7255,7528,1369,0,1,0,1,39,2,1,100
7257,7529,380,4,2,0,1,53,2,0,60
7258,7530,468,2,0,2,2,36,0,1,100
7259,7531,35,1,1,1,2,34,0,2,80
7260,7532,49,0,3,1,0,22,2,0,80
7261,7533,112,1,0,0,1,28,0,3,60
7262,7534,46,0,2,0,2,23,1,3,40
7263,7535,1023,4,3,0,0,34,0,0,100
7264,7536,106,2,3,1,1,24,1,0,100
7265,7537,492,4,3,1,1,63,1,3,40
7266,7538,134,1,1,1,3,69,0,2,100
7268,7539,618,0,3,0,1,54,2,1,40
7269,7540,13,2,3,1,1,56,1,4,40
7270,7541,1392,2,0,1,2,30,1,4,40
7271,7542,991,1,2,1,2,66,2,2,80
7272,7543,336,0,0,1,1,67,0,2,100
7273,7544,272,0,0,2,0,36,1,4,80
7274,7545,105,0,0,1,0,29,2,0,100
7275,7546,1055,2,1,2,0,23,2,3,100
7276,7547,384,0,2,0,2,43,2,0,100
7277,7548,4,2,1,2,0,38,2,0,100
7279,7549,605,0,1,1,1,19,1,3,80
7280,7550,197,3,0,1,3,34,1,4,40
7281,7551,1223,3,1,0,1,64,0,4,60
7282,7552,23,0,1,2,1,47,1,3,60
7283,7553,696,3,0,1,3,48,1,0,40
7284,7554,85,1,2,1,3,40,2,4,80
7285,7555,459,2,0,2,3,56,1,4,100
7286,7556,697,3,0,0,1,56,0,2,40
7287,7557,883,1,1,0,3,32,1,2,60
7288,7558,50,2,1,0,1,55,2,2,60
7290,7559,64,0,1,1,1,65,0,3,40
7291,7560,1386,1,1,2,0,61,2,3,100
7292,7561,1187,1,0,1,1,51,0,4,60
7293,7562,679,2,2,1,2,65,0,1,60
7294,7563,682,3,1,1,2,26,2,3,80
7295,7564,530,4,0,0,3,66,2,1,100
7296,7565,806,4,1,0,3,50,1,1,60
7297,7566,692,2,3,0,3,67,2,1,60
7298,7567,1308,3,3,0,0,46,1,1,60
7299,7568,713,4,1,1,3,55,2,2,100
7301,7569,711,3,3,2,0,64,2,3,40
7302,7570,1333,2,1,2,1,33,1,2,60
7303,7571,771,2,0,1,3,46,2,3,100
7304,7572,115,4,2,2,0,33,1,2,60
7305,7573,1146,1,3,1,1,18,1,1,60
7306,7574,131,4,0,1,0,31,0,2,40
7307,7575,456,3,3,1,1,48,2,0,100
7308,7576,332,2,0,0,2,62,2,4,40
7309,7577,47,2,0,1,1,36,0,3,80
7310,7578,1048,2,1,0,3,35,2,4,100
7312,7579,488,0,2,2,3,51,1,2,40
7313,7580,567,2,1,0,1,43,0,0,100
7314,7581,678,0,2,2,1,62,1,1,80
7315,7582,847,1,1,1,0,60,0,3,80
7316,7583,1292,0,3,1,2,67,2,3,60
7317,7584,1377,0,3,0,1,67,2,3,60
7318,7585,1074,4,2,1,1,59,0,3,100
7319,7586,975,4,3,2,0,33,0,0,80
7320,7587,153,2,3,1,1,27,0,2,60
7321,7588,538,1,3,2,0,46,1,2,60
7323,7589,1136,0,2,2,2,28,2,4,60
7324,7590,1291,0,2,2,0,22,0,0,40
7325,7591,122,2,0,0,0,59,0,0,60
7326,7592,1293,4,0,0,3,28,1,2,100
7327,7593,64,0,3,2,0,60,0,0,80
7328,7594,223,2,2,0,2,28,0,1,100
7329,7595,1411,1,0,1,1,60,0,1,60
7330,7596,368,4,2,2,0,52,2,1,80
7331,7597,915,2,1,0,1,30,0,3,60
7332,7598,65,4,2,0,0,26,0,4,80
7335,7599,540,4,0,2,1,60,0,1,60
7336,7600,47,2,0,0,2,56,1,3,40
7337,7601,199,2,2,0,0,53,1,4,100
7338,7602,1116,0,0,2,1,49,1,1,40
7339,7603,219,0,1,1,3,61,1,4,100
7340,7604,810,3,2,2,2,56,0,4,40
7341,7605,335,1,2,1,1,66,1,0,40
7342,7606,476,1,0,0,3,23,1,4,100
7343,7607,433,2,0,2,2,56,2,3,100
7344,7608,160,2,0,2,0,24,0,3,100
7346,7609,751,0,1,1,0,41,1,2,60
7347,7610,912,2,2,2,0,19,2,1,40
7348,7611,828,1,1,2,0,61,2,4,80
7349,7612,1044,4,3,1,0,61,1,2,40
7350,7613,726,0,2,0,0,33,2,4,100
7351,7614,1331,3,1,1,0,21,0,3,100
7352,7615,412,2,1,0,2,29,1,3,100
7353,7616,602,3,3,0,2,26,2,4,80
7354,7617,12,2,2,2,2,60,1,3,40
7355,7618,308,4,1,2,2,28,0,1,80
7357,7619,343,3,2,1,1,23,1,3,100
7358,7620,284,1,3,1,3,51,2,4,80
7359,7621,631,4,3,1,3,67,0,1,100
7360,7622,1022,0,3,1,1,24,1,1,40
7361,7623,910,4,1,2,1,35,2,2,60
7362,7624,560,0,1,0,2,62,1,1,100
7363,7625,1388,4,1,1,2,26,2,3,100
7364,7626,1102,3,1,1,0,33,2,1,40
7365,7627,322,2,1,1,1,58,2,3,40
7366,7628,447,1,2,1,0,32,0,3,100
7368,7629,767,4,1,1,0,66,0,1,100
7369,7630,850,4,3,0,2,53,2,3,60
7370,7631,939,3,1,0,2,40,2,1,40
7371,7632,135,1,0,0,3,25,1,0,100
7372,7633,1371,2,2,0,0,22,2,1,60
7373,7634,423,3,1,1,1,32,1,3,40
7374,7635,297,1,1,1,3,38,1,1,40
7375,7636,910,4,1,1,3,22,0,2,80
7376,7637,395,0,1,2,0,25,0,2,40
7377,7638,342,0,0,0,0,30,0,2,40
7379,7639,108,1,1,2,1,52,2,4,60
7380,7640,546,0,0,0,0,33,2,2,60
7381,7641,414,3,1,2,0,33,0,0,40
7382,7642,507,0,3,1,2,47,2,2,80
7383,7643,422,0,3,2,2,63,1,0,80
7384,7644,203,1,0,2,0,40,1,4,100
7385,7645,68,3,0,1,1,20,2,3,40
7386,7646,512,1,0,1,1,44,2,4,40
7387,7647,1278,0,3,0,1,65,2,4,40
7388,7648,1224,1,0,0,0,29,2,2,60
7390,7649,581,2,0,0,2,41,0,1,40
7391,7650,1124,4,2,0,0,26,2,2,80
7392,7651,564,3,1,1,2,19,2,3,80
7393,7652,835,4,0,1,3,19,0,2,80
7394,7653,213,1,0,2,3,46,0,1,80
7395,7654,311,3,2,1,0,51,1,0,40
7396,7655,794,3,0,1,3,66,1,3,80
7397,7656,14,1,3,2,2,41,2,2,100
7398,7657,306,0,1,0,1,58,0,4,100
7399,7658,264,3,3,0,1,48,2,1,80
7401,7659,1423,3,0,1,1,24,2,2,60
7402,7660,878,4,0,0,3,65,0,4,100
7403,7661,1175,3,0,0,2,41,2,1,80
7404,7662,1035,0,1,1,2,31,2,2,80
7405,7663,333,1,2,1,1,26,2,2,100
7406,7664,1078,2,2,0,0,43,0,2,80
7407,7665,558,3,3,1,3,59,1,3,40
7408,7666,932,4,2,0,1,55,1,4,100
7409,7667,1357,3,0,0,2,29,0,3,80
7410,7668,123,4,1,2,2,33,0,4,80
7412,7669,6,2,3,1,0,40,1,2,60
7413,7670,569,4,1,2,1,32,1,0,60
7414,7671,1111,3,3,2,2,33,0,3,100
7415,7672,463,0,3,0,2,57,2,1,60
7416,7673,375,0,3,1,0,35,1,2,80
7417,7674,240,4,1,2,0,41,2,1,60
7418,7675,949,0,1,0,1,21,1,3,60
7419,7676,1347,4,2,1,1,53,1,4,80
7420,7677,198,1,1,0,0,49,0,2,40
7421,7678,1342,3,3,1,3,48,2,4,100
7423,7679,132,2,3,1,1,33,1,1,40
7424,7680,391,2,2,0,0,51,2,2,40
7425,7681,1001,4,1,2,0,46,1,1,100
7426,7682,1251,1,3,1,2,65,0,1,40
7427,7683,965,2,3,1,3,52,0,3,100
7428,7684,341,3,1,1,3,23,2,1,60
7429,7685,286,1,2,0,1,50,0,2,40
7430,7686,6,1,2,0,0,63,2,0,80
7431,7687,940,1,3,1,0,46,2,1,40
7432,7688,559,3,0,2,3,34,2,3,80
7434,7689,791,1,3,1,0,24,2,1,100
7435,7690,704,4,2,0,0,27,1,2,80
7436,7691,1046,1,2,0,2,38,0,4,100
7437,7692,895,4,0,0,2,61,0,4,40
7438,7693,1408,1,0,0,1,50,1,4,40
7439,7694,832,4,0,0,2,62,2,0,60
7440,7695,853,1,1,2,1,68,1,4,100
7441,7696,810,3,3,0,1,20,0,0,80
7442,7697,1403,3,1,1,0,59,0,0,100
7443,7698,1153,0,2,1,0,66,1,3,100
7446,7699,1228,1,1,2,1,30,2,2,60
7447,7700,1405,0,0,2,2,19,0,2,80
7448,7701,1057,1,0,2,2,68,1,0,40
7449,7702,1302,2,2,0,0,61,1,2,100
7450,7703,154,0,2,1,1,58,2,0,80
7451,7704,1084,4,2,0,1,67,2,1,40
7452,7705,93,3,2,2,1,57,2,4,60
7453,7706,798,3,1,0,2,53,0,1,100
7454,7707,446,0,1,2,2,26,2,3,40
7455,7708,786,0,0,1,0,29,1,1,80
7457,7709,763,0,1,0,2,67,1,0,40
7458,7710,994,0,3,1,3,65,2,0,80
7459,7711,663,1,3,2,0,63,1,2,60
7460,7712,917,3,1,0,3,29,2,0,100
7461,7713,693,3,0,2,2,37,1,0,60
7462,7714,1208,2,0,2,2,31,2,4,80
7463,7715,1098,3,2,0,3,68,1,2,60
7464,7716,198,3,2,2,0,31,1,0,100
7465,7717,992,2,1,1,1,37,0,2,60
7466,7718,521,2,0,1,0,63,2,1,40
7468,7719,1313,4,2,2,1,36,0,2,60
7469,7720,551,0,0,0,2,54,1,1,80
7470,7721,599,1,1,2,2,53,1,4,60
7471,7722,1412,1,3,1,0,44,1,1,80
7472,7723,412,4,0,2,3,41,2,3,80
7473,7724,1274,4,2,2,1,68,2,1,40
7474,7725,1323,0,2,0,0,66,1,0,40
7475,7726,1408,4,0,1,2,34,1,3,40
7476,7727,273,2,1,2,3,22,1,1,80
7477,7728,10,0,3,2,0,36,2,2,40
7479,7729,414,4,3,1,3,47,0,4,60
7480,7730,493,1,1,1,3,40,1,1,60
7481,7731,1298,3,1,2,2,48,2,4,100
7482,7732,336,3,0,0,1,60,0,3,40
7483,7733,572,0,3,2,3,34,1,0,40
7484,7734,1228,4,0,1,3,63,1,1,60
7485,7735,837,0,0,2,1,28,0,2,60
7486,7736,1007,0,0,0,0,62,0,3,40
7487,7737,976,0,1,2,0,18,2,3,100
7488,7738,181,4,3,2,3,54,2,1,100
7490,7739,1053,1,0,0,0,46,1,4,60
7491,7740,1079,4,2,1,0,56,0,3,60
7492,7741,678,0,0,2,3,46,2,1,60
7493,7742,1340,4,0,2,2,50,0,2,60
7494,7743,1173,2,1,2,2,21,0,4,80
7495,7744,926,1,2,0,3,29,2,2,40
7496,7745,602,0,0,0,1,37,2,0,60
7497,7746,175,0,3,2,1,28,2,3,100
7498,7747,822,0,1,2,0,44,0,2,100
7499,7748,299,3,2,0,2,24,1,2,40
7501,7749,1378,3,2,0,3,53,1,3,80
7502,7750,190,1,3,0,1,22,2,2,60
7503,7751,48,4,2,1,1,60,2,2,100
7504,7752,667,0,2,1,2,37,1,1,100
7505,7753,1073,3,0,0,1,35,1,0,100
7506,7754,574,1,3,0,2,64,0,0,80
7507,7755,1047,3,3,2,2,40,0,4,80
7508,7756,1321,2,3,0,2,44,2,0,80
7509,7757,699,3,0,0,3,51,2,0,60
7510,7758,185,4,2,2,2,22,0,1,100
7512,7759,1081,4,3,2,3,58,1,3,40
7513,7760,1014,4,3,1,0,66,1,1,40
7514,7761,67,3,1,1,3,21,1,0,100
7515,7762,698,1,2,0,2,18,1,2,40
7516,7763,424,3,1,1,0,53,2,4,60
7517,7764,1397,3,1,1,1,55,2,1,80
7518,7765,195,3,2,0,2,29,0,4,100
7519,7766,413,1,3,2,2,46,0,2,100
7520,7767,227,0,0,1,3,66,1,0,60
7521,7768,624,0,3,1,0,55,2,1,80
7523,7769,284,2,2,2,0,43,0,2,100
7524,7770,60,3,1,1,2,26,0,0,40
7525,7771,730,4,2,1,1,50,1,4,40
7526,7772,1255,0,1,2,1,52,0,2,80
7527,7773,1234,3,1,0,2,30,2,4,40
7528,7774,7,1,1,1,3,35,1,2,80
7529,7775,322,4,0,2,2,31,2,0,100
7530,7776,1377,2,1,1,1,69,0,3,60
7531,7777,341,2,0,2,0,22,1,1,100
7532,7778,1028,4,3,0,2,38,2,0,60
7534,7779,1305,3,3,1,1,45,1,3,60
7535,7780,616,1,1,1,0,45,2,3,80
7536,7781,808,2,3,2,1,32,0,3,60
7537,7782,835,4,3,2,3,31,2,2,80
7538,7783,1020,3,0,0,3,23,0,1,60
7539,7784,313,3,2,1,1,25,2,2,60
7540,7785,1207,1,0,2,3,49,1,0,100
7541,7786,1381,1,0,0,1,45,0,0,40
7542,7787,1286,0,2,0,2,18,1,4,60
7543,7788,139,4,2,1,3,51,1,1,80
7545,7789,594,2,2,0,3,33,0,2,40
7546,7790,238,4,0,1,1,30,0,4,80
7547,7791,1278,1,1,2,1,50,1,2,80
7548,7792,875,2,1,0,2,36,2,2,100
7549,7793,583,2,1,1,3,21,0,1,80
7550,7794,1179,2,3,2,1,59,0,1,100
7551,7795,528,0,1,0,3,63,2,0,40
7552,7796,685,2,2,1,0,47,1,4,60
7553,7797,448,0,3,0,0,34,0,2,60
7554,7798,437,2,3,2,0,55,1,0,60
7557,7799,1349,0,3,2,0,20,2,4,100
7558,7800,313,0,2,1,1,52,2,4,80
7559,7801,474,1,1,0,1,50,2,2,100
7560,7802,558,3,3,0,2,33,2,3,40
7561,7803,735,3,0,1,0,19,1,1,80
7562,7804,61,0,2,1,1,35,2,4,60
7563,7805,279,2,1,0,0,58,1,2,40
7564,7806,301,4,3,0,0,42,1,3,60
7565,7807,823,3,1,1,1,69,0,2,40
7566,7808,663,3,3,0,1,38,2,4,80
7568,7809,545,4,0,0,0,45,1,0,100
7569,7810,650,1,2,2,2,24,2,2,60
7570,7811,107,2,2,2,1,44,2,4,100
7571,7812,814,4,1,0,0,20,1,4,100
7572,7813,452,0,3,0,3,26,0,2,100
7573,7814,727,0,2,2,1,55,2,1,60
7574,7815,463,0,1,0,1,25,1,2,40
7575,7816,688,2,2,1,0,28,1,3,80
7576,7817,15,3,0,2,3,38,0,2,80
7577,7818,286,4,2,0,0,35,2,4,60
7579,7819,869,3,0,1,0,54,2,1,40
7580,7820,832,0,1,0,2,40,1,0,100
7581,7821,767,3,1,0,0,36,2,3,80
7582,7822,203,2,3,2,2,49,2,3,60
7583,7823,687,0,0,2,0,69,0,0,40
7584,7824,688,0,3,1,3,42,2,4,60
7585,7825,1188,2,3,2,2,55,2,3,100
7586,7826,646,0,3,1,1,64,0,3,80
7587,7827,556,1,1,1,3,45,0,0,40
7588,7828,753,1,0,1,1,36,2,1,40
7590,7829,373,4,0,1,1,31,1,0,100
7591,7830,371,1,0,0,0,62,2,1,100
7592,7831,931,0,0,0,3,48,0,3,80
7593,7832,748,4,2,2,0,50,1,2,40
7594,7833,807,0,2,1,3,28,2,4,100
7595,7834,1359,2,0,1,3,55,2,3,60
7596,7835,626,0,1,0,3,30,1,4,80
7597,7836,886,0,3,1,2,54,2,0,40
7598,7837,418,0,1,1,3,50,1,1,80
7599,7838,1176,0,0,1,1,21,0,0,40
7601,7839,1115,2,3,2,3,18,2,3,100
7602,7840,135,3,3,2,2,18,2,2,80
7603,7841,966,2,3,1,2,20,0,2,80
7604,7842,652,2,1,1,0,30,2,2,60
7605,7843,91,1,1,1,1,53,1,1,60
7606,7844,430,1,0,0,0,62,0,3,80
7607,7845,552,2,0,1,2,38,2,2,80
7608,7846,1250,0,3,1,0,33,0,3,40
7609,7847,1157,1,2,2,1,56,2,3,100
7610,7848,233,3,2,2,3,35,1,3,80
7612,7849,592,0,1,1,1,69,0,4,80
7613,7850,388,0,0,2,2,56,2,3,60
7614,7851,561,2,2,0,2,27,1,3,100
7615,7852,776,4,2,2,0,19,0,3,80
7616,7853,1323,2,0,2,2,40,0,1,60
7617,7854,22,4,3,0,0,62,0,4,40
7618,7855,1070,3,1,0,2,50,1,1,40
7619,7856,487,1,0,2,3,21,2,0,80
7620,7857,919,3,1,2,0,42,1,2,100
7621,7858,257,3,3,0,1,56,2,2,60
7623,7859,1340,3,3,2,2,56,0,0,100
7624,7860,959,3,2,1,3,36,2,3,100
7625,7861,984,4,3,0,0,57,1,0,60
7626,7862,1107,3,3,1,1,43,0,0,60
7627,7863,589,3,3,2,1,68,0,1,40
7628,7864,598,4,1,1,1,26,2,4,80
7629,7865,593,3,1,2,1,21,2,1,40
7630,7866,399,4,3,2,1,38,0,4,60
7631,7867,371,4,3,0,0,19,1,4,40
7632,7868,1308,1,1,0,1,18,0,3,80
7634,7869,790,4,3,0,3,53,1,3,100
7635,7870,376,3,3,0,1,49,0,0,80
7636,7871,132,4,2,0,1,33,0,4,100
7637,7872,684,4,0,0,2,38,1,1,100
7638,7873,1320,2,2,2,2,68,2,2,80
7639,7874,913,3,2,2,3,54,1,0,60
7640,7875,657,0,2,2,2,60,1,0,100
7641,7876,968,0,3,1,1,31,1,0,80
7642,7877,1099,0,2,0,1,57,1,4,60
7643,7878,747,2,1,0,0,30,2,4,100
7645,7879,657,0,1,1,1,40,0,0,60
7646,7880,514,0,0,0,0,52,0,2,100
7647,7881,1375,2,2,1,1,35,2,4,100
7648,7882,536,4,3,0,2,48,1,4,80
7649,7883,1021,1,1,2,2,39,0,3,60
7650,7884,119,0,0,1,2,38,0,3,80
7651,7885,490,3,0,0,3,52,0,2,40
7652,7886,238,2,1,2,2,61,0,0,80
7653,7887,985,0,2,2,2,36,1,3,80
7654,7888,1290,2,1,0,0,61,2,1,80
7656,7889,271,3,3,0,2,47,2,4,60
7657,7890,755,3,3,0,2,61,2,3,80
7658,7891,927,4,1,0,3,42,1,0,40
7659,7892,525,2,3,0,3,33,1,0,80
7660,7893,421,1,3,0,3,53,2,2,80
7661,7894,197,1,3,2,3,65,1,0,60
7662,7895,86,0,2,1,3,55,2,4,40
7663,7896,233,4,0,0,2,28,2,4,60
7664,7897,1160,0,0,1,0,29,2,0,40
7665,7898,745,0,1,1,1,42,1,3,100
7668,7899,1385,4,3,2,3,60,2,1,40
7669,7900,635,0,2,2,0,47,0,2,100
7670,7901,223,4,0,0,0,64,2,4,40
7671,7902,1169,0,0,2,2,41,1,3,40
7672,7903,1311,2,3,0,3,35,0,2,100
7673,7904,69,0,2,0,0,61,0,3,40
7674,7905,91,1,2,2,3,43,0,3,80
7675,7906,564,2,0,2,1,36,1,1,100
7676,7907,1127,3,3,2,2,26,2,1,60
7677,7908,471,2,0,0,1,64,0,1,40
7679,7909,1291,1,2,2,0,43,2,3,40
7680,7910,606,3,3,2,0,21,1,0,40
7681,7911,806,1,0,2,1,25,0,1,60
7682,7912,12,1,0,0,3,29,0,2,60
7683,7913,278,1,0,1,2,46,1,2,80
7684,7914,886,4,3,2,1,41,1,4,100
7685,7915,923,2,1,0,0,32,0,1,60
7686,7916,1309,2,1,0,3,29,0,4,80
7687,7917,929,4,3,1,3,58,1,3,60
7688,7918,809,1,1,1,0,29,2,1,100
7690,7919,328,4,2,2,2,59,2,4,60
7691,7920,142,3,2,1,3,48,1,2,100
7692,7921,208,4,1,2,0,68,0,1,60
7693,7922,1436,1,3,2,3,37,1,0,60
7694,7923,1332,1,2,1,1,44,0,0,40
7695,7924,661,0,3,2,2,69,0,3,40
7696,7925,1134,3,3,0,1,24,2,4,40
7697,7926,769,4,2,0,0,40,1,4,60
7698,7927,1379,4,2,1,1,22,2,3,40
7699,7928,278,1,1,1,3,18,2,1,100
7701,7929,922,2,1,2,1,59,1,0,40
7702,7930,20,1,1,1,0,48,1,1,40
7703,7931,565,3,3,2,0,34,1,0,80
7704,7932,208,2,3,1,1,33,0,2,100
7705,7933,664,2,1,2,2,43,2,2,80
7706,7934,1117,0,2,1,0,66,0,3,60
7707,7935,444,4,2,0,0,42,1,3,40
7708,7936,1177,1,0,0,0,54,1,0,60
7709,7937,1323,1,1,0,0,37,0,2,80
7710,7938,717,3,2,1,2,52,0,4,40
7712,7939,829,4,2,2,2,44,0,3,80
7713,7940,1185,4,1,1,3,25,1,3,40
7714,7941,306,2,1,2,2,30,1,4,100
7715,7942,974,1,0,2,0,55,1,1,80
7716,7943,764,1,0,0,0,50,1,4,40
7717,7944,1139,3,2,0,0,40,0,1,40
7718,7945,776,3,1,0,0,24,1,0,40
7719,7946,1339,1,0,1,1,19,0,2,60
7720,7947,1142,4,3,1,3,62,1,2,40
7721,7948,1095,4,3,2,2,42,2,1,60
7723,7949,302,3,3,0,1,22,2,3,100
7724,7950,1111,0,0,1,0,35,0,4,60
7725,7951,5,1,0,1,3,33,2,3,60
7726,7952,313,0,2,0,0,69,2,4,60
7727,7953,31,0,3,0,0,37,0,2,100
7728,7954,1083,2,3,0,3,47,2,0,100
7729,7955,417,0,1,0,3,38,1,1,100
7730,7956,860,0,2,1,3,65,2,3,100
7731,7957,1088,4,1,0,3,66,1,0,40
7732,7958,885,0,3,2,0,60,1,0,80
7734,7959,283,3,0,0,1,31,1,3,100
7735,7960,1200,3,3,1,3,69,0,3,60
7736,7961,565,0,0,1,1,49,1,4,40
7737,7962,238,3,1,1,3,39,1,2,100
7738,7963,280,3,1,1,2,66,2,2,80
7739,7964,798,3,1,2,3,54,1,1,80
7740,7965,233,4,3,2,3,40,2,1,40
7741,7966,343,0,2,0,0,54,2,2,80
7742,7967,347,1,2,0,1,21,1,4,40
7743,7968,1024,4,2,2,0,43,0,1,100
7745,7969,66,0,0,1,1,49,1,1,80
7746,7970,1059,2,1,1,2,37,2,4,80
7747,7971,114,3,0,1,0,36,2,3,60
7748,7972,316,3,2,1,2,30,2,0,100
7749,7973,624,0,3,0,0,57,0,0,60
7750,7974,38,0,1,0,0,59,2,2,80
7751,7975,609,3,1,0,1,20,2,0,80
7752,7976,644,0,0,1,0,23,0,1,40
7753,7977,895,2,3,1,0,27,2,0,80
7754,7978,724,2,2,2,1,34,2,0,100
7756,7979,1430,1,3,0,1,52,0,1,40
7757,7980,1377,0,2,2,1,56,1,1,60
7758,7981,212,1,3,1,0,22,1,1,40
7759,7982,332,3,0,1,2,65,2,1,100
7760,7983,709,3,3,0,3,23,0,0,40
7761,7984,351,3,3,2,2,39,1,2,40
7762,7985,433,2,3,0,1,57,1,2,60
7763,7986,1240,3,3,1,0,69,2,3,100
7764,7987,958,2,3,0,2,37,0,4,100
7765,7988,124,4,2,0,3,27,1,0,40
7767,7989,689,1,1,2,1,68,2,2,60
7768,7990,379,0,2,2,1,47,2,1,60
7769,7991,509,2,3,1,2,22,2,3,40
7770,7992,1210,2,2,1,2,39,0,3,40
7771,7993,464,2,2,2,3,69,2,1,40
7772,7994,782,0,0,2,0,21,2,3,40
7773,7995,333,0,1,0,3,43,1,0,40
7774,7996,318,1,0,2,3,26,1,4,100
7775,7997,300,1,0,1,2,38,2,3,80
7776,7998,806,0,2,0,0,30,2,2,40
7780,7999,458,2,2,1,3,65,2,1,80
7781,8000,1382,1,1,1,1,51,1,2,80
7782,8001,1287,1,1,0,3,42,0,2,40
7783,8002,691,4,2,2,1,65,1,2,80
7784,8003,1268,4,2,0,3,41,0,0,80
7785,8004,935,2,1,1,3,18,1,4,100
7786,8005,1088,0,1,2,3,68,1,2,100
7787,8006,290,2,3,1,2,57,2,1,100
7788,8007,914,0,0,2,1,24,2,1,80
7789,8008,933,4,1,0,2,69,0,0,80
7791,8009,806,3,0,1,1,69,0,1,100
7792,8010,1119,0,1,1,3,50,2,0,40
7793,8011,766,2,3,1,0,46,2,1,100
7794,8012,832,2,3,0,2,64,0,4,80
7795,8013,106,2,2,1,1,35,0,0,80
7796,8014,1042,2,2,1,3,32,0,3,40
7797,8015,238,1,0,0,0,67,0,3,80
7798,8016,1143,1,2,0,2,29,2,2,40
7799,8017,1002,3,2,0,1,36,1,4,60
7800,8018,1270,0,2,1,2,25,0,0,100
7802,8019,1063,2,1,1,1,19,2,2,60
7803,8020,1244,2,3,2,0,45,0,4,60
7804,8021,421,0,2,2,3,29,0,1,60
7805,8022,261,0,2,0,1,38,1,2,60
7806,8023,131,0,1,0,3,26,2,4,80
7807,8024,98,3,1,2,2,29,2,1,60
7808,8025,491,2,2,2,3,56,1,0,100
7809,8026,149,1,3,1,1,65,1,3,80
7810,8027,531,1,1,0,3,20,1,4,60
7811,8028,1217,4,3,0,3,43,1,4,80
7813,8029,1049,3,1,0,3,25,2,2,100
7814,8030,569,4,3,0,3,41,1,2,60
7815,8031,1276,4,0,2,3,57,0,1,40
7816,8032,734,1,1,2,1,31,0,2,60
7817,8033,1426,2,1,0,1,35,0,4,40
7818,8034,1401,0,2,1,1,52,2,0,100
7819,8035,704,0,1,1,3,39,1,2,40
7820,8036,402,3,3,1,1,33,0,4,100
7821,8037,641,0,2,0,1,37,0,4,80
7822,8038,1356,2,0,1,0,65,0,1,80
7824,8039,805,2,0,2,1,30,1,3,100
7825,8040,1109,4,1,0,1,43,2,0,60
7826,8041,1316,4,1,2,0,36,0,0,100
7827,8042,565,3,2,2,2,58,1,3,60
7828,8043,1003,3,1,0,1,47,2,2,60
7829,8044,1345,3,0,0,1,53,2,4,60
7830,8045,844,0,1,0,2,69,1,4,100
7831,8046,193,4,0,0,0,69,1,1,60
7832,8047,709,3,2,2,0,56,2,0,60
7833,8048,607,1,2,1,0,32,1,0,80
7835,8049,484,4,1,2,0,47,0,3,80
7836,8050,1334,0,1,2,3,54,0,4,40
7837,8051,971,2,3,0,2,48,2,3,60
7838,8052,724,0,3,2,1,67,0,1,60
7839,8053,477,0,0,0,2,21,0,2,60
7840,8054,216,2,2,0,3,66,0,1,40
7841,8055,1428,1,0,0,3,23,0,0,40
7842,8056,1198,0,1,2,0,37,2,1,40
7843,8057,1099,2,1,2,1,60,1,0,100
7844,8058,457,1,2,2,1,45,0,2,100
7846,8059,397,3,0,2,2,25,1,3,80
7847,8060,538,2,2,0,3,66,2,0,100
7848,8061,1354,0,0,2,3,34,2,4,60
7849,8062,1433,4,2,1,2,44,2,3,60
7850,8063,432,1,3,0,1,64,1,2,100
7851,8064,432,4,2,0,2,36,0,1,60
7852,8065,1001,0,3,0,1,55,2,0,60
7853,8066,778,1,1,2,3,25,1,4,40
7854,8067,1184,4,0,1,2,26,0,0,100
7855,8068,586,4,2,2,2,24,1,4,80
7857,8069,337,3,2,1,0,60,2,0,100
7858,8070,857,2,0,0,0,37,1,2,60
7859,8071,327,2,2,1,1,50,2,3,100
7860,8072,1260,2,3,1,2,65,1,2,80
7861,8073,707,3,0,1,1,63,0,0,40
7862,8074,1124,2,2,1,1,64,0,4,60
7863,8075,683,1,2,2,2,47,1,4,80
7864,8076,839,0,3,2,2,49,2,4,40
7865,8077,697,2,3,0,1,29,0,2,60
7866,8078,940,4,1,0,1,56,1,1,60
7868,8079,1414,2,1,2,1,64,1,4,80
7869,8080,255,1,1,0,3,29,0,0,40
7870,8081,1422,1,3,0,0,68,0,4,80
7871,8082,322,3,3,1,1,28,0,1,100
7872,8083,1178,1,2,2,1,26,0,4,100
7873,8084,825,4,0,1,2,31,2,1,40
7874,8085,1009,4,0,1,1,69,0,3,40
7875,8086,675,0,0,0,0,18,2,1,100
7876,8087,211,2,0,1,1,30,2,1,100
7877,8088,1222,0,3,0,2,61,2,1,80
7879,8089,351,3,3,0,3,43,1,1,60
7880,8090,425,0,1,1,3,20,0,0,60
7881,8091,255,3,3,1,2,28,2,0,60
7882,8092,976,2,2,1,2,62,1,1,40
7883,8093,517,4,0,1,3,64,0,4,100
7884,8094,1362,1,0,0,2,36,1,1,80
7885,8095,239,2,1,0,3,48,2,4,40
7886,8096,116,2,3,0,1,31,2,3,80
7887,8097,1315,4,2,1,0,65,0,3,80
7888,8098,1360,3,2,0,2,50,0,0,80
7891,8099,854,3,2,2,1,32,0,0,60
7892,8100,634,2,0,2,2,45,0,2,40
7893,8101,240,4,2,1,1,34,2,1,40
7894,8102,401,2,1,2,2,35,0,2,80
7895,8103,829,2,1,2,1,26,1,4,80
7896,8104,360,4,1,1,3,61,0,4,40
7897,8105,661,3,2,0,2,69,2,1,80
7898,8106,678,1,0,1,2,39,0,4,40
7899,8107,909,4,0,0,2,20,0,3,60
7900,8108,563,3,2,0,2,24,0,2,60
7902,8109,1220,2,1,1,0,46,2,3,80
7903,8110,397,4,0,2,0,64,1,1,40
7904,8111,943,3,2,2,3,58,0,1,40
7905,8112,671,3,2,0,2,51,1,4,60
7906,8113,78,4,3,1,0,21,2,1,80
7907,8114,797,4,1,1,2,26,0,3,100
7908,8115,846,4,0,2,3,40,0,2,80
7909,8116,938,3,3,1,1,66,2,4,40
7910,8117,15,2,0,2,3,38,2,4,80
7911,8118,605,2,1,0,1,59,1,4,100
7913,8119,631,1,0,0,2,54,1,4,60
7914,8120,686,0,0,0,3,32,0,2,60
7915,8121,1181,4,0,0,2,27,2,4,100
7916,8122,661,2,2,1,0,19,2,2,80
7917,8123,1275,2,0,0,1,42,2,3,40
7918,8124,139,3,3,0,1,48,2,1,100
7919,8125,240,4,1,1,2,43,2,4,80
7920,8126,1355,1,3,2,3,43,2,2,80
7921,8127,382,3,1,1,0,56,0,0,80
7922,8128,231,3,3,2,3,27,0,0,100
7924,8129,703,4,0,2,3,64,2,2,80
7925,8130,442,4,1,0,3,38,0,0,100
7926,8131,1051,1,3,2,3,31,0,0,80
7927,8132,321,3,3,0,2,53,1,0,40
7928,8133,206,4,1,0,3,26,2,1,60
7929,8134,79,2,3,1,1,46,1,2,60
7930,8135,351,3,0,0,3,22,2,0,40
7931,8136,164,0,2,0,2,21,2,0,100
7932,8137,991,3,2,1,1,36,0,1,40
7933,8138,1119,0,2,0,0,36,1,1,40
7935,8139,1410,0,0,1,0,23,0,3,80
7936,8140,574,1,3,1,0,60,1,2,100
7937,8141,837,0,3,1,3,62,1,2,60
7938,8142,466,3,2,0,0,55,0,3,40
7939,8143,984,1,0,2,3,49,2,2,40
7940,8144,80,0,2,2,2,41,1,3,60
7941,8145,587,3,1,1,2,23,1,2,80
7942,8146,618,1,1,2,0,24,0,0,100
7943,8147,865,4,1,2,0,45,1,2,60
7944,8148,1353,1,2,2,0,24,0,1,60
7946,8149,445,3,0,0,3,35,0,1,60
7947,8150,1379,1,2,1,3,23,2,1,60
7948,8151,1420,1,3,1,3,64,1,3,80
7949,8152,749,4,3,2,2,52,2,0,80
7950,8153,42,2,2,2,1,63,2,1,100
7951,8154,236,3,2,1,0,65,2,3,100
7952,8155,1324,3,3,2,0,63,1,2,60
7953,8156,711,1,2,0,2,25,2,3,100
7954,8157,1188,2,2,2,0,28,0,1,60
7955,8158,600,1,0,1,0,52,1,3,100
7957,8159,398,1,1,1,1,51,0,3,40
7958,8160,353,0,0,0,0,23,1,4,60
7959,8161,823,4,2,1,3,20,1,4,60
7960,8162,879,3,3,2,3,51,0,0,60
7961,8163,250,3,2,1,0,25,1,0,40
7962,8164,553,1,2,2,2,37,1,1,80
7963,8165,801,4,3,0,3,67,0,4,40
7964,8166,470,1,0,0,1,61,0,4,40
7965,8167,817,4,1,0,1,56,0,1,40
7966,8168,353,3,2,1,1,59,2,0,100
7968,8169,579,1,0,2,0,58,1,2,40
7969,8170,544,0,2,2,3,29,0,4,100
7970,8171,304,3,1,0,1,49,0,4,100
7971,8172,1231,3,3,2,3,53,0,4,100
7972,8173,1210,3,2,0,3,62,1,3,60
7973,8174,1057,1,2,0,1,34,0,0,60
7974,8175,339,1,0,2,3,64,0,4,100
7975,8176,653,3,3,1,3,49,0,4,80
7976,8177,12,0,2,1,3,59,1,3,80
7977,8178,549,4,2,1,0,56,1,4,100
7979,8179,1072,4,3,2,3,69,0,0,40
7980,8180,719,1,1,0,3,32,0,2,100
7981,8181,1064,0,0,1,1,37,1,1,100
7982,8182,813,4,3,2,2,42,0,1,80
7983,8183,717,0,1,2,2,69,0,3,100
7984,8184,769,2,1,0,3,36,2,3,40
7985,8185,344,1,3,2,1,55,1,3,60
7986,8186,392,1,2,0,3,22,0,3,80
7987,8187,135,3,2,2,0,38,1,4,40
7988,8188,347,3,1,2,2,38,0,1,60
7990,8189,665,0,1,1,2,50,2,3,60
7991,8190,181,3,0,0,2,48,2,1,100
7992,8191,1098,3,1,1,0,33,2,2,60
7993,8192,347,4,0,0,1,64,0,4,60
7994,8193,444,2,1,0,3,68,2,4,40
7995,8194,324,1,1,2,0,55,2,1,100
7996,8195,331,0,0,1,2,33,0,0,40
7997,8196,383,3,0,2,0,44,0,0,80
7998,8197,696,2,1,1,1,57,1,3,60
7999,8198,381,4,3,2,3,68,0,3,60
8002,8199,1127,4,3,1,1,29,0,1,100
8003,8200,533,3,1,2,0,31,2,2,100
8004,8201,124,1,0,2,1,56,2,2,40
8005,8202,1319,3,1,1,3,21,0,2,80
8006,8203,212,3,0,1,3,18,0,0,60
8007,8204,495,1,2,0,3,55,1,3,60
8008,8205,1091,1,1,1,0,40,1,0,80
8009,8206,1361,2,2,2,3,53,1,0,80
8010,8207,934,1,2,0,2,31,1,1,60
8011,8208,21,4,2,1,0,41,0,2,80
8013,8209,108,1,3,1,2,42,1,2,60
8014,8210,534,2,0,1,3,51,2,1,40
8015,8211,1168,3,3,1,0,31,2,1,80
8016,8212,1299,2,3,2,3,23,1,4,60
8017,8213,240,0,1,0,3,45,2,0,100
8018,8214,403,1,3,1,1,35,0,1,60
8019,8215,1320,3,0,0,0,68,1,1,80
8020,8216,1407,4,1,2,3,23,0,0,80
8021,8217,867,3,0,2,1,66,1,2,60
8022,8218,375,2,2,0,3,30,0,3,80
8024,8219,177,1,0,0,1,21,0,0,100
8025,8220,813,3,3,2,2,36,0,3,40
8026,8221,260,2,0,1,0,24,1,3,40
8027,8222,1218,4,1,1,3,62,1,3,60
8028,8223,768,3,2,2,2,55,1,0,60
8029,8224,58,4,2,0,0,60,2,3,80
8030,8225,377,4,3,1,2,60,1,4,80
8031,8226,716,4,3,0,0,54,2,2,40
8032,8227,366,2,3,1,0,59,2,0,100
8033,8228,1165,1,0,2,2,59,1,2,80
8035,8229,490,0,2,1,1,38,1,0,40
8036,8230,1388,1,0,2,2,69,1,1,80
8037,8231,1154,2,1,1,0,28,2,1,60
8038,8232,934,2,2,0,0,43,1,3,80
8039,8233,293,4,2,1,1,48,0,2,60
8040,8234,33,2,3,1,0,26,2,4,40
8041,8235,1246,0,1,2,2,27,0,0,100
8042,8236,407,4,0,2,0,27,0,0,40
8043,8237,837,3,1,1,2,19,1,0,40
8044,8238,621,3,2,1,0,30,0,4,60
8046,8239,1229,3,2,1,0,36,1,2,40
8047,8240,472,1,2,1,2,53,0,2,40
8048,8241,1014,4,2,1,2,64,1,1,100
8049,8242,23,2,1,1,1,42,1,4,80
8050,8243,33,1,1,2,0,44,1,0,80
8051,8244,899,2,0,1,1,23,0,4,100
8052,8245,302,3,0,2,1,27,2,2,40
8053,8246,1077,3,3,1,1,48,2,0,40
8054,8247,934,3,2,2,3,35,0,4,100
8055,8248,1073,2,3,1,3,43,0,1,100
8057,8249,538,4,2,0,2,46,0,3,40
8058,8250,154,0,3,1,2,27,1,3,40
8059,8251,1271,4,1,0,3,28,2,1,60
8060,8252,504,1,1,1,0,44,1,0,80
8061,8253,838,4,2,0,3,61,1,0,80
8062,8254,138,0,2,1,0,21,1,0,40
8063,8255,1250,3,3,0,1,47,2,2,40
8064,8256,946,0,3,0,0,69,2,0,60
8065,8257,1082,3,1,1,0,69,0,1,100
8066,8258,175,3,0,1,2,37,2,3,80
8068,8259,872,2,1,2,1,41,0,1,80
8069,8260,821,0,0,1,2,58,0,0,40
8070,8261,1275,4,2,0,0,28,0,3,60
8071,8262,166,2,0,0,0,68,0,3,40
8072,8263,1189,3,1,1,0,45,0,1,80
8073,8264,3,3,2,0,0,41,0,3,100
8074,8265,1176,1,0,1,2,57,2,3,100
8075,8266,843,2,2,1,2,69,0,2,60
8076,8267,325,2,2,0,3,65,2,4,100
8077,8268,320,1,3,0,1,30,2,4,60
8079,8269,1248,2,0,0,3,33,2,1,100
8080,8270,1118,1,0,2,2,64,1,2,80
8081,8271,114,0,2,0,0,66,1,1,80
8082,8272,262,1,3,1,2,23,2,4,40
8083,8273,818,1,2,1,2,39,0,1,40
8084,8274,648,4,1,2,2,56,0,3,80
8085,8275,227,1,0,1,2,34,2,0,40
8086,8276,1121,2,0,2,0,38,0,0,100
8087,8277,1317,0,2,2,2,39,1,0,80
8088,8278,680,1,3,2,0,39,0,0,60
8090,8279,821,4,3,2,0,56,1,2,60
8091,8280,435,4,3,1,1,46,2,0,40
8092,8281,256,4,3,2,0,23,0,2,100
8093,8282,113,4,1,1,0,35,1,3,80
8094,8283,153,3,2,1,2,53,0,2,100
8095,8284,1277,0,3,2,0,36,0,2,40
8096,8285,368,4,3,1,1,35,0,0,60
8097,8286,1004,1,0,0,2,28,1,3,40
8098,8287,651,4,2,2,2,43,0,4,80
8099,8288,291,0,1,0,2,56,0,4,100
8101,8289,504,3,0,2,1,34,2,1,80
8102,8290,631,3,1,0,0,49,2,4,100
8103,8291,561,2,0,1,3,64,0,3,40
8104,8292,889,4,2,0,3,68,1,1,60
8105,8293,348,1,1,2,1,51,1,0,40
8106,8294,1210,2,2,2,3,55,1,2,40
8107,8295,20,1,2,2,2,69,2,1,100
8108,8296,134,2,2,1,1,25,2,0,100
8109,8297,693,1,2,2,3,21,2,3,80
8110,8298,1149,1,0,1,3,55,0,0,100
8113,8299,446,3,2,2,1,48,2,1,40
8114,8300,1207,1,0,2,3,34,0,0,40
8115,8301,521,0,1,1,2,63,2,3,60
8116,8302,798,1,2,1,3,36,1,2,100
8117,8303,12,3,2,0,2,28,1,2,40
8118,8304,1216,2,0,1,2,37,1,3,40
8119,8305,739,4,3,0,2,51,2,1,60
8120,8306,1326,0,0,1,3,56,1,3,100
8121,8307,341,1,2,1,0,23,0,1,80
8122,8308,1135,2,3,2,2,49,1,4,80
8124,8309,1201,1,1,2,1,55,0,1,80
8125,8310,598,1,1,2,3,32,2,1,60
8126,8311,112,1,3,0,1,34,1,2,80
8127,8312,1234,2,2,0,1,26,1,1,100
8128,8313,516,1,2,0,1,32,1,3,60
8129,8314,1049,4,3,1,2,30,2,2,100
8130,8315,779,3,0,1,2,27,2,4,60
8131,8316,1351,4,0,0,2,63,0,3,40
8132,8317,1425,2,3,1,1,21,1,3,40
8133,8318,1186,0,0,0,1,61,2,2,60
8135,8319,931,3,2,2,0,25,1,2,60
8136,8320,1255,1,1,2,1,64,0,1,80
8137,8321,98,0,0,2,3,27,0,1,40
8138,8322,663,4,1,2,2,48,1,1,60
8139,8323,588,1,0,2,0,58,2,0,100
8140,8324,65,1,0,0,3,34,0,3,40
8141,8325,613,3,2,2,3,32,2,4,80
8142,8326,471,3,0,0,3,19,1,0,60
8143,8327,886,2,2,1,2,39,1,0,60
8144,8328,1115,0,2,1,2,53,1,0,60
8146,8329,766,2,1,1,2,57,0,3,40
8147,8330,1086,1,2,0,1,22,2,1,40
8148,8331,1286,4,0,2,1,47,1,1,100
8149,8332,1364,4,3,0,3,39,1,2,40
8150,8333,535,4,3,1,3,48,2,4,100
8151,8334,1051,0,0,2,2,59,0,4,100
8152,8335,996,3,1,0,1,55,0,0,40
8153,8336,430,2,1,0,2,65,2,1,100
8154,8337,905,0,2,1,1,48,2,1,40
8155,8338,626,1,0,0,0,20,0,3,40
8157,8339,1032,1,2,1,1,52,0,4,40
8158,8340,915,4,1,2,1,64,1,4,40
8159,8341,1160,2,0,1,1,38,1,3,80
8160,8342,1174,2,1,0,0,37,1,2,40
8161,8343,744,3,1,1,3,22,2,3,100
8162,8344,1218,2,0,2,0,18,1,3,100
8163,8345,332,4,1,2,2,21,2,2,60
8164,8346,248,3,2,1,1,68,2,3,40
8165,8347,734,1,2,2,3,60,0,0,40
8166,8348,459,3,2,0,0,25,2,4,80
8168,8349,305,4,3,0,0,41,1,4,40
8169,8350,41,0,0,2,0,39,2,3,80
8170,8351,488,1,1,0,3,25,1,1,100
8171,8352,879,2,1,0,0,21,0,1,100
8172,8353,863,1,1,0,3,58,0,0,40
8173,8354,1184,2,2,0,0,24,1,1,80
8174,8355,493,3,1,1,0,18,0,0,80
8175,8356,566,3,3,2,0,43,1,2,80
8176,8357,1218,2,2,2,3,53,0,1,100
8177,8358,1327,3,3,0,0,47,2,0,80
8179,8359,650,4,3,1,0,43,1,0,80
8180,8360,642,1,0,2,0,61,2,1,100
8181,8361,1065,3,3,0,3,64,0,4,60
8182,8362,687,4,2,0,2,69,2,4,40
8183,8363,87,2,2,1,0,60,1,3,80
8184,8364,743,0,3,1,1,42,2,4,80
8185,8365,206,0,3,2,0,28,1,1,80
8186,8366,1275,2,3,0,0,54,0,3,60
8187,8367,162,0,2,2,0,56,2,4,40
8188,8368,837,3,0,2,0,23,0,2,40
8190,8369,827,4,3,1,2,52,2,0,80
8191,8370,82,3,1,1,1,32,0,1,80
8192,8371,966,3,2,0,1,36,1,1,40
8193,8372,638,1,0,0,1,38,1,3,40
8194,8373,163,3,0,1,2,52,1,1,40
8195,8374,1009,3,3,0,1,33,2,4,60
8196,8375,408,0,1,1,3,25,2,4,60
8197,8376,295,0,2,0,2,36,0,2,40
8198,8377,514,3,1,1,1,54,2,2,60
8199,8378,271,0,2,1,2,58,2,1,80
8201,8379,1262,4,2,2,0,29,2,1,100
8202,8380,264,1,1,0,1,36,1,3,100
8203,8381,1220,2,1,0,0,58,0,1,60
8204,8382,882,1,0,2,0,24,2,4,100
8205,8383,504,2,3,0,2,68,1,3,60
8206,8384,872,4,3,1,1,49,0,0,60
8207,8385,1427,3,2,0,3,21,1,3,40
8208,8386,129,4,3,2,1,51,1,4,80
8209,8387,1087,1,2,2,2,26,1,1,60
8210,8388,1258,0,3,1,1,64,0,1,80
8212,8389,1003,3,1,0,2,26,0,3,60
8213,8390,1421,0,3,2,2,60,1,1,40
8214,8391,1354,0,1,1,1,61,0,0,100
8215,8392,868,0,0,0,0,31,1,3,60
8216,8393,967,2,0,0,2,59,2,4,100
8217,8394,1383,2,1,0,2,62,0,0,40
8218,8395,1435,1,1,2,0,27,1,3,80
8219,8396,529,1,1,2,2,23,2,4,60
8220,8397,250,4,1,0,3,67,0,4,40
8221,8398,1004,4,1,1,2,24,0,1,40
8224,8399,65,3,2,1,3,44,0,3,60
8225,8400,1184,2,0,0,3,47,0,4,60
8226,8401,1233,1,3,1,1,48,0,3,100
8227,8402,1230,2,0,2,2,50,1,1,40
8228,8403,982,0,1,1,2,37,0,4,60
8229,8404,203,3,3,1,1,19,2,0,40
8230,8405,519,2,2,1,3,39,0,2,60
8231,8406,1223,2,2,1,3,40,1,3,60
8232,8407,1146,2,1,0,3,66,1,1,60
8233,8408,762,1,2,1,1,27,1,1,60
8235,8409,46,0,1,0,2,67,1,1,40
8236,8410,260,2,1,2,3,56,1,1,60
8237,8411,1078,1,1,2,3,22,1,2,80
8238,8412,546,0,2,2,2,37,1,1,60
8239,8413,15,4,0,0,0,54,1,3,40
8240,8414,978,1,0,1,2,64,1,0,40
8241,8415,151,0,2,0,3,69,0,0,40
8242,8416,1300,1,0,1,0,27,2,3,60
8243,8417,588,1,0,1,2,35,2,4,60
8244,8418,1429,3,0,1,2,63,2,0,100
8246,8419,441,2,2,1,0,61,1,4,60
8247,8420,678,2,3,2,0,19,0,1,40
8248,8421,84,2,3,1,1,47,2,2,100
8249,8422,1323,1,2,2,3,49,1,0,100
8250,8423,1066,3,3,2,2,39,2,2,40
8251,8424,124,3,3,2,2,43,2,1,40
8252,8425,237,4,0,1,2,38,2,1,60
8253,8426,1332,0,1,1,0,65,1,3,40
8254,8427,152,3,3,1,1,49,2,2,60
8255,8428,1398,1,1,1,0,19,2,1,40
8257,8429,250,1,1,0,1,33,0,0,40
8258,8430,476,3,1,2,1,38,2,2,40
8259,8431,668,1,2,1,1,46,1,2,80
8260,8432,111,3,3,2,0,58,0,4,100
8261,8433,211,1,2,1,1,55,0,1,100
8262,8434,1128,3,1,1,1,20,1,2,80
8263,8435,1131,2,3,2,2,24,1,4,40
8264,8436,1372,3,2,2,2,26,2,1,40
8265,8437,1376,3,0,0,1,56,0,4,100
8266,8438,630,4,3,0,2,26,2,3,100
8268,8439,256,3,0,0,0,67,2,1,60
8269,8440,260,1,0,2,2,21,1,0,80
8270,8441,240,1,2,0,0,58,0,4,100
8271,8442,786,3,0,0,0,57,1,2,40
8272,8443,552,1,1,2,1,49,2,3,80
8273,8444,1252,0,3,0,3,50,0,2,100
8274,8445,1398,3,1,1,3,50,1,4,100
8275,8446,518,4,1,0,0,59,1,1,60
8276,8447,759,0,2,0,2,28,1,0,80
8277,8448,1302,4,3,2,3,66,0,4,80
8279,8449,484,0,2,0,2,47,2,1,60
8280,8450,1414,4,1,0,3,22,1,0,100
8281,8451,1358,2,1,1,0,38,1,0,40
8282,8452,740,0,3,0,2,27,0,2,80
8283,8453,1062,1,3,1,1,39,2,1,80
8284,8454,420,3,0,2,2,43,0,1,100
8285,8455,848,0,2,2,0,60,1,0,40
8286,8456,267,3,0,0,1,34,1,3,80
8287,8457,911,1,2,1,1,32,0,1,40
8288,8458,418,0,1,2,1,33,0,2,40
8290,8459,714,2,1,1,0,39,1,0,40
8291,8460,667,1,2,2,2,35,1,1,60
8292,8461,190,3,3,2,1,18,0,1,80
8293,8462,826,4,3,2,1,38,2,2,40
8294,8463,663,2,2,2,0,49,2,3,100
8295,8464,838,2,2,2,3,52,2,4,80
8296,8465,1218,0,1,0,2,56,1,1,60
8297,8466,1360,1,1,1,1,45,2,2,60
8298,8467,919,1,2,1,3,21,1,4,80
8299,8468,391,2,2,1,3,47,0,1,60
8301,8469,1134,2,0,1,3,31,1,2,80
8302,8470,975,2,2,1,2,41,1,2,80
8303,8471,456,4,3,1,1,55,2,4,40
8304,8472,206,3,0,0,3,37,2,0,80
8305,8473,1359,2,2,1,0,35,0,4,100
8306,8474,1144,2,2,1,3,57,1,3,40
8307,8475,1147,2,3,1,0,38,0,1,60
8308,8476,1223,1,2,2,0,67,0,3,60
8309,8477,305,3,2,0,1,42,0,1,60
8310,8478,791,4,2,1,1,31,0,1,40
8312,8479,1229,1,3,1,2,34,1,4,80
8313,8480,689,1,3,0,2,67,2,4,80
8314,8481,634,4,3,0,3,64,0,2,80
8315,8482,836,1,3,2,1,25,1,4,60
8316,8483,285,4,0,0,3,54,0,0,100
8317,8484,1356,3,1,2,2,62,1,1,100
8318,8485,860,2,1,1,3,28,0,2,60
8319,8486,1190,0,0,2,1,54,0,0,40
8320,8487,1028,4,2,2,3,20,2,2,80
8321,8488,301,4,2,0,3,39,1,2,100
8323,8489,1100,2,1,0,2,23,1,1,40
8324,8490,1,3,2,1,2,21,2,2,80
8325,8491,1259,4,2,1,0,33,0,3,100
8326,8492,292,4,0,2,0,61,1,2,60
8327,8493,757,2,0,1,2,49,1,3,80
8328,8494,455,1,0,2,3,51,1,4,80
8329,8495,901,0,3,1,2,21,0,4,60
8330,8496,18,1,0,2,1,25,1,0,40
8331,8497,860,3,2,1,0,40,0,1,80
8332,8498,570,0,3,1,1,19,2,1,40
8335,8499,258,4,1,1,2,29,0,0,80
8336,8500,192,3,2,0,3,68,1,1,60
8337,8501,81,4,2,2,2,40,1,1,60
8338,8502,1384,2,3,2,3,33,1,0,100
8339,8503,1428,3,1,1,0,26,2,3,60
8340,8504,1120,2,2,2,2,51,0,1,60
8341,8505,689,4,1,2,0,39,0,3,80
8342,8506,163,4,0,0,2,21,0,0,80
8343,8507,701,1,2,1,2,51,0,2,40
8344,8508,1315,0,0,2,0,69,0,3,100
8346,8509,1218,4,3,0,0,55,2,2,80
8347,8510,1332,3,2,0,2,50,2,0,40
8348,8511,1242,0,0,1,2,62,1,3,40
8349,8512,1099,0,2,1,2,65,2,3,60
8350,8513,982,3,0,2,1,46,1,0,100
8351,8514,681,1,2,1,0,27,1,0,100
8352,8515,468,2,1,0,2,34,0,4,80
8353,8516,140,2,3,2,2,32,0,0,40
8354,8517,378,4,3,1,0,41,2,4,40
8355,8518,1097,3,3,1,0,46,1,0,40
8357,8519,181,0,3,2,0,36,2,4,40
8358,8520,274,0,2,1,0,52,0,3,80
8359,8521,263,1,2,0,2,50,0,3,40
8360,8522,541,1,1,1,1,44,2,1,100
8361,8523,70,2,2,1,3,49,2,0,60
8362,8524,13,1,1,1,3,66,0,3,60
8363,8525,1221,0,2,2,2,25,2,4,60
8364,8526,806,3,1,0,0,32,0,4,80
8365,8527,1327,0,3,2,2,50,0,2,80
8366,8528,527,4,3,0,1,19,2,0,100
8368,8529,899,1,2,1,1,24,1,4,100
8369,8530,427,3,2,1,1,23,2,3,100
8370,8531,1334,2,2,2,2,22,2,4,100
8371,8532,1087,2,0,0,0,49,2,3,80
8372,8533,943,0,1,1,2,41,2,1,40
8373,8534,715,3,1,1,0,45,0,4,40
8374,8535,1220,1,2,1,1,44,0,3,80
8375,8536,188,2,3,1,3,35,2,4,80
8376,8537,1187,2,3,1,1,38,0,1,40
8377,8538,1160,3,3,2,1,66,0,4,100
8379,8539,626,1,3,1,0,22,0,0,40
8380,8540,1391,3,1,0,0,69,2,4,60
8381,8541,1221,0,1,1,0,34,1,4,40
8382,8542,37,1,3,2,2,53,1,1,80
8383,8543,706,3,1,1,3,63,2,0,40
8384,8544,1228,2,3,1,3,22,1,1,100
8385,8545,923,3,2,0,0,57,2,3,40
8386,8546,48,4,2,2,2,33,0,4,40
8387,8547,391,3,2,2,1,28,2,0,60
8388,8548,1326,2,1,2,2,47,1,4,80
8390,8549,1276,2,0,1,2,52,0,1,100
8391,8550,695,2,3,1,2,33,1,3,100
8392,8551,229,1,2,2,0,68,0,1,60
8393,8552,1070,4,2,2,3,32,1,2,80
8394,8553,311,1,2,2,3,47,0,1,40
8395,8554,278,0,3,1,0,36,0,3,60
8396,8555,565,3,2,0,2,39,2,0,80
8397,8556,54,3,1,2,0,61,0,4,60
8398,8557,392,3,0,1,2,25,1,0,60
8399,8558,624,1,3,1,3,55,1,4,80
8401,8559,388,2,2,2,2,21,0,0,80
8402,8560,1102,1,0,1,2,20,2,3,100
8403,8561,922,1,1,1,2,64,1,0,40
8404,8562,903,3,0,0,3,37,0,1,80
8405,8563,558,4,0,1,3,52,2,2,100
8406,8564,584,3,0,0,1,60,1,4,60
8407,8565,204,3,3,1,0,50,1,3,60
8408,8566,1268,4,3,1,3,51,0,1,80
8409,8567,1106,1,2,0,0,51,0,3,60
8410,8568,1159,1,0,0,0,50,1,0,60
8412,8569,948,0,1,0,1,41,2,0,100
8413,8570,779,3,1,1,3,40,1,4,100
8414,8571,1271,2,1,0,0,65,0,3,80
8415,8572,288,0,0,2,0,66,2,3,60
8416,8573,270,3,2,1,1,56,0,0,100
8417,8574,15,0,2,1,3,64,1,0,80
8418,8575,1129,3,0,1,2,60,0,3,80
8419,8576,109,3,0,2,3,54,2,0,40
8420,8577,1306,2,3,0,2,22,1,1,60
8421,8578,1405,3,2,2,2,24,1,2,100
8423,8579,1426,0,3,1,2,59,0,0,40
8424,8580,1201,4,2,2,0,48,0,3,60
8425,8581,602,2,3,0,0,51,1,3,80
8426,8582,431,4,2,2,1,27,2,4,60
8427,8583,734,0,3,1,2,53,2,3,60
8428,8584,838,4,2,0,0,42,0,4,40
8429,8585,1397,1,2,1,1,58,0,4,60
8430,8586,1010,2,2,0,1,49,2,4,80
8431,8587,202,1,0,1,2,21,1,3,60
8432,8588,1191,3,2,2,3,39,2,1,40
8434,8589,450,2,1,1,1,68,0,1,100
8435,8590,655,4,2,1,1,37,1,0,80
8436,8591,203,1,1,1,2,40,2,3,40
8437,8592,691,2,1,0,0,45,1,3,60
8438,8593,469,2,2,1,1,47,2,2,100
8439,8594,201,0,1,2,1,64,2,0,80
8440,8595,977,0,0,0,3,37,2,4,100
8441,8596,162,1,2,1,2,52,0,1,100
8442,8597,248,0,2,2,3,64,0,4,60
8443,8598,275,1,3,1,2,69,0,2,100
8446,8599,782,3,1,2,0,37,0,3,40
8447,8600,253,2,3,2,0,46,0,2,80
8448,8601,373,1,2,1,3,31,1,3,60
8449,8602,959,4,2,0,3,54,1,4,100
8450,8603,936,4,0,2,0,52,0,4,40
8451,8604,721,2,2,0,2,52,2,2,80
8452,8605,324,4,3,1,2,28,1,2,80
8453,8606,1389,1,1,1,3,32,0,2,80
8454,8607,547,2,2,0,3,38,1,2,40
8455,8608,857,1,2,0,1,18,2,2,100
8457,8609,305,2,1,0,3,69,0,1,40
8458,8610,36,1,0,2,1,67,2,2,60
8459,8611,451,3,3,1,2,23,0,1,80
8460,8612,1208,4,1,0,2,68,2,3,80
8461,8613,1209,4,3,1,3,68,1,4,80
8462,8614,554,4,2,0,2,68,2,0,60
8463,8615,1351,4,2,0,0,34,2,3,40
8464,8616,679,2,1,2,0,30,0,2,100
8465,8617,548,1,2,0,2,33,1,4,100
8466,8618,1204,1,1,1,2,19,1,3,80
8468,8619,485,4,0,2,0,47,0,4,60
8469,8620,1304,3,3,2,2,26,2,0,100
8470,8621,1253,4,1,0,0,33,2,1,60
8471,8622,1214,3,0,1,2,42,2,1,40
8472,8623,298,1,3,0,0,35,2,0,100
8473,8624,899,3,0,1,2,43,1,0,100
8474,8625,122,1,2,2,1,68,1,4,80
8475,8626,112,0,1,2,0,46,2,3,80
8476,8627,1422,0,2,1,3,58,0,3,40
8477,8628,391,2,3,1,0,63,1,1,60
8479,8629,867,3,2,0,0,19,1,0,100
8480,8630,480,1,1,1,2,48,1,3,100
8481,8631,162,3,2,0,3,45,2,1,80
8482,8632,476,0,3,1,2,67,2,0,60
8483,8633,822,3,0,0,2,27,0,4,80
8484,8634,169,1,2,1,2,29,1,4,80
8485,8635,945,3,2,1,3,45,2,1,40
8486,8636,1300,4,2,2,0,41,1,2,40
8487,8637,1415,1,1,0,1,22,1,0,40
8488,8638,334,2,0,1,2,49,0,4,40
8490,8639,1429,1,1,1,2,35,1,0,80
8491,8640,89,3,0,1,2,32,0,2,80
8492,8641,1309,2,0,1,3,64,2,4,80
8493,8642,1010,3,0,0,0,54,1,1,100
8494,8643,164,1,0,2,0,50,0,4,60
8495,8644,165,4,3,2,1,49,2,3,60
8496,8645,92,4,3,2,0,65,0,1,60
8497,8646,425,0,0,2,0,47,2,4,80
8498,8647,1241,4,2,0,0,35,0,2,100
8499,8648,558,2,1,0,2,24,1,3,100
8501,8649,1261,3,3,0,0,24,1,0,100
8502,8650,883,0,1,0,0,37,2,3,60
8503,8651,905,1,2,0,1,20,0,4,100
8504,8652,363,3,2,0,3,23,1,3,60
8505,8653,1405,0,2,1,0,49,1,0,60
8506,8654,1042,2,2,0,0,45,0,0,60
8507,8655,95,1,1,1,1,18,1,2,100
8508,8656,520,2,2,0,0,37,0,1,80
8509,8657,959,3,2,1,1,68,1,3,40
8510,8658,1251,3,2,1,2,66,2,1,100
8512,8659,688,1,1,2,1,48,2,3,100
8513,8660,962,1,0,0,2,29,0,1,80
8514,8661,1125,0,1,2,3,48,2,2,60
8515,8662,1433,2,3,0,2,53,1,4,40
8516,8663,39,0,1,2,0,48,2,3,100
8517,8664,603,3,0,0,1,64,0,4,60
8518,8665,1429,4,2,1,0,60,0,4,80
8519,8666,1231,0,0,1,0,69,1,4,100
8520,8667,1329,4,1,2,2,23,1,4,40
8521,8668,1289,2,2,2,0,34,0,0,80
8523,8669,490,0,1,2,3,62,0,2,40
8524,8670,112,2,0,2,3,54,2,3,100
8525,8671,1307,3,1,2,1,25,2,0,40
8526,8672,142,3,1,1,3,54,0,4,80
8527,8673,996,3,1,0,1,26,1,2,40
8528,8674,365,2,0,0,3,23,1,4,60
8529,8675,466,1,2,1,0,22,2,1,60
8530,8676,260,2,3,2,3,51,2,1,100
8531,8677,267,2,3,1,2,27,1,3,60
8532,8678,632,0,2,0,0,53,0,3,80
8534,8679,348,1,0,2,0,33,0,3,100
8535,8680,1216,1,3,2,1,50,1,0,40
8536,8681,117,1,1,1,0,51,1,2,100
8537,8682,756,2,2,1,0,22,0,3,100
8538,8683,1281,2,0,1,1,19,0,2,100
8539,8684,257,3,0,1,0,48,1,0,80
8540,8685,691,1,3,0,1,66,1,4,40
8541,8686,570,3,3,1,2,44,1,1,40
8542,8687,861,1,0,2,3,69,1,1,40
8543,8688,351,2,2,1,2,28,2,3,80
8545,8689,742,2,1,2,3,43,1,1,40
8546,8690,169,4,2,2,0,49,1,1,60
8547,8691,928,3,0,2,1,52,2,1,80
8548,8692,661,4,1,2,3,44,0,3,100
8549,8693,488,3,1,1,3,24,2,1,80
8550,8694,1238,2,1,2,0,19,0,4,80
8551,8695,1328,0,1,0,3,60,1,0,60
8552,8696,498,3,0,2,0,29,2,1,40
8553,8697,1421,4,3,0,2,68,1,3,80
8554,8698,119,3,2,2,2,66,1,2,80
8557,8699,379,1,1,1,0,34,1,1,40
8558,8700,450,4,0,2,1,51,0,2,40
8559,8701,657,2,0,0,0,34,2,4,80
8560,8702,760,0,1,2,0,33,0,1,80
8561,8703,1392,0,2,1,2,49,2,4,100
8562,8704,866,3,2,0,1,66,1,4,40
8563,8705,1202,3,3,0,1,24,2,2,100
8564,8706,908,0,3,0,0,59,0,4,60
8565,8707,653,2,3,1,2,53,1,3,60
8566,8708,568,3,3,2,3,61,2,2,80
8568,8709,411,3,3,1,2,53,1,4,80
8569,8710,1260,3,1,2,0,28,0,4,100
8570,8711,599,1,3,2,3,38,0,0,80
8571,8712,1123,3,1,1,2,58,2,3,100
8572,8713,364,0,2,0,3,32,2,4,80
8573,8714,546,4,3,0,1,51,1,4,60
8574,8715,1144,4,0,2,3,24,2,1,60
8575,8716,186,1,1,1,2,36,1,4,60
8576,8717,649,4,2,1,1,43,0,3,80
8577,8718,12,2,0,0,3,42,0,2,60
8579,8719,577,4,1,1,3,55,1,2,100
8580,8720,562,1,1,2,2,51,1,0,60
8581,8721,248,1,1,0,0,50,2,2,80
8582,8722,893,0,1,2,1,39,0,4,60
8583,8723,1318,4,1,2,3,20,0,0,80
8584,8724,705,1,1,1,1,55,0,4,80
8585,8725,199,3,2,2,2,31,0,2,80
8586,8726,920,0,1,1,1,58,1,3,40
8587,8727,855,0,3,1,2,26,1,2,80
8588,8728,1005,3,1,0,0,53,0,3,60
8590,8729,727,4,2,2,1,42,0,4,80
8591,8730,1099,2,1,0,2,47,1,4,100
8592,8731,790,2,3,0,3,51,1,2,100
8593,8732,196,0,3,0,2,37,2,0,100
8594,8733,378,1,0,0,0,58,1,4,60
8595,8734,444,2,2,0,3,65,2,2,100
8596,8735,993,4,0,0,2,25,0,1,100
8597,8736,1257,3,1,2,0,55,0,3,80
8598,8737,1209,4,1,1,0,31,0,1,40
8599,8738,408,0,0,2,1,65,0,0,100
8601,8739,811,3,2,1,3,49,2,0,100
8602,8740,863,1,3,1,1,25,2,4,80
8603,8741,1403,2,3,2,0,35,2,0,60
8604,8742,1306,1,3,2,2,65,1,1,80
8605,8743,683,1,2,0,3,57,2,2,80
8606,8744,1002,0,0,2,0,46,0,4,40
8607,8745,1219,0,2,1,2,66,1,3,100
8608,8746,761,1,3,0,0,69,1,1,80
8609,8747,1386,3,3,2,2,28,2,4,100
8610,8748,478,3,0,1,2,54,2,1,40
8612,8749,273,4,3,2,0,62,0,1,40
8613,8750,982,3,3,1,1,24,2,0,60
8614,8751,1207,4,1,1,3,40,2,3,40
8615,8752,1318,0,1,2,1,19,1,0,60
8616,8753,1169,1,1,0,2,49,1,1,60
8617,8754,932,3,2,1,2,47,2,0,80
8618,8755,1206,2,1,0,3,58,0,1,80
8619,8756,650,4,1,2,2,58,1,3,80
8620,8757,731,1,1,2,2,55,2,2,40
8621,8758,1172,4,0,2,3,28,0,1,80
8623,8759,930,3,0,0,2,62,0,0,80
8624,8760,1357,0,3,0,3,29,2,4,60
8625,8761,39,4,3,2,2,27,2,3,80
8626,8762,332,1,3,0,3,51,0,4,100
8627,8763,325,1,2,1,3,51,0,3,80
8628,8764,355,0,3,2,0,62,1,4,100
8629,8765,93,1,2,0,3,56,1,3,60
8630,8766,58,4,0,1,3,50,1,3,40
8631,8767,1410,0,2,2,3,58,2,4,40
8632,8768,749,0,3,0,1,56,0,3,40
8634,8769,711,1,3,0,3,42,0,2,60
8635,8770,695,2,1,0,3,47,2,2,100
8636,8771,1260,1,3,2,1,43,1,4,80
8637,8772,1147,0,2,1,1,53,2,1,100
8638,8773,619,2,2,2,3,57,2,0,80
8639,8774,1309,4,1,0,0,46,1,1,100
8640,8775,740,2,1,1,1,59,1,0,40
8641,8776,430,4,3,2,0,68,2,4,80
8642,8777,188,0,2,1,2,24,1,0,40
8643,8778,1286,4,0,0,3,44,1,0,40
8645,8779,1276,3,3,1,3,49,0,1,100
8646,8780,564,0,2,0,3,26,0,4,60
8647,8781,835,4,1,1,2,63,0,3,40
8648,8782,1085,0,3,2,2,51,2,2,100
8649,8783,315,3,2,2,2,55,0,2,80
8650,8784,234,1,1,2,0,39,1,4,60
8651,8785,28,2,0,1,0,26,0,1,80
8652,8786,937,4,0,2,0,59,2,4,40
8653,8787,563,0,0,2,0,44,0,0,100
8654,8788,34,0,2,0,0,44,2,3,40
8656,8789,178,1,0,1,3,53,0,3,60
8657,8790,592,3,1,1,0,67,2,0,80
8658,8791,716,0,0,2,2,63,2,4,80
8659,8792,1083,4,0,2,0,44,1,1,80
8660,8793,445,0,0,2,2,28,2,1,80
8661,8794,962,1,1,2,2,68,0,3,60
8662,8795,1160,4,0,0,3,28,0,3,100
8663,8796,1000,2,2,1,2,68,1,4,60
8664,8797,247,4,1,2,2,24,1,1,40
8665,8798,440,0,1,2,1,68,2,3,60
8668,8799,543,4,3,2,3,46,1,2,100
8669,8800,1008,1,1,0,2,50,0,1,80
8670,8801,1008,0,3,1,2,38,0,4,40
8671,8802,1342,0,1,1,3,25,1,4,100
8672,8803,816,4,3,0,3,40,2,2,100
8673,8804,1041,3,0,2,0,63,0,1,100
8674,8805,812,0,1,0,3,44,1,2,100
8675,8806,45,0,2,0,1,65,1,4,40
8676,8807,424,2,1,0,3,45,1,0,100
8677,8808,1300,3,1,0,1,48,1,1,60
8679,8809,115,4,2,2,1,49,1,1,100
8680,8810,711,2,2,2,3,30,0,4,40
8681,8811,1051,1,3,1,0,42,2,4,80
8682,8812,1430,2,1,0,2,53,1,0,100
8683,8813,595,2,1,2,0,20,2,0,60
8684,8814,816,3,1,1,3,51,1,0,100
8685,8815,122,2,3,2,0,54,2,0,100
8686,8816,122,2,3,2,1,30,1,3,40
8687,8817,323,2,0,1,1,23,0,4,100
8688,8818,694,4,0,0,0,33,0,2,40
8690,8819,1302,1,2,1,3,62,2,1,60
8691,8820,133,0,0,1,2,65,1,4,80
8692,8821,185,2,2,2,2,24,0,1,60
8693,8822,1081,3,1,2,3,33,0,1,40
8694,8823,907,4,3,0,0,29,1,4,60
8695,8824,1332,3,2,1,2,19,0,3,40
8696,8825,314,3,3,2,1,30,2,0,40
8697,8826,1159,2,3,0,1,56,1,3,40
8698,8827,326,4,1,1,2,56,1,0,80
8699,8828,816,1,1,2,1,66,1,2,60
8701,8829,1264,2,0,0,1,26,2,1,80
8702,8830,1267,0,1,0,3,49,0,1,60
8703,8831,820,2,1,0,0,54,2,4,60
8704,8832,976,4,2,1,1,35,2,2,100
8705,8833,231,4,1,2,3,30,0,4,100
8706,8834,791,1,0,0,1,33,0,2,80
8707,8835,1378,3,3,2,2,33,2,3,60
8708,8836,661,2,3,2,2,49,1,3,40
8709,8837,292,3,3,2,1,33,2,3,40
8710,8838,780,1,0,1,3,36,1,3,100
8712,8839,816,0,1,1,1,31,1,1,40
8713,8840,413,2,1,1,3,66,0,1,40
8714,8841,1015,0,2,2,0,54,0,2,80
8715,8842,1153,4,3,2,1,42,2,3,40
8716,8843,951,0,1,0,2,45,1,3,80
8717,8844,658,2,0,0,0,50,1,4,80
8718,8845,395,0,3,0,1,59,1,4,60
8719,8846,748,4,0,2,3,67,1,1,40
8720,8847,399,3,3,1,0,41,0,4,60
8721,8848,547,4,1,0,0,46,2,1,60
8723,8849,1307,0,1,0,3,41,0,1,60
8724,8850,454,1,1,0,2,57,0,4,60
8725,8851,144,2,0,0,3,27,2,0,100
8726,8852,1134,2,0,1,1,63,2,1,80
8727,8853,54,3,2,0,2,35,2,2,80
8728,8854,618,3,2,2,0,61,2,1,100
8729,8855,828,0,0,0,0,20,1,0,60
8730,8856,1097,1,3,1,3,35,2,0,40
8731,8857,805,2,2,2,3,31,2,1,100
8732,8858,629,4,1,2,3,69,1,2,40
8734,8859,1234,1,3,0,2,24,1,2,80
8735,8860,1197,3,0,2,1,20,1,0,40
8736,8861,1056,3,3,1,0,64,0,1,80
8737,8862,1197,0,0,0,3,60,0,1,40
8738,8863,191,4,0,0,1,60,1,3,40
8739,8864,596,2,0,1,1,69,1,3,40
8740,8865,353,4,0,0,3,22,0,3,100
8741,8866,1096,0,3,0,2,31,0,2,80
8742,8867,1075,4,0,2,0,47,2,1,80
8743,8868,809,2,0,2,1,64,2,2,80
8745,8869,1098,4,3,2,3,67,1,1,40
8746,8870,1133,0,1,0,1,48,0,3,80
8747,8871,551,2,3,2,3,23,1,4,60
8748,8872,740,0,0,0,0,55,0,2,60
8749,8873,1375,1,2,1,3,53,2,4,100
8750,8874,1212,4,0,0,3,21,1,2,40
8751,8875,596,2,2,2,3,50,0,0,40
8752,8876,828,2,2,2,3,60,1,2,100
8753,8877,811,0,1,2,3,28,0,3,40
8754,8878,1432,0,1,2,1,44,1,3,80
8756,8879,405,0,1,2,0,64,1,3,100
8757,8880,1293,2,2,2,0,32,0,1,40
8758,8881,1140,4,3,0,3,67,0,0,80
8759,8882,857,4,1,2,2,28,0,3,40
8760,8883,866,3,2,2,1,32,2,4,80
8761,8884,1381,1,0,1,1,21,1,0,40
8762,8885,300,0,2,0,3,39,1,1,80
8763,8886,1222,3,3,0,3,26,1,4,40
8764,8887,268,4,1,2,0,30,1,0,40
8765,8888,1251,0,0,1,1,64,0,1,80
8767,8889,894,3,3,1,0,66,1,4,100
8768,8890,977,2,1,1,1,53,1,4,100
8769,8891,1002,4,0,1,0,40,1,0,40
8770,8892,1375,3,0,1,3,67,2,1,80
8771,8893,426,0,0,2,2,64,1,2,100
8772,8894,678,1,2,0,3,28,1,1,60
8773,8895,759,4,3,1,1,57,0,3,40
8774,8896,1337,3,0,2,1,54,0,0,80
8775,8897,523,3,3,1,0,26,0,0,40
8776,8898,760,3,2,1,2,67,0,2,100
8779,8899,292,3,0,1,3,60,2,1,60
8780,8900,203,1,1,0,1,60,1,4,60
8781,8901,707,1,3,1,3,39,0,2,40
8782,8902,442,4,2,2,0,46,0,3,60
8783,8903,1383,2,3,0,2,41,0,0,60
8784,8904,1011,1,1,0,3,19,1,0,40
8785,8905,1339,4,0,0,0,34,0,2,80
8786,8906,153,1,0,2,2,30,0,4,80
8787,8907,398,1,3,0,3,55,0,2,60
8788,8908,621,4,2,1,1,46,1,1,80
8790,8909,1211,3,2,0,2,40,0,3,100
8791,8910,615,0,1,2,2,22,1,1,100
8792,8911,841,4,3,1,0,39,2,2,100
8793,8912,1287,0,0,0,0,64,0,4,60
8794,8913,1377,3,1,0,2,52,1,3,40
8795,8914,157,2,1,1,2,67,1,2,80
8796,8915,1197,4,0,2,1,51,2,2,60
8797,8916,667,2,3,1,0,24,1,3,80
8798,8917,1353,4,0,1,0,30,1,1,40
8799,8918,376,3,1,1,1,32,0,0,80
8801,8919,966,4,2,0,1,60,2,0,40
8802,8920,97,3,1,0,1,61,1,3,60
8803,8921,268,3,1,0,2,35,0,3,100
8804,8922,1084,0,2,1,1,42,2,2,100
8805,8923,685,3,1,1,1,31,2,2,60
8806,8924,644,1,0,1,1,35,2,2,40
8807,8925,1165,3,1,1,2,53,0,1,100
8808,8926,660,0,1,1,1,45,1,0,100
8809,8927,1410,0,1,0,2,50,1,0,80
8810,8928,132,0,1,1,0,32,1,0,100
8812,8929,233,3,2,1,1,65,1,4,100
8813,8930,59,0,0,2,0,49,1,1,60
8814,8931,632,2,1,2,1,67,2,4,80
8815,8932,862,1,0,1,0,51,2,2,60
8816,8933,525,4,3,0,1,45,1,0,60
8817,8934,305,4,1,1,2,69,1,1,100
8818,8935,300,0,0,1,2,23,2,2,60
8819,8936,1423,4,1,0,0,53,1,0,40
8820,8937,849,1,3,0,1,62,2,0,60
8821,8938,78,3,1,2,3,44,2,3,40
8823,8939,197,1,3,2,0,20,2,3,80
8824,8940,698,4,2,2,2,67,2,2,100
8825,8941,311,1,1,2,1,46,2,1,100
8826,8942,1396,2,0,2,1,33,1,3,40
8827,8943,414,2,0,2,1,56,2,4,60
8828,8944,1088,0,0,0,0,51,0,3,100
8829,8945,657,0,0,2,0,47,2,0,40
8830,8946,328,3,3,2,1,47,1,3,40
8831,8947,870,3,3,0,1,57,2,1,80
8832,8948,494,4,0,1,0,31,2,3,40
8834,8949,791,3,0,2,1,35,0,3,80
8835,8950,7,0,1,1,1,51,1,2,60
8836,8951,785,4,1,0,2,45,2,4,100
8837,8952,1370,1,1,0,2,38,1,1,60
8838,8953,659,4,3,1,1,32,2,2,40
8839,8954,784,4,1,0,2,63,2,0,40
8840,8955,1219,4,3,0,2,59,0,3,40
8841,8956,1017,3,0,2,2,20,0,2,80
8842,8957,210,2,1,1,3,18,0,2,60
8843,8958,1391,1,2,2,3,27,1,4,100
8845,8959,1251,3,1,2,3,38,1,4,100
8846,8960,422,1,3,2,2,51,0,1,60
8847,8961,748,3,0,1,1,48,0,0,60
8848,8962,1099,3,3,0,1,58,1,0,100
8849,8963,896,1,1,2,3,38,2,0,40
8850,8964,374,1,0,2,2,47,0,3,80
8851,8965,523,4,1,1,2,56,0,2,40
8852,8966,1112,2,1,1,0,57,1,0,100
8853,8967,1330,0,3,0,2,68,2,2,60
8854,8968,515,2,3,1,2,65,0,4,60
8856,8969,628,3,3,1,1,32,1,1,40
8857,8970,1229,2,3,1,0,25,2,3,80
8858,8971,1085,0,0,2,3,45,2,3,60
8859,8972,18,1,2,1,1,45,2,2,60
8860,8973,358,3,2,1,1,58,2,0,40
8861,8974,1148,3,3,0,3,20,1,0,100
8862,8975,1238,3,0,2,2,60,2,1,40
8863,8976,1131,4,1,0,0,30,1,1,100
8864,8977,1207,4,1,0,1,45,1,0,100
8865,8978,1318,3,1,2,3,27,2,0,40
8867,8979,731,4,0,2,2,54,2,2,80
8868,8980,1266,4,2,0,0,38,2,4,100
8869,8981,316,1,0,1,1,57,0,2,80
8870,8982,346,1,1,1,2,57,1,2,100
8871,8983,547,0,1,1,2,66,1,0,40
8872,8984,305,4,0,2,3,24,2,2,60
8873,8985,1166,1,1,0,2,45,2,2,80
8874,8986,251,3,3,2,0,33,2,0,60
8875,8987,730,2,2,1,2,39,1,0,100
8876,8988,3,2,1,1,3,68,0,3,100
8878,8989,1182,4,1,2,2,39,2,4,60
8879,8990,755,0,1,2,3,49,2,3,80
8880,8991,1312,4,0,1,3,31,2,1,40
8881,8992,1099,3,3,2,3,22,0,3,80
8882,8993,1280,3,2,0,1,23,1,3,60
8883,8994,717,1,3,0,2,36,0,4,60
8884,8995,145,1,0,1,3,47,0,1,60
8885,8996,35,4,1,2,1,53,0,2,100
8886,8997,576,4,0,1,2,49,2,4,100
8887,8998,406,0,1,2,2,35,1,1,60
8891,8999,380,2,2,1,3,65,2,3,40
8892,9000,94,4,1,0,2,52,1,1,40
8893,9001,469,3,0,0,0,39,2,3,100
8894,9002,844,3,0,0,2,22,2,1,100
8895,9003,609,0,2,1,0,30,2,4,100
8896,9004,1379,1,0,2,2,42,2,3,100
8897,9005,1352,3,2,2,1,39,0,4,80
8898,9006,927,0,0,0,3,63,0,0,60
8899,9007,1245,3,0,0,0,29,2,3,60
8900,9008,354,0,0,2,3,19,0,4,60
8902,9009,483,4,0,2,0,22,2,1,100
8903,9010,1250,2,3,1,3,31,2,2,100
8904,9011,445,3,1,2,1,64,0,3,80
8905,9012,494,1,1,0,1,40,1,2,40
8906,9013,118,4,3,1,1,39,0,3,80
8907,9014,104,3,2,1,2,44,2,2,40
8908,9015,288,3,0,1,0,45,1,3,80
8909,9016,213,1,0,0,1,38,0,4,60
8910,9017,683,4,0,0,3,26,0,4,40
8911,9018,1043,4,3,1,0,40,2,4,100
8913,9019,1304,2,2,2,0,68,0,1,80
8914,9020,892,4,1,1,3,59,2,2,80
8915,9021,353,3,0,0,3,44,1,3,40
8916,9022,1353,4,0,2,1,26,1,2,40
8917,9023,1227,3,0,1,2,50,1,1,80
8918,9024,635,1,0,0,0,18,1,2,100
8919,9025,227,4,2,2,0,39,1,2,100
8920,9026,1211,1,1,2,3,69,1,0,100
8921,9027,143,4,3,1,0,45,2,4,60
8922,9028,632,0,0,1,0,39,1,2,100
8924,9029,355,2,1,0,1,41,2,3,100
8925,9030,748,1,2,1,0,40,1,0,60
8926,9031,692,0,1,0,2,35,1,3,80
8927,9032,703,2,2,2,1,67,2,4,80
8928,9033,17,2,3,0,1,67,0,0,40
8929,9034,16,2,3,0,0,64,0,3,100
8930,9035,274,3,3,2,1,44,0,3,80
8931,9036,127,2,1,2,0,59,1,2,100
8932,9037,1109,2,1,0,0,47,0,4,40
8933,9038,523,0,3,1,0,24,2,4,80
8935,9039,481,3,0,0,0,46,1,3,60
8936,9040,511,0,2,0,1,49,1,2,100
8937,9041,871,2,1,2,2,47,1,1,100
8938,9042,556,4,3,2,2,24,1,4,40
8939,9043,597,1,0,0,2,33,2,2,100
8940,9044,396,0,2,1,0,67,2,1,80
8941,9045,233,3,3,1,3,68,1,0,40
8942,9046,673,4,1,0,1,25,2,3,40
8943,9047,661,0,1,2,3,46,0,0,100
8944,9048,864,2,1,2,0,31,0,0,100
8946,9049,831,0,0,2,0,56,2,3,80
8947,9050,605,0,2,1,2,52,1,4,60
8948,9051,1322,4,3,0,1,31,1,2,60
8949,9052,1163,4,3,1,3,57,0,3,40
8950,9053,1186,0,1,0,1,68,0,1,100
8951,9054,175,3,1,1,1,39,2,3,100
8952,9055,1281,0,0,1,0,29,2,0,40
8953,9056,290,1,0,2,2,28,1,0,60
8954,9057,1387,1,3,1,1,48,0,4,60
8955,9058,1239,0,3,2,3,54,2,2,80
8957,9059,202,1,1,0,1,51,0,0,80
8958,9060,360,4,2,0,3,27,0,0,100
8959,9061,452,2,0,0,1,24,2,2,60
8960,9062,114,4,2,2,2,39,2,4,40
8961,9063,804,0,2,2,0,29,1,0,100
8962,9064,1072,3,2,1,0,60,1,2,40
8963,9065,809,3,0,1,0,53,0,2,100
8964,9066,67,0,2,2,0,32,1,1,80
8965,9067,1282,3,2,2,1,51,0,3,40
8966,9068,270,1,0,2,1,36,1,4,80
8968,9069,1249,4,2,0,3,45,0,3,40
8969,9070,561,3,1,1,2,18,1,0,40
8970,9071,1045,2,3,2,3,56,0,4,60
8971,9072,1301,0,2,2,3,46,2,4,80
8972,9073,1364,2,0,0,3,62,0,1,60
8973,9074,274,0,3,0,0,24,1,3,100
8974,9075,763,1,2,0,1,57,0,0,60
8975,9076,460,2,2,0,3,34,1,1,100
8976,9077,160,1,3,2,1,45,0,0,100
8977,9078,65,3,0,0,3,31,2,3,60
8979,9079,286,2,3,2,3,62,2,1,40
8980,9080,1157,4,3,0,1,48,1,3,40
8981,9081,165,3,1,0,2,28,2,2,100
8982,9082,427,3,2,0,1,55,1,2,80
8983,9083,865,2,3,2,2,54,2,3,40
8984,9084,918,3,1,0,0,22,1,3,40
8985,9085,1284,3,0,1,1,55,0,2,60
8986,9086,1344,2,3,1,3,48,1,3,100
8987,9087,1194,1,3,1,1,36,2,0,60
8988,9088,1385,4,1,0,0,34,2,2,40
8990,9089,219,4,1,1,3,29,1,1,100
8991,9090,649,3,2,2,3,53,2,1,40
8992,9091,244,1,3,1,1,22,2,0,80
8993,9092,351,1,2,0,0,43,1,4,100
8994,9093,40,3,2,0,1,66,1,0,100
8995,9094,1393,1,3,0,2,43,1,3,40
8996,9095,685,4,1,0,0,21,0,1,60
8997,9096,411,1,3,2,0,40,0,0,80
8998,9097,177,2,2,1,1,69,1,4,80
8999,9098,1131,1,0,2,1,60,1,2,100
9002,9099,390,3,3,0,0,19,1,4,100
9003,9100,1374,2,2,0,1,35,0,3,60
9004,9101,548,3,0,2,3,48,0,0,40
9005,9102,358,3,3,2,1,35,0,4,100
9006,9103,218,0,2,2,2,52,1,4,100
9007,9104,383,3,0,2,1,31,2,0,60
9008,9105,580,3,2,2,2,50,0,3,80
9009,9106,1342,3,3,2,2,42,1,2,60
9010,9107,1062,2,1,1,1,28,2,2,100
9011,9108,366,4,1,1,3,24,2,0,100
9013,9109,664,4,1,2,3,58,0,3,80
9014,9110,674,4,1,1,2,69,1,2,80
9015,9111,1006,1,2,1,1,53,2,4,100
9016,9112,26,4,3,1,0,20,1,4,60
9017,9113,891,1,3,1,1,59,0,3,60
9018,9114,1309,4,1,1,3,37,0,0,100
9019,9115,371,4,1,0,0,69,2,1,40
9020,9116,351,0,2,1,1,60,0,3,80
9021,9117,1409,2,0,1,2,68,0,3,80
9022,9118,651,2,0,1,3,67,2,0,100
9024,9119,1282,1,0,1,0,38,1,3,100
9025,9120,1119,0,3,2,1,56,2,0,40
9026,9121,599,0,3,1,0,35,0,1,80
9027,9122,655,0,0,2,3,40,1,1,60
9028,9123,38,1,3,0,1,26,2,2,40
9029,9124,1179,3,2,0,1,18,1,1,60
9030,9125,593,3,3,2,0,59,2,2,100
9031,9126,557,1,2,0,3,27,0,4,80
9032,9127,1003,0,0,1,2,67,0,2,60
9033,9128,203,2,2,0,2,46,2,3,60
9035,9129,1295,4,0,2,1,61,2,3,60
9036,9130,1073,3,3,2,1,63,1,0,60
